session_id,friction_label
609e2a07-4fdb-42a7-a749-d23e3fe65fa9,no_friction
314e3467-03da-41d5-84db-3e604c7c33bc,no_friction
667b5582-5fa5-4477-a296-8f0377afc79c,poor_recommendations
555c4c63-fb9d-4e06-bc2b-82a4fc1e341e,price_shock
2d5a93b4-37a0-4acc-a8c5-6d2551135fdd,payment_failure
c11e0589-eb89-47cb-b93b-5a3263846190,unclear_product_info
40eaa2fd-f91e-4fac-83dc-258cae8cf625,poor_recommendations
71bca049-c55d-424e-8ed2-6a7eb0ecd114,payment_failure
02e6003d-d3c1-44cc-96a6-c803bd010f2e,price_shock
c7123c43-e0ae-4c89-b6b3-e7589c3d38f0,no_friction
eced67cb-45af-4975-ba37-6f6a62c874f2,no_friction
3b1e5b6a-680a-49bc-b8b3-4ab3bc76a344,price_shock
ad010ad1-0250-4ad2-8ab1-df0fbfcf7f8f,no_friction
83cdb7bc-e822-4d1f-abcc-87fa04b98769,unclear_product_info
0f7f8511-f23e-4766-8504-f7b0665cd55c,poor_recommendations
75c73d68-9880-43d0-a832-894516e9844a,poor_recommendations
0d59668d-e25f-4a98-855a-76720df7bbaa,no_friction
92bcc1e2-9a0b-4c86-886c-3cba7fc8de22,no_friction
9d133f6a-6aa8-4e47-a6ea-99c87b48845c,unclear_product_info
571be9dc-459f-43aa-992a-693d8cef5ccb,unclear_product_info
68014a86-67ae-4de5-8b57-a95216586e59,post_purchase_anxiety
158ad7e0-002b-442b-af0a-6789db009b82,delivery_uncertainty
49855bb1-5174-4110-883b-15f3fa743eb2,unclear_product_info
3994cb38-77af-4eec-91c0-6144bb66ba38,poor_recommendations
71400828-5739-44ce-98d5-3d908375f9ea,no_friction
cfb9021d-3fb5-4140-ac2e-b99718835a2b,no_friction
c5265483-d24d-4c34-af2f-aba2cadda675,no_friction
18730ca4-77fc-4b6d-b673-c23e6e4421b5,payment_failure
fcff3981-c16f-4825-a87c-fd29f3e7a1c0,post_purchase_anxiety
ed4047b7-0841-42e5-82a0-3d6b0130494c,no_friction
0daf26dd-ada1-4c21-a51e-9be10eef05f1,delivery_uncertainty
a3b4b791-f496-4c41-bb75-4d6bbfe6ca14,unclear_product_info
39fb924a-f6a6-4732-b599-c67b0ac60f27,unclear_product_info
8b2c990a-6c3a-48f0-9be6-757c52c17f6e,no_friction
bf6f344b-b903-4df9-9473-ad642a6479a2,poor_recommendations
24912f76-2d6b-4ba2-a8e1-b44e808e1f36,no_friction
7406d245-c4c0-46d7-9445-578d5a3b8d37,price_shock
2d7ea39d-2edd-4fea-973d-7b518a23990b,no_friction
cd080be8-0375-41dd-b21c-ffff39cca5b4,no_friction
91fed58b-25c3-4ac7-b87e-a7d1225d5a18,unclear_product_info
e72c5df4-97fb-493f-b336-fb09497eeee4,no_friction
683158d8-e600-49c0-9de9-eb3ef26a6caf,no_friction
9262eaa6-be0b-4d89-bbf3-21b295781693,no_friction
dcd239fd-94a0-450b-abf0-6125f2da6407,price_shock
89ee3ee0-818a-43a0-a4c7-c161e3908d50,payment_failure
9750da78-82d5-4966-a96b-86f1785c5679,poor_recommendations
fee2ba64-1c10-4161-8911-9e06e8cb19e6,payment_failure
1a289548-8496-4649-89a5-9c5a1a70b372,no_friction
58de27df-d7fe-4c48-ae30-935bdd94abaa,post_purchase_anxiety
a15ac9de-dcb7-41fd-a9cc-b4bccea274e6,no_friction
2ca404e5-26b3-4a89-8ebf-b802022ac57a,no_friction
39a0f334-16fe-4ce7-8692-c9e5074981ba,no_friction
592662a2-d172-4b48-b530-bd2cbf847508,no_friction
14543f93-3f4b-416a-b54c-ea4d19f44c17,payment_failure
ed1d83dc-93fb-441b-93bb-f95dcab750ab,no_friction
d53de26e-def9-4116-9aef-f6fb70579bd3,unclear_product_info
17d0e377-62bb-4a6e-87c9-edc6caad3470,payment_failure
77c88c30-d613-4f5a-acaa-a8669d766be2,post_purchase_anxiety
fd881351-5628-4b7a-a0df-e1100d820251,post_purchase_anxiety
3aabcd36-d70d-478d-bfea-9a0d4e37a265,unclear_product_info
5a55e2a2-848a-4cbd-86d7-c431bf09ab4a,no_friction
c5e32c51-5812-4d0c-a6f3-69e1441cf139,unclear_product_info
5a1e2f1a-9d10-47d6-adf4-d89cfd14ba05,price_shock
15daf850-3811-4936-a8d8-1fbbca6b32c3,no_friction
38e8465e-f7a0-4e1e-8260-08be696d1df9,no_friction
a172cf9f-fe5e-4793-9981-3a25a8bf8bef,no_friction
1fd50fd4-53f6-45f7-b0b0-1ba7c193b90f,payment_failure
e702f365-c814-4d13-9522-faf8fe117775,poor_recommendations
345f35b7-fed3-4376-862d-b67b15f78fab,no_friction
1a235f3c-b11a-4edf-b136-78a6b962346a,price_shock
663d37d1-d073-4fde-aa49-cb6cd4f58703,no_friction
50faaa68-c4a1-4c1d-b2dd-1140b8223786,no_friction
51652b37-0bcd-41fd-bdcf-1821b17e1459,unclear_product_info
02944e36-1f25-4da0-9bf5-bec0dcd35d5b,delivery_uncertainty
4a800027-8999-4d54-a680-8e03507e2af6,no_friction
14d7caef-f74b-42e7-bdf0-0b969c2f20ca,no_friction
51a679b2-3e14-4db4-adea-076286937a3f,no_friction
68315b34-b097-415b-b878-aee9eb4d82a7,poor_recommendations
eeff15b8-ef09-4e39-9d72-eed6964a3912,no_friction
6b658493-5ec9-45e5-9145-d3b339f91ffc,no_friction
15dff211-454b-4790-89af-bdb88ab5593b,no_friction
bb5dd20d-1c9d-4930-987e-ae43d7fb95a6,no_friction
401edfdb-eb77-4c37-b974-7e77de70570d,payment_failure
8fe5fa60-8a56-460b-a028-96f2d8a6eaa6,post_purchase_anxiety
5ced65cc-984c-475f-89cb-498f1328697e,price_shock
6677e99d-fe2f-40cd-a2d9-9a6de1d88e4e,delivery_uncertainty
d7a06266-1cc0-485d-a931-82bfe82aed46,no_friction
6a7eee19-1be7-446b-acad-86671eb96cc0,no_friction
7b7d5365-cbfe-4bf4-9997-6565c20c7699,poor_recommendations
b5d92815-0c9f-4f75-9c62-37a03d57159d,no_friction
8c038fe4-6e59-48a1-b9d6-c852017ab318,payment_failure
c062e6c0-ef1f-4f77-b0b7-97ca5575c84b,post_purchase_anxiety
4b7833e7-9cef-4c94-8429-c5bfada223df,price_shock
ce3be30d-ce30-4d7f-8f9d-6d570dc64503,post_purchase_anxiety
2af84760-a948-428a-bdbf-a933d210df21,unclear_product_info
67be8741-f88b-4121-9055-cc9b433dff0a,poor_recommendations
dd3708ed-1acd-475d-9bb9-e793a7994967,poor_recommendations
6519485e-df2c-49b1-b14c-4094554e03cc,poor_recommendations
0de155ec-11a1-43fb-bdbc-1bec8edb4804,payment_failure
5973c8e5-dc2f-4827-8016-315e081e9328,unclear_product_info
3f8a6eef-ded9-4fe1-9ade-6ca6f6a187a4,no_friction
6ddeb2a0-429f-44aa-b398-95d1a78d9925,poor_recommendations
f6008a59-4f1f-4352-8181-0d4315e33a93,payment_failure
641a72f4-25d0-44bf-8ec8-d923c7faad7e,no_friction
6deb5cab-115e-4ffc-ad1e-3472b5c95157,price_shock
eb13f248-362c-400f-bbc1-51a1fb930fd8,no_friction
9ee51043-77f0-4dfb-ae8c-f532e6ab6748,no_friction
68c24951-fc40-473e-9093-2599fb952789,payment_failure
1642d277-29c3-402a-8139-5046982445b3,payment_failure
a5b28f60-62bf-4c59-a18f-1e4771c33cb6,delivery_uncertainty
0be1fca4-d293-4ddd-801f-f11ff30d2981,payment_failure
56621a8b-60c0-46f0-97c2-0f3085204856,no_friction
51d068b4-135a-4f1a-8072-8c6b6d83801f,payment_failure
cfa68611-240d-4bcf-a668-dc1b93a8c78b,price_shock
ae34dc3a-04c2-4f96-b5c9-c556eca28073,no_friction
72cc3137-ff6d-4e1f-8ae8-0fd8f80ca0e1,no_friction
7e9d24cb-73f6-4243-bd00-886626a4da66,price_shock
a15c9c14-9699-4f27-a4c5-b0fe4bd77be5,no_friction
248936a4-f25c-4596-b4ea-26ad555350f9,unclear_product_info
725382dc-4b15-48b8-ab3a-fc766c2becb6,unclear_product_info
5687d2c7-f8bb-45ea-87d3-8385c051c721,delivery_uncertainty
d8ebc084-ce82-49c1-8c05-2e12421486a1,no_friction
3419a3ac-4349-4bc3-bfc8-16ec7a28108f,unclear_product_info
0f637f69-aeef-49b1-a69f-8b83b9ebf11b,no_friction
07b79e17-3ff8-4fd7-9c4e-84c3394b9df5,post_purchase_anxiety
e9dd3a77-59d5-4a22-8857-9658f24690a7,no_friction
555ed03b-e5ce-4b30-8f5e-2d3fbf7ee44b,post_purchase_anxiety
debace05-daba-40e1-ade0-b1f5f4a4e720,no_friction
bd3d5cd3-dfb5-4b32-b62b-ccfea992f6e0,payment_failure
ae4e86be-8167-4319-966e-de7a9508d8bf,no_friction
d1785f48-bbb9-40ca-8a19-942fd0cd2273,no_friction
0abbbc68-6595-453b-8c9b-735ea5d90d06,price_shock
ad82b621-8d18-46c8-bb53-c3e3dd1f311c,poor_recommendations
fe62baeb-8276-4bd3-8fcf-26836925ae98,payment_failure
ef978e6b-caf0-43fc-9819-b16e93909892,unclear_product_info
341454bc-80d1-4030-94dd-1645d825c0f5,unclear_product_info
03c6548c-6dd3-4d8a-ab10-9fb88885e5a6,delivery_uncertainty
b867ee2a-b02b-4ff8-8ee0-b51f49566155,payment_failure
6e8a8951-1fe1-430c-9655-d96a48fca4f8,no_friction
1f206562-e2fc-4591-a37a-b072a4d92956,post_purchase_anxiety
d36d018b-8347-494f-889b-c82340106596,payment_failure
aa36763f-be98-4024-a636-7dc4fbb96117,delivery_uncertainty
1dd90acb-cb02-46c0-8230-6ec6109ffade,delivery_uncertainty
05b1a7ad-fca4-4c58-921d-b8cbab1c2a1d,no_friction
4f189557-35fd-483f-bccf-97c39ea2da48,no_friction
35deab4b-6af6-4b60-aab3-bf1c8138bdd6,no_friction
97ce495a-27ee-4b0a-abe4-02caa5e71a9d,payment_failure
b5952658-dd6b-4637-9bf1-c53377cbde14,poor_recommendations
dd6808ca-a845-4137-af1e-d71e84f9519a,price_shock
fa088856-a98a-484a-a1fd-deca4a25d758,no_friction
51e0920c-3446-4193-93e7-f54492f88541,payment_failure
4f2ab04a-1c36-44a3-b04f-3a9c3d052643,poor_recommendations
13420c72-b8ef-4e65-8758-eb3df2402f61,no_friction
abb4f4cb-7f8a-4308-8d9c-a227044d1514,no_friction
6b5b1ed5-1091-4010-95cf-c09b6b81c631,poor_recommendations
2dfe6b0c-0934-4e31-9d93-3620c441b1d6,no_friction
89596448-2af7-4bc1-8906-e25f49b88226,price_shock
7d4f0d9e-a4a0-471c-9643-d917f1a06da0,no_friction
4ddacd20-f0fd-4756-a420-7e7735f39ad2,payment_failure
b6cbd00d-b5e7-4266-aea4-25dabb292574,payment_failure
fd6d1ad0-b52a-4d2e-a1b3-0e7513842288,no_friction
349907d1-458a-420b-85bb-bff17887adec,no_friction
d2cb8fdb-da1a-418a-a7c1-8ea434c232ab,no_friction
b625c373-0124-45c9-a22e-306528f798fb,post_purchase_anxiety
14fdb5b1-fe42-4bdb-a77b-156ad8228457,delivery_uncertainty
5dd720cc-5e79-4f8e-ae9f-7cf28be51def,payment_failure
fe9fd86b-82ea-4527-a4ce-6189ce49fadf,no_friction
7ee7e0b0-02b4-4881-9dbc-2dbf5538c342,no_friction
b9a4f09f-9d11-4427-b2fc-44cbb6d9da87,delivery_uncertainty
32a99c69-78e8-4f10-ab5e-39370cc42339,price_shock
9007be2e-8be1-4d0c-89cc-4bc20ad014c4,no_friction
9de88006-501c-40ca-ae08-a6a5b66935a7,payment_failure
03e5d9ef-6873-478d-adfa-1b4e2608223b,poor_recommendations
5cf38b20-db18-4da5-9c47-daaa62c8bb31,unclear_product_info
0afaa13d-aa31-481b-98b5-50e0a03136ad,price_shock
9bd9fcdd-e301-4579-804d-73daeb6d8fed,price_shock
c52429ed-62b2-4200-abff-c0f34da81bee,delivery_uncertainty
44bf9fb9-058e-4902-9bf8-302614fc7b47,no_friction
5b389b19-03c2-4a14-8bac-fa0b155f24b2,delivery_uncertainty
5f28aa23-a4b7-42fd-8cb5-539dcb4ebf6f,no_friction
691d298e-a8d4-4792-9f16-47fe98fd8715,post_purchase_anxiety
1c512a29-596b-481e-b678-938334a330cc,delivery_uncertainty
eadc9c0e-243f-4e92-a09b-b6cf9656850b,payment_failure
b2e8c1bf-dab7-476d-a46b-12b22c08deb1,no_friction
7c18a82c-c5db-4fba-b990-a449da49ecc3,unclear_product_info
8fd9a573-86c1-416f-b2f1-f8440688bd20,no_friction
13cdfc88-69a6-47bd-adc8-8cc025040c4a,post_purchase_anxiety
bb733b36-1bc9-4aba-982f-b9a4a1bc18e6,payment_failure
dc909e9b-c8be-4b67-8458-8588b8651d4d,payment_failure
e3f3aa68-ac4e-4b97-86aa-1ab9ace638ac,no_friction
a84ddbb3-6f36-4ac1-b972-21403bb2f53f,delivery_uncertainty
c7f53cf4-dc39-4b39-960a-e36a1013241e,no_friction
03b85951-eb2e-4255-9735-e9a95383b466,no_friction
146aecaf-8510-4ff5-bdf5-42ac079b6f55,post_purchase_anxiety
a808050d-94da-4ee2-9b3f-49af186b0f19,post_purchase_anxiety
f271cb3b-8578-49b7-b1a9-e8017ea05796,unclear_product_info
297d69cd-444f-4561-839b-52e7e4c8bc46,delivery_uncertainty
06527a72-e471-4ae5-bc20-70a296cefae2,no_friction
9d8358a6-b66b-47ba-9aa2-cf8439948ffa,no_friction
f6f6a405-aae7-4da0-8c46-a00680e9e18b,no_friction
e44cbe17-201d-4b16-937a-01c3046a6ea0,payment_failure
1e98e238-13dd-4b56-8e1b-a85e5f4dbd11,poor_recommendations
56da445e-ad42-4ef8-a671-dc0b2a4c5d68,no_friction
3157d4c4-7cd6-4e1d-90e1-d9a7bffba248,payment_failure
87b1b301-d6f2-4282-a6bd-417a93e3bd38,price_shock
cfa8805b-b414-4ad0-ab9a-2bd639dde474,no_friction
41dd4e53-6253-40f7-a35c-8920302118ac,unclear_product_info
cecc6229-ae1a-4d8d-b24a-f06a5d9ba845,delivery_uncertainty
7db2b11b-102f-48fd-816f-31d24ff6f6ca,delivery_uncertainty
12f3aecc-a6f8-4c27-9054-0a90fc1a9335,delivery_uncertainty
434a724d-3ee3-4bac-8197-b92d09e1f623,no_friction
3668dfc1-5326-43f4-a9b6-a1f8178cf0e2,price_shock
bd6edefe-9a62-4341-bf97-6dc2b2e66ddc,no_friction
42fde883-a0c2-40de-89c3-9201d84a137a,delivery_uncertainty
8541517d-e8bd-4ce9-bf82-df24d8ae5660,payment_failure
fde6ffa8-1c57-4a37-b7c4-670a59da130a,no_friction
418b4fab-1b01-4c1b-93ed-91e55acc7ef2,delivery_uncertainty
99051f4a-9bf2-4681-bad9-bd8a867f994f,no_friction
d9bfa80f-388d-4112-a1f3-282216c40851,price_shock
b29943cd-7a77-4bf4-9eb6-e4a5f95aed6c,no_friction
d502a3fe-3e12-4e7a-b6ed-bc21b9404c9a,no_friction
5ed4485b-9384-429d-abef-8818652f218e,payment_failure
687b9631-c5f4-4780-b831-45ce904f1814,no_friction
7879db30-216d-4c45-8b57-390581eb0792,post_purchase_anxiety
6acff5e6-9c2f-476d-8d5f-eda2f25dfa60,no_friction
12241952-e08b-495d-80e3-d1f0e4e96dbd,unclear_product_info
7f9b65d3-b0d1-465c-8cb5-14b2547735b6,post_purchase_anxiety
c43cf6ee-71bb-410d-8552-dce2b8939ee6,poor_recommendations
5bc01daa-3c9e-46fb-820e-fb3cbd7c85ab,no_friction
c346b84c-d664-4461-81a6-80b473c1829a,no_friction
bb27265c-8278-4ec4-bda7-161cceb6be4f,price_shock
e3608387-a4cb-41d2-be7c-3ef48ba03de3,delivery_uncertainty
164ab5b7-2e74-48a1-b4b3-bba76afa103a,no_friction
8b692b2f-ba03-4326-b3fc-0b9fcf5a9008,unclear_product_info
47b53a3d-7ed6-49ad-ac06-7148a74ba919,unclear_product_info
8f69fa3b-e8cc-4d1b-b2a7-0dc45e629759,unclear_product_info
02e7aa5e-2b25-4ddb-ba8e-6611e4496676,no_friction
ee50e32d-5e7a-4eee-be8d-3a239df8c503,no_friction
73f0f94f-f04e-4dea-8b66-061ca2c83c68,post_purchase_anxiety
209a834c-84c8-4619-ac2d-9e4e1bb14d49,no_friction
df5d67d2-4e84-4122-a2ec-bb8bca7b6da5,payment_failure
8dec132e-8647-4019-8e9a-a082b6406509,no_friction
5dbcbf76-60d1-42db-87df-3d7aef5a30d8,post_purchase_anxiety
6fd36f39-f2c5-4852-8aec-b0f0a9be7a3d,poor_recommendations
f786abb6-91d6-4d8d-8f43-221a66df5eba,payment_failure
85124f4b-4648-4c8f-80c8-d12875864dca,payment_failure
0642864f-197a-4ff9-85dc-ab56362d9228,price_shock
844f2967-b8b6-4349-8dd3-9ea9249a4146,poor_recommendations
0bc96a99-9061-44d3-a099-0ef936fc64ee,unclear_product_info
b0bc2ec3-49c1-4c16-b93c-353570c8426f,no_friction
ac6d5309-a5a9-4370-a682-8487dc9bf3b9,no_friction
f07c3f82-04da-4673-ab77-e4b1f3d16eb6,no_friction
b9b2656d-9a26-4bc5-ac57-431311bf88ab,unclear_product_info
24a32ab0-7e83-4a2b-8b93-874afa56b75c,unclear_product_info
2beeb333-d71a-4c04-87e6-d05ae5343286,no_friction
4e5beac7-a7dc-41a2-9bc2-a553c87a68d4,no_friction
e6eb4d37-c248-4f83-819f-0f5f7b9f8c1f,post_purchase_anxiety
3f93f663-4c3d-4a9b-99f4-e153c63cf4c8,post_purchase_anxiety
eb1b3a86-ba40-411a-b745-cb8f8020b0f1,no_friction
970290d6-7e05-4c8b-986c-6e1ec8949a09,no_friction
ee2ce7b0-dfe9-4e89-a316-a3c485a238f2,no_friction
72c2826a-79d7-4cf5-a37d-c95ec55a9d2a,no_friction
5d957402-dd21-4b4b-8d28-7dfac1b9268d,unclear_product_info
68e720c6-63d1-48af-bf77-3ed0b99afdbb,delivery_uncertainty
dfeb8644-6130-4444-974e-5dd16e627ca2,no_friction
152a9180-eaaa-441f-8014-9c8fea855eb9,no_friction
babde498-79f9-4149-89aa-6cfd92e8ff62,poor_recommendations
97f08d13-2045-4173-9cbf-4a2c3ae4e192,no_friction
9c7c35f8-a981-4f79-9662-962ea2419f88,unclear_product_info
3a071a47-ecc6-4c46-a194-e5726c7dc1cc,payment_failure
0cd14a3b-fa1c-4bc5-a8dd-ea3ac4292ab9,price_shock
fa2ac857-08a7-467d-9650-f79f152434bd,delivery_uncertainty
bdd2e8e3-8df0-453f-a35b-4a3d6e90f75f,no_friction
d0255d81-e945-4f33-b3c5-850b4c5721a1,no_friction
d09bf4cd-a67a-48d6-8eaa-fe768463b319,unclear_product_info
304e5dd5-71bd-4c84-98f2-49b15da2103f,poor_recommendations
8262e0bf-2a99-4beb-b576-e3e9979832fb,poor_recommendations
4107dc25-c768-4561-a0e4-c580311acb43,post_purchase_anxiety
1230b707-3fd6-4257-a551-c3fa660a75fc,no_friction
5e6fcc0d-fa6b-43e3-8e30-98da57ca840a,price_shock
1451ffe2-6b02-433f-a417-4cdfdadb7cab,no_friction
6739b2a0-a194-4112-a5f9-3493b869305d,no_friction
c478014e-e3f9-46a1-8311-20684d829df7,no_friction
ce2a4342-ca46-456c-9997-8fbe555dfe75,payment_failure
cf326332-3164-45be-a3ce-3730f2833e58,no_friction
1064a4e8-231a-4e1d-8d13-869865ec1b28,payment_failure
e46d576b-2d81-4346-bdb5-b2c7f561dc5c,no_friction
9cd06b70-34d9-4509-966b-bf805c6e5c1e,price_shock
e9f7dccb-9002-42d1-b526-47ebb334c884,no_friction
b88b9bdb-8721-4d5d-bce1-e560b4b45071,no_friction
ad8a7916-d05d-44de-8c03-5a6a6f09ce94,no_friction
318921f0-2a33-42c0-9d21-4509aee39dff,unclear_product_info
5d28036b-44d6-4ce9-9278-5b8bb57bab59,poor_recommendations
8b9e3cbc-e607-46d2-a099-cfa6a69d273a,no_friction
7cec3493-1f9e-468b-ba48-93f0b5cc75b8,post_purchase_anxiety
e0b7e03c-c1a1-4105-8d8a-787099e448ed,no_friction
299897ef-dcfa-4ff1-8d3c-d68cab767f0b,poor_recommendations
06c12bbf-b2a6-430d-b359-e084cf41bb1e,no_friction
20cfe473-46b1-4813-acf0-5e6d7c087fbf,no_friction
4e2cc001-14bf-4b46-ac34-8c81557c69b7,no_friction
6688efcc-06f0-44b4-ad4e-670b0311232c,poor_recommendations
b0777f9d-603e-47a0-9b67-a64e8d28b925,no_friction
d8f5b346-f443-4a39-8cf3-0b073343a968,no_friction
eaaf2f55-5511-44ee-8993-3da15d64ecab,poor_recommendations
99ee2c1c-334d-4d9f-a0e0-382928526724,poor_recommendations
23a537bf-0b60-4478-aafe-f9f42b1a866d,post_purchase_anxiety
bb43e644-6729-4834-8fc4-1856539cb3ea,no_friction
e32c59c1-2015-4635-a6f4-ef2968c03615,post_purchase_anxiety
4bdc7f1f-f3d4-4909-be12-e58c01d14668,poor_recommendations
f4748587-f8bf-476f-a5e9-e6a596160a19,delivery_uncertainty
8ae752d6-e774-4b59-ba56-19c2f7545ef1,poor_recommendations
e6e17c48-735c-449d-be68-73945d238049,payment_failure
a87cac6f-bfd0-4f71-972d-7416c97f2e07,no_friction
70a31ac9-9d21-47c5-90d3-7227f7af170f,unclear_product_info
32689397-d6c2-4a76-bc26-2b147a350d60,no_friction
1d3f7406-0f3c-46ff-877c-3be0e12c3dc7,unclear_product_info
9b4fce3a-a39a-4320-81fc-074e67312c14,no_friction
8f106f09-1855-4028-9df2-d0242838d9e4,no_friction
408ebc73-0560-483a-ac78-588784f53db5,unclear_product_info
edc8f7a2-79b7-4851-9201-bd15ae0eb228,delivery_uncertainty
0fff96f6-4226-444d-8a54-5d03a94ec222,no_friction
90e6e59e-62a4-4042-9d97-e751f4aa428e,poor_recommendations
a91bee70-1fd5-434e-ac92-9a31cbf184dc,no_friction
959ea2cc-062e-4101-a3a6-f6251442a07a,no_friction
3a6d66d9-70c5-4004-9326-f62df801361f,no_friction
60b592c0-2bc0-45b6-a7de-42bc2dc00ebc,no_friction
2efd3615-8e8f-4c97-b4f6-6f18f1de972e,poor_recommendations
6df318e5-6cde-49cb-b9a9-7df046a997b4,no_friction
ab6f9de4-3354-471a-8779-e2fc3fbaa6c2,poor_recommendations
2017fd38-8cf8-4cdb-9e51-f0f14fd6150b,no_friction
359d6f88-4b30-4b44-979f-8c5875b502f9,no_friction
fa0b1b2d-797f-43e1-b39d-054a4ab68605,post_purchase_anxiety
df05b4fb-a5f3-4987-abc3-7db2eddb3402,payment_failure
1c6d861f-782b-40e2-8950-c693ed295451,unclear_product_info
c65c8d71-0776-4e88-b42a-b1963ead4a7e,no_friction
75345e9f-91b5-4925-b14e-568c7d0d8df2,no_friction
cfa26be2-5a90-4ca1-855a-f4e2150a275a,post_purchase_anxiety
324b1dd9-ee13-4b63-95de-cebd397075af,no_friction
3b86544b-d8dc-416c-bcfb-ab8ba602122a,poor_recommendations
fe882849-dcfe-4221-8340-04a88516565e,unclear_product_info
f35bab7e-449a-4d35-b608-5b79abd8b9a7,no_friction
db4888ab-8d7f-41cc-9bb9-fe342924bb16,unclear_product_info
008bf013-6c2d-46fd-a519-9119b61160c7,delivery_uncertainty
a061f231-4d82-4b9c-8723-6230f3d18dae,unclear_product_info
85027bd7-d2bd-4f21-89ba-316f38945eaa,no_friction
f6f43686-0da0-4f86-9988-a351e05834cd,no_friction
20f24904-1d32-4470-b18f-430fc67ae2be,no_friction
fbb63187-3c18-448e-a0f6-0f34f7e73549,poor_recommendations
9a07a287-ca51-4584-ae02-7ed1a3be6a60,price_shock
e017340b-a007-43b1-9a9d-ef06f492d42f,payment_failure
2d26d13a-1f7f-4e34-b60f-b7377c192d9d,poor_recommendations
ae62f85e-ea82-4ffd-bda7-70440c2d7573,post_purchase_anxiety
1d9de2ec-ce80-4947-9f0e-cf2a32da462f,payment_failure
0c89c599-60c0-48ef-bce9-c051a56581c0,post_purchase_anxiety
4352ecea-6872-4b32-b0e3-541792970a83,payment_failure
05dc07ec-f85c-4e89-a625-26898a04a483,poor_recommendations
ed007315-ef3e-4eb5-a9dd-8c3a9a923360,no_friction
b04b8a28-9a90-44b5-a0ee-7e3465839c39,unclear_product_info
295f5fab-0b55-46cf-912d-22b4ae43c806,poor_recommendations
abe69c3b-758f-4992-81e1-3359e20701ba,no_friction
5c5dec9d-1b97-40ef-bfd6-b1df1ff05953,delivery_uncertainty
ca567442-e81f-4166-9a96-d17efa93b5a9,no_friction
a3c9c205-db26-4aa9-8900-ee0155ddaf5c,price_shock
68cfcd21-38ec-44cc-8104-4eca74a1f4e7,poor_recommendations
aad8e87f-d3db-4607-97ca-6aeebe600b97,poor_recommendations
e68c83ea-db2f-4593-ace6-e87abb85e628,price_shock
73d0c659-d5c0-467c-84fc-3373d87f5af9,no_friction
1f7f40cc-2db5-4468-9970-51a84856ef93,no_friction
545b5ea2-ebf5-47f5-862a-07db5379234d,unclear_product_info
3bc12da7-f0b4-41bc-9a80-e675905d347e,no_friction
3735a8ff-8948-46f6-977e-a7fcc8b6b72a,unclear_product_info
1b90e211-7a21-401a-9755-033c19022f40,no_friction
3dcbe87a-e0fe-4006-b80e-ebafaa56eca0,no_friction
e32d173d-9e3d-4a2e-bf51-836be17f06e7,no_friction
bdcbfb96-0608-4820-812d-1a9e57e3fc16,no_friction
aba5e7f5-1f56-46de-971e-051311119163,payment_failure
62e434c5-5c00-4165-94ea-aa333d55f9a6,no_friction
bd84a7d9-21f9-4525-8a00-7a16dcbae4e7,poor_recommendations
985aee97-c0e5-4039-8196-a59d8eb59d3c,no_friction
9cf7036a-d0a3-4c8a-832f-36e8abd3222e,unclear_product_info
2000413f-cf43-4609-9c72-5f5baa43b891,no_friction
2c2e0c59-5bb6-45b2-823b-08a533e025ac,poor_recommendations
4bff384f-d321-491e-abb3-80cdd0d68b3a,post_purchase_anxiety
660db554-9404-4635-b438-9b3957bdacbd,price_shock
c3bde571-3373-4d3d-9b7d-3471e9fd440c,price_shock
2199d94a-a900-4855-adec-ad0ce8961e57,no_friction
104d0ccd-73a6-4d55-ba75-f870caa65267,no_friction
b18dd666-3b41-403d-8897-c2a740dadc71,no_friction
c3b50f50-2705-4a1f-971b-b59f16b089f3,no_friction
f2de5814-ae70-4f31-9921-58853e528659,payment_failure
8bb88400-13ef-4415-8003-517de9d19fbf,delivery_uncertainty
42abf1c2-562d-4c9e-8f6e-b2bbdbd3a138,no_friction
b54de8fd-cd28-448e-8979-41a9652c4b64,poor_recommendations
8cf46272-6eb6-4c10-930d-45e05df75d9f,no_friction
b7451395-e516-4ded-923f-3a952e2a7b09,no_friction
538fcd48-5e7c-4c53-b90a-87143be5e50b,no_friction
8ae90d55-8c40-4ece-8ef0-4ccd2d15f7cd,delivery_uncertainty
c7a12353-367a-4e28-8378-7e924d180af6,poor_recommendations
9a187e38-ceb6-4fce-a783-66d6eceb523b,no_friction
0e117943-af6b-4ae6-94cc-f402f6ffad42,post_purchase_anxiety
e4610829-5402-4a1c-8445-38c0288b42c0,no_friction
302964c5-452f-46d6-94f3-6c651896e308,no_friction
3d57cf75-f4a0-4c09-ad9e-91aab8b73250,delivery_uncertainty
b79fe6dd-3643-45ff-9bf4-091c45c67034,delivery_uncertainty
fb8e6caa-a088-41f2-932c-243a3e92c81e,delivery_uncertainty
2b917d5a-38a8-4296-b48c-1a5f4575da9c,no_friction
6e700e70-9541-47e5-9c94-efc126416d19,post_purchase_anxiety
7f201c3b-aa5e-448d-b164-abeef66f68a9,unclear_product_info
4d5828e8-4754-4e77-ab65-b16ae3833069,poor_recommendations
bfdad496-e341-4d6c-a692-6bfa3035be2a,unclear_product_info
b5704c08-e410-499f-8690-03b0e22622a4,post_purchase_anxiety
61e72817-0a79-4219-9272-ebda15908c51,no_friction
768b0702-ae47-4e95-8a3a-f3518e4424ed,post_purchase_anxiety
c74d1677-485a-4970-bc5c-02308ba54861,no_friction
0a0d8ce2-0034-4e72-978e-d30232a081f1,unclear_product_info
8c2520ad-596a-4909-86aa-0b13467f47d3,poor_recommendations
5ef73f70-0778-484a-9bc8-95cd0c599a7e,post_purchase_anxiety
e34d8deb-724e-405d-9cf1-f652907e106c,price_shock
efdda93e-0f5b-498d-92f2-43f5e48e7255,no_friction
d9b56a3d-a1b0-4e0b-a908-2e1179d51607,price_shock
7c5abe10-6a6b-4142-add2-dbe0fa6d9ced,no_friction
67dbc432-6dee-4360-ab4b-b5a20b1571eb,delivery_uncertainty
3a0c2083-e81b-4215-ab57-0dc87a5b6207,no_friction
03aa8a76-0c67-495b-a01c-765164ae1556,price_shock
b047cb42-7dcf-465f-a0be-a0ff059766cd,price_shock
f25fc649-2883-4223-9b61-a6062b83ec3b,unclear_product_info
c70cf9f4-d5eb-4922-ba7c-a8bf5b76b46e,no_friction
f0cefc5d-e3b1-4a58-87d0-e56fc774e5b9,price_shock
4a116065-0acc-42bc-a58a-5991022e126e,delivery_uncertainty
f30a97c5-aa92-4d2d-a5e6-856abcbb107c,payment_failure
6e93c4fa-08e7-467c-9d59-740595d96342,no_friction
35e6d3b1-ffe1-4ca5-a87c-4df865da6267,no_friction
0737a7a7-3658-46fa-b562-6edf6ac266a1,unclear_product_info
6520fa20-2f23-49c3-b4c3-2da7beac72b7,post_purchase_anxiety
ee04ba1a-4863-4811-92fa-c5712104cb1f,no_friction
6e5396de-4060-4288-904d-ad5418a4730b,price_shock
babfc6a6-a242-4ca4-9a48-d84bf33b5682,no_friction
d86bf4a0-2e6b-4ee5-8bf1-6f25d28b8dc9,payment_failure
470c8b09-b60b-4cff-8515-498c7010e951,unclear_product_info
8d74fe31-7f14-41bf-8cf0-ce39a74fd21b,post_purchase_anxiety
44719238-f769-4878-8449-b2f5aafc7b84,payment_failure
c3547b90-a05d-4101-a79d-44e7e1fe9734,unclear_product_info
2b9a5447-0e39-48be-9e87-f7f76a408331,delivery_uncertainty
b28a8a1d-37a8-4a56-b1f7-47d1be381dd9,payment_failure
3e279f08-0e4d-44f6-972e-5a4ceda60ed1,no_friction
5da42d05-75f2-4fdb-8e95-567db0b78575,price_shock
f6a55f28-84af-430c-9c19-e42d4b72b329,no_friction
36bd06db-3fb6-4cc2-b3b7-1534923c8656,no_friction
340cbb0a-185d-4b51-a669-924996ccb255,no_friction
09898f41-3c74-47ad-bf5b-84328cefa475,post_purchase_anxiety
e76f39ef-b916-477c-a442-0ddcf02d993f,no_friction
ee0a54ab-c8c5-47b5-81ee-ec1008a80250,unclear_product_info
29765989-cf01-421a-848e-cc7068ffb895,price_shock
714feead-c1bc-4e2a-b78b-50adc940b4c6,poor_recommendations
f10a389b-b323-4d38-ab92-c2d71e15a559,no_friction
860a32c6-9d89-4dad-b35a-76777f7095f3,no_friction
395f7beb-4fc2-4c65-bf23-62f1a02d42d8,payment_failure
e758ae23-1733-4a8e-bd16-f61be6dbfeb3,no_friction
54c085cc-7c65-440f-9b9e-a1b6be35e6be,payment_failure
f6894951-0f06-4711-9052-2580d0b3aedf,unclear_product_info
8a7daee7-7406-4d7c-acd3-16faf96a5121,no_friction
80be6d3a-419c-4d12-8ebb-c50bfb022831,payment_failure
3a0c7c2c-5087-46e8-bb5a-14ab3cfb2ff3,no_friction
1c139729-4c2e-4534-84ef-7890899a6504,no_friction
4f149c41-36be-4a75-9804-4bb61b7d064b,price_shock
6a2e4326-6bb3-4053-b9cd-9f3183de1b6e,poor_recommendations
87b539a8-7b70-4ee9-80cb-6dbf436f6a6c,delivery_uncertainty
9b558267-92b5-47eb-8c10-e6e6fd710190,no_friction
55cfcd7d-fa0f-427f-8db9-24c4299dbae0,post_purchase_anxiety
1dd01d6d-738b-457c-98bf-c4ca575e7996,no_friction
82338ffa-16d7-497d-ab6a-ac81aa40f1af,no_friction
8d5907bb-1177-4523-8687-c73f39ccf07d,post_purchase_anxiety
22a9ee63-999f-48af-8aa3-006eeb8eb465,price_shock
12d2801f-8520-4255-95f1-e52f6312e67a,payment_failure
b68a9867-a4f4-4618-b590-f8667affc53c,no_friction
e0689669-a922-4063-821e-51e270ef541a,unclear_product_info
bade2b7a-d9e8-47f0-8ffc-2df778ff4788,no_friction
ab1c6d59-1c0a-4808-adf1-6723918cf98f,no_friction
647fcad6-8fa1-4d3d-a3e8-657c515caa70,no_friction
80cb6166-3de3-4c13-a2cb-4062fb1aa298,delivery_uncertainty
9c9fd788-0a49-469b-9e5b-cc6767837d53,no_friction
7cdba1a0-3e52-4fa1-9816-86f14c5146c1,unclear_product_info
5d95174f-46a4-456a-b7a6-cc094ddf761f,poor_recommendations
7f1ac4b6-3a36-4355-8724-1f7a5bb1ed2d,no_friction
808d5069-1730-439d-aab0-b265e6ecf06c,no_friction
bd76c47b-0d6f-4ae7-978f-20d536a926c7,no_friction
61b2affe-2ccd-4f2f-8181-9f8c9da61baa,no_friction
86ea35f3-2152-4203-b7da-3d9bc34c1e79,no_friction
d853b99a-e9b5-41bb-b643-6dcd4064a295,unclear_product_info
6dadf531-63ff-4d94-9e11-6cb6cf96973b,delivery_uncertainty
a69436a0-568b-4a40-9503-237f9f7bc2f5,poor_recommendations
502d1338-43fb-40a4-bfb1-f5c23c720f20,no_friction
1803dadc-289a-4c56-a3fd-1a0ef824b2b7,delivery_uncertainty
f7669df3-76e4-4d3e-95a0-b03281d2553b,poor_recommendations
577984f9-8190-4f60-bd93-f8ef1240ccba,price_shock
1382bc43-5534-4d79-b309-a909e02f01a5,post_purchase_anxiety
65279b58-dc58-4434-b0c5-8842037613ad,post_purchase_anxiety
a63bac31-7982-4ee4-b38e-5ac95cb8ad8a,post_purchase_anxiety
78df8399-c5e2-4fbb-b78c-fe47b1db53c5,post_purchase_anxiety
79dac28f-67fe-44fb-bece-2aa68951d0ba,unclear_product_info
cc5ad3bd-9065-4cdc-80f2-a3aba74ea02c,payment_failure
9aba132e-93d6-4092-8178-de323927f240,no_friction
4a27acfc-de84-41fe-838b-a33cc0b932a5,post_purchase_anxiety
ef44da57-ce2c-49f5-a389-7d67cec2b9a2,price_shock
477b3472-58d6-429c-ae42-d56c52521a2b,no_friction
bf8e208b-44d6-4e98-8457-065630b98b7a,price_shock
134eeb93-b2fc-431f-810f-65d01f58b794,post_purchase_anxiety
189f773c-ebb7-4c89-9095-2324cc56b64c,delivery_uncertainty
e55f30f0-3e5e-4cf6-995f-5c48d5da8613,poor_recommendations
3afaf933-57ef-4b1f-ba54-206a584530ac,post_purchase_anxiety
09de4511-4ec9-43e3-a4ec-ef723c228a9b,no_friction
7464223d-70d5-4b04-a355-7fdb7718adfc,price_shock
2f70dcb5-6add-4d54-99b8-ca73f052081a,no_friction
52d0cdd2-5949-4af9-a945-1af3df2196f0,price_shock
10f0943f-4828-4009-bde9-a963023eebbc,no_friction
4fc39755-a8a0-4b2d-9871-1b206dde1fb1,post_purchase_anxiety
95de9f38-48a7-4b77-9184-a4dc144a7d42,delivery_uncertainty
e0378ef8-8814-43c2-bedd-5716c7f527fc,price_shock
c628f437-5e36-4da2-9fb1-4f67a50bb7aa,price_shock
99ce83bf-1ed4-48ca-b81d-9f057e0d80e5,delivery_uncertainty
6a0564e2-9ec0-4e29-82e8-56182e7663c8,no_friction
19b8ab8b-0d20-4c01-b51a-1d9f92208d2b,price_shock
3228f2f4-77a9-4317-8703-24f28d3728d4,no_friction
a7e047b5-0ced-4be6-9496-dcb62525a476,poor_recommendations
d2457ca8-383d-4cf2-919a-00a7dde9490a,unclear_product_info
29d22f02-b5c4-47e6-95d0-a3c2d79ecd36,no_friction
63698e09-c8de-4aea-82c5-451fb4e7d94c,price_shock
3fdadddf-d83b-46cc-963d-7ab27a4f78be,price_shock
339825d4-c7c0-493f-a4af-f535af410f0e,no_friction
d7dd3540-e343-4d97-8e99-1ee4467e6fc8,no_friction
7770bdff-2064-4bd3-9369-2a59c31ca176,payment_failure
2d4cca9c-45c7-458e-b932-f68054b88b0c,no_friction
49401da3-c583-45ea-afa4-367bb219cf06,unclear_product_info
f17a69ba-c0a9-4666-8c7b-73c2e8b7469b,payment_failure
4c84c330-fe95-4085-ae22-7076a0c62929,no_friction
af5fb87a-7d93-4d3f-90ca-695d85621fbc,delivery_uncertainty
5b46bda1-050d-4bf7-87a4-d33c04cbf930,post_purchase_anxiety
618198dd-1894-4ac0-b035-12aaa483c942,unclear_product_info
135f1687-e490-40b1-9fdb-4929a0bc0085,no_friction
127bf721-fb97-4236-83d7-567f91d17266,no_friction
ba2032e2-4168-4433-bd36-64624168cf31,payment_failure
3bfd3003-fa1f-453e-905f-ae9987699cd8,poor_recommendations
dc7d1f98-0a0b-4b70-8a3b-d74020b5f3e8,delivery_uncertainty
a9a1ae8f-e351-4833-9e83-fbc20ecc3874,no_friction
f6cee820-aae0-4399-a5c8-cccf56071f83,poor_recommendations
4bde2253-ca5a-40f0-862e-0fc0d6d8a902,no_friction
2bab0219-bd27-42e1-b474-984afb14e004,no_friction
adf9eac3-84a4-4824-b535-49237db9f128,no_friction
d4f0edd8-b354-422c-9d7b-bece13c238da,price_shock
99594b29-d581-4fbd-9876-675faab99cb8,no_friction
ca3842e9-dc84-408a-b045-eda26851d48f,poor_recommendations
dbbe4e95-36e2-406b-939c-6c893d395f05,payment_failure
63ae0dcd-6a35-406b-86aa-3683ff3c09dc,no_friction
6d3a180b-b435-4e7f-9be6-64541a281888,poor_recommendations
5f90ed66-59eb-45ac-bc4c-fb508ec46839,delivery_uncertainty
2372a5db-041a-4790-a8b8-3f221ed9f4f3,no_friction
d50c1fde-e1ca-4d62-8395-8e08cb63fefd,no_friction
06d0a797-80be-4ec8-9eb7-10e031d9e18c,post_purchase_anxiety
be4fd3b0-dac1-4810-bb15-b2b654f0fccc,delivery_uncertainty
f2d266e7-01a3-41a4-adef-65f02b3b2522,payment_failure
249e2e9f-bb8f-4152-a55b-e5c3274919ed,no_friction
bf4e9787-beea-4a23-9d86-4fe52e1b2636,no_friction
5db2df48-6a96-44de-bcd6-808d12fae889,no_friction
a68de255-6c28-4e1a-bfad-c221817839ce,price_shock
78bbfe37-86e2-4c5e-a9df-a47668eb4d6a,no_friction
f6df7fd3-0bc2-4c0e-a6c6-468deb65771c,no_friction
2b9d660c-a516-4e7a-a0f8-8ea7bf9a7151,no_friction
1b96a936-78df-47e8-a68f-0b45a6b0c7e5,no_friction
26ef743c-39b5-4529-90e9-086cd855c46d,payment_failure
64cf3b38-50e2-410d-8746-a3a41621872e,delivery_uncertainty
b93e4aed-67ae-48c2-b027-d0c9e36a9c02,post_purchase_anxiety
617793dd-f869-4822-abd0-ee7d17882b84,no_friction
3e58ae1d-db0e-4e9f-98ce-b8cbdee3fe86,no_friction
858bf89b-f734-4f79-afb0-87a9bce61b38,price_shock
fa1d0090-cc24-4df7-ae3e-1f5f1c7fc28c,unclear_product_info
22005bfb-4d12-451b-9b65-ab692472566b,no_friction
e4a3b4b7-3b57-4522-b93a-cbbb878c9ec3,payment_failure
d0c75e53-db09-43c6-bb36-5a9f20328934,poor_recommendations
1aca2a4d-219e-4f2a-afad-e4b526e705d6,delivery_uncertainty
31ae345e-84e0-4f25-ae9a-1574f771dc48,poor_recommendations
4238e7c3-3966-4c90-8f85-aa6c726502df,no_friction
d9181eb8-3bf9-4d66-a092-a9a6ac8cba66,unclear_product_info
cdfe0b29-f894-495a-8d72-2f76bda62c24,post_purchase_anxiety
3b8224ad-7f22-4126-aef6-2e391ef5f0de,poor_recommendations
7b81fbcc-ff3f-4811-84d2-692b27bd47dc,delivery_uncertainty
06704f14-bfac-45ba-b30c-b61d8fa105b4,post_purchase_anxiety
bd3e4526-69e2-4293-b896-5df9460dda7a,price_shock
31cbad86-bf20-4de5-876e-9147114e076a,no_friction
8a178097-b0e6-4313-aa73-b347f0dc89f3,no_friction
1c9247a2-84e1-40c7-8763-e4d15b9a6243,poor_recommendations
fc5ba2ef-1472-4db5-92b2-22b1c10e0f67,poor_recommendations
c9b1d6f6-5a27-4546-8a02-051bf5910008,price_shock
08b5bbd5-4e96-4a6c-b93b-419f938e7086,post_purchase_anxiety
6db1fe4a-4d20-4702-b6e2-938e1bc29aaa,no_friction
0e612ee6-720b-4316-ae95-8b7a94c985e4,no_friction
ea0c3611-3787-471c-8108-20f20482cd0e,no_friction
f725ff30-1ead-44ba-914d-a3b2af74c956,price_shock
1fda2b1a-82d0-44c0-b3a4-57147f3bd303,no_friction
4ce378de-c12e-45f8-92aa-a5e5353edb63,payment_failure
7428a915-4fca-4747-8b4c-f69313c6c2cc,price_shock
68bd70c5-379f-4a06-9174-e34d31bd0fe8,post_purchase_anxiety
06c69739-94df-48e0-88e4-3472b3b5451a,post_purchase_anxiety
52ba386d-7043-4fe7-8dd7-c2b27da77d9a,price_shock
76542715-35cc-4f1a-a7f5-dc981b79ddb1,no_friction
a1fc2911-1c34-4f74-82bf-3fea211ddb6e,no_friction
ea1abd47-f70e-4ce3-ba23-f5024d0377d5,no_friction
081ba88e-b38e-494e-b63a-8c5c5c199da1,payment_failure
4bc3d788-fab0-4f1c-a920-8347bdf01e9d,unclear_product_info
977f0455-3b31-4bb2-ba40-b5bc43898b2d,poor_recommendations
213b4e6d-ae7d-4ff5-ad1f-cff1848cbaa4,no_friction
8062df76-caf0-4ccd-a92d-6b4bafac4ddc,payment_failure
5fd99f20-bb8b-4011-9752-c14781b23288,post_purchase_anxiety
87d6d2f1-2381-4ed5-941b-8ed20e8b5529,no_friction
821e46ae-e2d8-437e-8679-d3bdc37ba169,price_shock
79c44790-a48b-4da5-af85-b2d63208087e,unclear_product_info
f1aac310-6eea-4445-a74f-5808864bfdb4,poor_recommendations
dc3d327d-3099-48fe-8de5-1113ef619606,post_purchase_anxiety
acfa394e-6559-4778-8a56-188c3fbbc7eb,delivery_uncertainty
6f449075-51b4-4c72-aaed-565757ce2694,price_shock
8349c169-1cd0-4af1-aeb8-df2cb5d12f75,payment_failure
d797c294-69a4-4449-8d30-51631fc6bda8,unclear_product_info
a31a98bd-0e0b-4c9f-bc2f-254fc354fd9f,unclear_product_info
dcc62c5a-7821-42c2-b732-6fc0f1b1a8ee,no_friction
5d13b87a-4437-4ac5-beee-e3162c5a4537,no_friction
13180584-0aee-43b4-b180-cb82cb052427,delivery_uncertainty
d1641edc-df13-4105-a0db-0f3614e4eb53,price_shock
58eaa5de-9758-4924-8e6b-cc9e2965cd92,no_friction
6969cece-c360-4c5d-a09a-d58db13eb803,poor_recommendations
7ddab02c-a626-4d3f-93a4-bf92299a771b,payment_failure
b91fbf8b-819b-4f32-8a32-4ff8b821c425,price_shock
5bb65c6c-e065-4e6c-a4a5-719eaa33df17,no_friction
57ef48e6-8079-437e-958d-ba6b29cfaa37,unclear_product_info
6cff7be1-3e96-405b-8fce-10faa63d4623,price_shock
1c93fcc9-fbcd-45c2-bda0-34064e43314e,no_friction
84998899-971f-4546-b704-f1bfe84c0b7e,no_friction
9cb5c1d1-9e6c-4464-9161-4998456bebaa,poor_recommendations
f550ba1f-c1d5-4ed8-89f5-ca4fd44018ba,payment_failure
b390d9c9-4c58-4f96-8a49-372b236dfbc2,no_friction
c15bdb4d-8257-47bc-9172-1f321fcfd284,no_friction
87a4d8ee-24a5-48b7-bd3c-f179e74d2191,price_shock
85907d49-70a1-4f3c-8663-e99ad29ba6ec,no_friction
de984d8e-4ab6-4ee5-abfb-d256733dff77,no_friction
f3a44b08-5c77-47ed-9374-4ea473955d0c,unclear_product_info
e8fd2c61-f9b2-447a-be0c-c19381da8a1a,unclear_product_info
a9a743b5-280e-4709-b7bc-f0ef79d9e4d6,payment_failure
3c04b181-5f13-4933-bae0-def10fc79cf4,no_friction
ef889e59-9486-4cc5-b8e1-56be1a01c973,poor_recommendations
2bdbc628-3dca-4b6e-bc61-9b2fe4613c80,no_friction
0bdcbc61-ba91-4ef5-a184-d0b3ede0b78a,unclear_product_info
7a03c17e-059e-4646-bfde-52763fb2492b,no_friction
f5e2dd85-46df-4023-8f77-b607264721a3,poor_recommendations
90e6f37c-89f9-4ffd-96ff-6437d26ca7a4,payment_failure
135859e4-3840-41c8-ab28-03a44478b4cf,payment_failure
c5f759ea-60db-44f1-89c6-fffd6cd73f1f,price_shock
d0d012cf-8373-45ff-ba1a-234376b2bac3,post_purchase_anxiety
5c4c7b24-306e-4435-9c57-e9726a368193,delivery_uncertainty
c215a2c5-c16b-4f9c-a7a3-8f27b3991b7e,no_friction
e1b7905f-bad8-42a3-8d0a-63398c9ecfe5,no_friction
deb2d8e2-3bda-4a5b-9664-f69c9994884b,post_purchase_anxiety
f3c99b90-eb03-49c1-960f-94c958224455,no_friction
e9306bac-767d-443a-a89a-988a4a23dc28,poor_recommendations
ecab0ed8-8d15-420b-998e-03cc3f65a7e6,no_friction
4d1e3420-d700-4f3d-bdcd-f7dba8d32f38,no_friction
931a9e1d-bd70-45f7-9b4a-530395943955,delivery_uncertainty
29c4b0b2-8ddc-4514-bb02-be5af0f0768f,post_purchase_anxiety
bb2d3433-9ef4-4fff-9192-746f75411a62,no_friction
60cf72c6-875b-460c-b7a9-a3e71748f60c,post_purchase_anxiety
233a13c8-2164-4e01-9829-71fbd9c241b8,unclear_product_info
ef820432-0bc0-46fa-9aa8-14f141cbc07c,unclear_product_info
6d5afff0-4ab2-47ee-828a-44dac286741d,no_friction
535dea5b-8d87-48db-a4d1-0e59710c4b94,no_friction
b3986206-50bf-4606-92a2-090a348b4340,unclear_product_info
2bfc2d90-5373-4049-b839-5bd11e96c344,poor_recommendations
4cc6b76e-d6c0-4edf-93e2-6e57eee57ab8,no_friction
554e53af-612f-46a8-ba06-7bfdb79b295c,no_friction
ab64b99e-1c89-461a-a8f1-a6260946f964,no_friction
98c8d805-3205-4873-9b70-fe6e10d2c62f,no_friction
d6b213d6-8172-47d3-9fd7-98da0eeef46d,no_friction
821d26d0-7428-43dc-be2d-966b124cd197,no_friction
d73773ad-771d-481d-a78a-856c49662041,unclear_product_info
5004c7b6-f645-4a17-8ef6-5b4125842cc0,unclear_product_info
bae566fb-a92f-4b60-96d0-f958b7310190,delivery_uncertainty
86370d69-6e52-472b-9465-0e5e59809c72,no_friction
cbdb3fbc-c898-46a9-a2ae-db2db39041fd,post_purchase_anxiety
248d536b-ceb6-4c91-a813-ed50c58ded51,unclear_product_info
bf8573e9-a957-45d4-b83d-f2f1dfe116da,no_friction
6c12d3a2-a236-4445-96a1-0e4d2c32e1f5,unclear_product_info
7b7ef369-3f75-44e9-b02c-24b97bd6ead7,no_friction
3d7b191a-b8e9-4ab1-b9ce-835926c17ecf,delivery_uncertainty
2a2c3370-7444-4950-a9fd-9e59aec351dc,no_friction
3b146055-1da0-440f-a9a9-7d32af825ae5,poor_recommendations
1531db90-2835-40eb-ab31-02d67e14a756,unclear_product_info
ae9092e2-abab-465a-ac8c-7d912599779b,poor_recommendations
432d9496-3437-4cd9-8657-406845ff9c57,price_shock
6840a6a2-7604-4c81-9f9a-2c65ff6ebc67,no_friction
68afccd7-4653-4e7a-875b-daad77a9005f,no_friction
b41ac1b6-4679-419a-b9e0-a4daaed57d5a,payment_failure
17fae202-1b17-47ef-8b1b-6202c8a8eaa2,price_shock
27ae9f84-c7ec-4f52-a384-dee383807145,no_friction
fb1536cb-467b-48ad-8aaf-f969ea4ce22f,payment_failure
d9ff2a4f-3366-4a3f-83af-e34db0fb7674,no_friction
a49728d4-c25a-44f7-b2d8-3e69bcc4777d,delivery_uncertainty
eb37c6be-ed36-468a-a249-22841d44dc0f,no_friction
f13b9d5d-4e10-468c-8672-47c0ed6f4fe1,post_purchase_anxiety
beb0102a-e291-4237-8363-d0ffd3ac9827,unclear_product_info
c16ab73d-9497-42f5-bf79-e013f42a85fc,no_friction
69aed09a-3509-4d36-a49a-baa7595db729,payment_failure
a360723c-53f8-42a3-be18-6486087261a6,payment_failure
ab627ccd-ffc6-4419-92bc-fee5f0c91ed4,post_purchase_anxiety
27390f7f-b7a3-4b42-a7ee-09262dced621,post_purchase_anxiety
8a6a9556-0815-498e-893f-d68cda820100,payment_failure
5f20b337-31f6-40e3-8ce6-c9431617c46b,payment_failure
4bcada86-51fa-417c-b603-b3601e89ef8d,no_friction
6f0d81cb-15da-43df-81e1-6f5939db1458,unclear_product_info
e8921f74-eb94-4289-a0c6-6eb1b2be5ba4,unclear_product_info
a0afd921-525f-4ade-9421-0a396eef8157,no_friction
7320d19e-26dd-44c0-839c-d3f1d94d1cee,poor_recommendations
9055da1a-ada0-4e3c-be33-37b54b1df10c,no_friction
3473f714-f361-4117-bbff-9079c9e5cb41,payment_failure
85db3797-29f1-44c9-93cc-a330572b9263,post_purchase_anxiety
51fc9190-ddeb-4d66-a7fd-76a032d5a36b,unclear_product_info
f593b839-4ce0-4e10-b987-e3e462640c2c,no_friction
65cfe7bf-e4ea-4171-b7bf-f1c006494b44,unclear_product_info
d885852c-fe9a-479e-a877-bdf6f437ed75,no_friction
8cd6deba-d756-4d54-869d-c2b5ad17d975,poor_recommendations
a5f720dd-d088-442b-b3eb-8132150b681f,no_friction
5fe5fc91-4a8b-4ae6-89fb-b37c3ced6628,unclear_product_info
d3b5b538-a34e-4bb6-b979-4be6c4bbbfa3,payment_failure
b012f5e4-a48d-4d62-9b9d-fb85e92b2586,no_friction
4c18098b-8fb2-4873-84c5-1138a5a59a2d,no_friction
992de754-805d-4503-97aa-2cf00abd08ed,no_friction
c6c5f08e-bc3f-45c5-84bb-58441498eb0f,no_friction
6eecd67f-8071-465d-bb06-321f04a895e2,no_friction
22742163-7fc6-429b-806c-c768c431aca4,price_shock
62842a72-8225-4575-9be3-c936ad3119df,no_friction
1aaa3a94-8883-4807-ba6b-6e77145ad115,no_friction
8c3f7f4f-9e27-4a6d-b3df-998f9f64f1db,post_purchase_anxiety
4556ed58-ce58-42cb-b2b9-d388598cba32,no_friction
8082c888-fcab-4371-8bbb-ba6e59e62551,no_friction
7703701e-33aa-495d-8996-62b944bf3662,poor_recommendations
b348eef7-e334-428e-8758-db7f0cb46ff8,no_friction
272ffbba-5963-4363-95ab-4e549e5423b8,payment_failure
641ead48-3c3f-4638-86a4-9b11aaa4e8e6,no_friction
a4a595b5-fa82-4391-ba18-7933c4e209f5,payment_failure
8eade3fd-9ee6-49c6-9ed0-5bc52d024784,delivery_uncertainty
c01af053-0d0f-4a6c-a47f-4d742dadcff0,poor_recommendations
83669cf1-e237-4916-a56d-28d9be4fc00e,no_friction
a6a8e77a-f660-4960-b2e4-870b1f696869,no_friction
62bd5611-b505-4c3d-bd56-f3211aa6e5ce,no_friction
57022e5e-0975-4d31-9f19-141154a5f434,poor_recommendations
0385faff-6417-48ba-bd51-b91b5ffb60d5,no_friction
64d2983a-63b2-4c1d-95f8-366b273ce7bd,payment_failure
bfa7820d-3d3e-4337-9352-da5928d1cdaa,unclear_product_info
0195e888-488f-4745-96a2-1d2d3a1dc37e,no_friction
cf0be29f-2966-4784-bda2-7e3f35ad7551,unclear_product_info
b2db8e50-6a1f-4e1b-9390-a82f18f96237,price_shock
76feb11f-9d78-4c8f-b283-3023b371d350,no_friction
b99dba3e-109a-4cc8-a162-37d493746542,no_friction
25c5af66-0d7f-429d-a117-9d2d35cdbf14,no_friction
a9fac1af-0186-4d10-8fff-c7ec30e89fd0,poor_recommendations
80550fc5-e7ff-4e9a-82af-1bece6548da5,payment_failure
5abae887-cad9-4121-880e-8349a446c60b,no_friction
ad15ba5f-d9f6-4d35-bb97-0ed2a7e98f7b,unclear_product_info
9eb25756-c069-400c-8db4-12e8b42c4538,delivery_uncertainty
a9b169df-3298-49de-a14d-5ecbdf2771cc,delivery_uncertainty
31b77874-e7a1-4205-8415-66bfcc0b1b8e,no_friction
660021ca-1e8d-40d1-bc9a-7cd438aa446a,poor_recommendations
114c6141-c09e-4d62-a6ca-fc3dd03d8336,price_shock
90cb6522-2306-43a6-ac37-c4e8f9d5d991,price_shock
056bc632-fdda-4651-b711-1b541e5bbf6e,delivery_uncertainty
e67116d4-e2d1-4476-b83b-6e6d16df886f,no_friction
9c9d1fc2-437d-40ba-b83f-f3af51b4a5cd,price_shock
009fb0d7-b92c-4e7d-bfd3-0b0b8b10cb9a,price_shock
7429258b-17cd-4188-a9aa-e95edbd090ec,delivery_uncertainty
9d1827a4-98ae-447a-ac38-8bd435c79585,no_friction
bbe23b06-88c6-4222-accb-e2c77b0fd53e,no_friction
70a63075-ff37-490a-baa1-620057d80caf,no_friction
5ceb2169-883f-48ae-b99a-2db75c429bf0,delivery_uncertainty
37819e89-4d3c-45b0-8841-aa1216090315,poor_recommendations
0c9928cb-0b34-4064-8244-a473d7ef1a67,unclear_product_info
c087c631-2716-4093-b349-09fdc46fd5f6,unclear_product_info
1a76ed6f-fd1d-4991-91ec-588a1099061f,no_friction
1f0060e2-c5c4-401c-9b59-cc85cad310af,post_purchase_anxiety
85cda0ec-f583-4a67-9ada-07b001826a76,no_friction
322b88ef-9526-4057-af45-098f1a4911d8,no_friction
6f8ed35d-4ace-4ed1-b920-894b53106051,delivery_uncertainty
bbbf46a8-08ac-42cd-9eef-6dcfe82b71d1,poor_recommendations
cc669c06-6972-47ba-bfe9-a899edb205b2,no_friction
c493dbfa-53ce-4a81-bf66-ec8a01d5a7c1,poor_recommendations
c2a73651-d6a8-4857-a418-b2a3fc3d6833,no_friction
2b838ec7-fe53-4d75-bf96-23430107d204,payment_failure
71ac2bd0-86da-44bd-a90f-e8427b340558,no_friction
9ef36457-d2df-4a77-9f9f-8393a04ac841,post_purchase_anxiety
55781b17-0b84-4ec0-a597-af2e5c5d7dbf,post_purchase_anxiety
9e3c7ee7-e5c5-4de3-8ffc-afe7c95f7442,delivery_uncertainty
2c8b3794-4aab-4949-b8c8-41e22ac1e750,post_purchase_anxiety
59899657-3e77-49aa-9fc7-3aae33ae7a56,post_purchase_anxiety
adcf6d24-318d-465e-bb06-761c251b235e,no_friction
428debc4-684b-4e78-bb73-035dbd4d5997,no_friction
23ba6f87-c916-419d-be78-016e75663c14,unclear_product_info
67d746de-3697-413f-94c7-6c0f80d4f43c,poor_recommendations
ac96d159-f650-42e8-b7fa-757dbf5191ef,post_purchase_anxiety
5445ec0f-b408-4f77-9ce9-db6b7969cfe4,no_friction
cb873046-c68a-45d7-8135-b8466c34efde,post_purchase_anxiety
cc582c83-275b-4dda-82e3-6bd45cb92a6f,post_purchase_anxiety
8aab2c50-6d67-44d3-a9f2-179598588187,no_friction
3f07cff9-2ef6-4b0c-87de-b7d709e3d50e,unclear_product_info
8d35aff9-c544-4997-a4ab-ee586bb9c1ba,no_friction
eb51b300-89c0-4618-9f73-6305bb21003b,delivery_uncertainty
4d40091a-104a-4668-ac84-adff45c52be4,payment_failure
2b7b3c34-b4db-4c2c-9bb6-57e28f8d3dbb,delivery_uncertainty
b2435db1-6741-4e38-bcc3-ff597ea170ec,no_friction
2acb175c-4f6b-476b-a29b-b99b5ea95c79,payment_failure
0714974e-67ab-48c9-91fa-f2e32020d528,no_friction
9794ac68-9295-4ae0-8aa6-83eab15aacb6,no_friction
d59cf659-5a7a-4568-895f-2d28d6032e31,delivery_uncertainty
f23e34f9-be28-43d8-9593-e92ab8a18410,no_friction
5db97a4f-2c57-481f-a222-5d48533eb9aa,payment_failure
3cfd6bea-6bb4-46e9-b718-223656aaf269,post_purchase_anxiety
aa318e50-8670-4662-a42d-8013c0856f04,no_friction
a26ce499-faf8-43cb-abdc-eedfb460918f,payment_failure
7dfdfbad-419f-4908-93e5-55d4265fe23a,price_shock
dc066661-a0ff-4fef-9edf-788a8e76b3a3,no_friction
855491c2-9ecb-48be-9e5f-a7fb98b82642,price_shock
e72fd0a0-d3fb-49b6-85a4-7ea8f1cd40e2,no_friction
6baf35e5-e144-4134-a129-a792ae8a398b,payment_failure
7153f7ae-b6fa-44e4-a4ff-5ec29a8a5726,poor_recommendations
e77b92da-6f7b-443c-ab85-e07a2adf2653,no_friction
1192ca1c-9413-401b-9a8f-12029250d5b3,post_purchase_anxiety
0d1519e8-7983-46b4-a352-a38bbe5dece5,price_shock
71ab82f6-a16e-470a-a18f-d4138b813f72,no_friction
7e360d74-a2cb-41a8-8764-9ad4b1109464,no_friction
0367d972-49f1-42a1-9d41-d27d16b2f686,price_shock
9a817b68-3a3a-4232-9ab0-59f43309db27,payment_failure
84a2e22b-6b00-4414-9dcd-1cce164cc9ea,delivery_uncertainty
092c900d-992a-4f44-a617-573cbfcf2d65,price_shock
d695c9e3-e590-4f04-ab19-08e1fd97c48d,payment_failure
1834a1d8-caa7-44a1-bb31-d0e7db994d1a,delivery_uncertainty
1cbe297d-6458-4148-8170-02d3b54ed374,delivery_uncertainty
e5aaf4bd-7518-45e1-b03c-605698f695d7,no_friction
2c17b46b-f129-4b92-99f7-3db896473fd5,no_friction
bacf7c69-f6c9-447d-b916-775d539fd1ea,no_friction
253fcd2b-a33e-4128-85f3-a9ba734bed9a,unclear_product_info
14681dab-aabc-4081-8b0e-0f8b073f47fc,price_shock
4ef06073-1714-4c64-b23f-d5e0074462ee,unclear_product_info
b5e0b5ef-22ce-462f-ae81-1a785cd88fc3,price_shock
81bb7792-35e7-476c-b0da-8da6f3fa7198,payment_failure
da0c67b5-9757-4e4c-a068-fae4d379afe2,unclear_product_info
9292d2a0-c8ee-4e35-912e-7664721e4f6d,no_friction
57529113-d944-44ff-8e7d-ebef88c30ebf,no_friction
ed26abdd-5703-4c4b-a0e9-02b6383bafde,no_friction
40d61241-34a5-4450-84e4-2027e1f8e854,post_purchase_anxiety
8d8986ab-6a59-459a-b48c-193c8b95185c,payment_failure
b2998a91-f994-4f7f-9249-8d33d16a6adf,poor_recommendations
5cade9f2-4103-451c-afb3-1c525dbf3b88,post_purchase_anxiety
82fc38de-006b-496f-8a72-39acb7f3763b,no_friction
466809ee-0d0a-4300-9f84-7d96c89b73b3,delivery_uncertainty
ae816cb8-9556-4502-b00b-679aa2d5fb04,price_shock
49ab7de8-ac23-44ba-8f55-a6c864e764e8,no_friction
ea409570-2406-4ef6-bca0-1a2a002e7139,no_friction
8aa40c27-25c2-4585-a676-b4c3ef63e4e0,poor_recommendations
33f34dc5-3a1e-4f22-96e1-8d0b705cab21,post_purchase_anxiety
8b73ecfb-eb72-49ae-9030-309985d1c175,post_purchase_anxiety
d722b7af-785c-441c-99ff-288d063d2e31,poor_recommendations
b1206fa6-7d9c-491e-b75e-cd9f10971c03,post_purchase_anxiety
44e30144-5115-40f9-9162-438fa2d787a0,no_friction
cb0a3120-d449-4d35-a1c9-c9429c53d18c,no_friction
58239e10-f25e-4688-af53-494c13f32c48,payment_failure
d8055d26-00e7-4035-aa2d-9cb8354016ad,delivery_uncertainty
73d8bd7a-e4fa-47cf-a0ae-50c6db427c93,payment_failure
85ef8f1e-5281-48fb-9e49-02a4354c6195,no_friction
707b1c45-6d5c-4d62-b0c0-cf02497c2134,no_friction
db0a31f4-6b4d-4c53-9823-ec8e21861ce3,no_friction
b83f226d-90dd-40be-a14b-73a607724241,no_friction
fb160dc9-f139-417b-9b93-263f81fe5369,no_friction
6faaf3d0-3895-4e7c-b1ba-030484187585,no_friction
3c2b012c-3cde-4207-8011-f76c72b1e813,no_friction
9630244d-8bf6-4f27-b4e5-1ee31fb18548,payment_failure
c32d1b03-2cd1-4980-b872-7d38c419027b,delivery_uncertainty
1f6fac14-cc67-4ae3-8dba-20c76a9446f7,no_friction
2daf69dc-6659-4604-837c-62412e276aac,payment_failure
d9212237-5696-4c2f-9a12-e260f59fd05a,post_purchase_anxiety
c867171e-8168-4e1e-8b90-28bdc6e4c31c,price_shock
0639ca87-f359-412f-a53b-36c0d1858832,no_friction
ab0e418f-c004-4da4-baf9-6ba67c4e6dee,poor_recommendations
cb3a7d65-07b0-48f7-a216-62a1e6aa31fb,payment_failure
04d0bfce-55db-4c14-afd7-91509577d31d,price_shock
9e259da0-7393-4f43-900e-8087e58897b0,delivery_uncertainty
54929c5b-7636-4f84-a3e7-2f599dc4fba6,delivery_uncertainty
911e0c94-235a-4a31-aeec-ca902dff6fd4,unclear_product_info
2d29d01c-fec6-4128-b7bd-ab1ef3c739d8,unclear_product_info
ed117a43-d4d6-4e6a-8739-2c82505a9b72,no_friction
4d6d822b-1a48-481b-940d-6f72fbeb8430,poor_recommendations
9415ce78-52cb-46b8-8c03-bafe04125b37,post_purchase_anxiety
fad53133-a21d-4b22-995b-7f9b5289dbca,delivery_uncertainty
6ea3cf32-9138-4a1f-9a37-24e5daade6ca,no_friction
58bf4635-0f6b-4e8b-8a9d-54583bebfef7,post_purchase_anxiety
30e8a1ee-24f0-452a-979a-db324437f9f2,unclear_product_info
45291e21-e470-487c-97c3-dbf7f3f5d824,payment_failure
eaa2f53b-93b4-490a-84fb-5b3b2a393047,payment_failure
e1789c4d-97dd-4d49-b967-3a108ba7c647,no_friction
7796a504-5ea8-4a5e-8cc9-59b2d8fa7445,no_friction
def6cde6-8676-4fe4-bb20-f192827a1e84,no_friction
c8678ef9-2247-43ad-9050-e6a38520642b,unclear_product_info
9ccadf42-277e-4cfe-bb7e-302a0184f2d0,poor_recommendations
3b5584ae-30b9-4a7a-9940-cbde2cf4024f,delivery_uncertainty
d4b10616-bce2-4b40-ac73-6f4fff815d6d,price_shock
c8f6b5e9-d40f-4c51-86a6-a03ab2bb5d69,post_purchase_anxiety
726d6d58-5f49-4d8e-b35d-314be18a2e7a,post_purchase_anxiety
77916512-a0f1-4c8e-87fc-fdd1a27dade9,price_shock
b272df75-5320-43c3-b32c-6ade4ca3b196,no_friction
dac4b359-07d7-4493-b146-fe70cb04dda6,post_purchase_anxiety
54f24ae8-dc03-4613-8fb7-017e2ab9bc5a,unclear_product_info
f90fe7b8-6715-4a63-af91-d9dbe5f0a028,post_purchase_anxiety
aefac788-74d6-406f-9479-7c3093e6d2cf,post_purchase_anxiety
601041c9-92b4-4d3c-ba1c-eedd95dcbf20,no_friction
4e394413-2fba-481a-bad0-8d47c7b3de36,unclear_product_info
c38ebce5-7834-4c1d-8ca5-8fdaf25a599d,no_friction
13171ced-3bc8-4f6f-9403-c033a2867c75,no_friction
7ad8d10b-7d75-40f4-a983-fadbcdf0454c,no_friction
cc0c2445-6f66-49e5-b019-e0925e63f878,payment_failure
1aba204d-cd2d-4388-9812-d95f82706be6,no_friction
81a06ba7-936e-41e3-860b-ddd7e420cbfc,post_purchase_anxiety
08bd9db2-dbc9-486b-8ef9-dece6e6cce9f,no_friction
da09de65-d0a6-4e68-90fd-22d3c7b9b108,no_friction
c0e11a70-22f9-476e-bc66-6443cee0c1ce,no_friction
41c0746e-f098-44c8-ad96-4e5ea836f7e9,payment_failure
d373fa8f-7107-4933-b990-e911a1de921f,no_friction
4e83d1c8-0a9d-4e9c-bb99-c16d290399c1,no_friction
1187345b-b45a-46be-939c-0bb07ac583d6,unclear_product_info
012b9a6e-1618-43d1-a9ba-921924f041be,payment_failure
9ecf60d9-6416-4d6c-8fa3-a85b112de050,no_friction
d82435ec-0b13-4351-b9ca-54ece178e5c5,price_shock
3557588e-0c9f-4d5b-b55c-53ecd615abe1,no_friction
44d42f10-9f51-409f-bda1-ef9b65d43197,poor_recommendations
6c3069ca-a91a-4cbc-b428-32e03f5bd21c,post_purchase_anxiety
bd0affda-011f-4390-9921-df7831237eae,no_friction
9b53eb48-3eff-4b27-a863-1dc0f2fe4de2,no_friction
aacee280-f67b-4a3e-a497-c514647592aa,price_shock
b9a5fcfc-15e9-4aed-bb8e-185b958eb4b7,no_friction
69a737bc-4af5-4bca-8814-62eb2f980042,no_friction
4177e5cb-3ebe-41a8-8b49-d9484e2d9a6d,no_friction
f195d2f2-8fdd-4ee6-b50c-ae9560e1487b,poor_recommendations
1ea66ebd-e8bb-428f-9558-91894cedb9be,delivery_uncertainty
a37f1947-c0c8-4af7-a0f3-e028063d8839,no_friction
caf4cc49-8932-4a1f-a6da-15ca2ff01401,price_shock
d75930ca-be00-42f5-95af-ac0b92e513b5,price_shock
e747000c-1fad-473d-bfef-5ad18b49b2b1,no_friction
ea577cdc-b9eb-4157-b74c-6e86709dcbed,no_friction
ba18e74a-6e2e-418d-b81c-799633e669d2,no_friction
1c9b4c62-444c-43f5-a072-a66d50ad04ab,delivery_uncertainty
9027ff8f-75bf-40f3-b018-5c573dacaa99,no_friction
4e0d488c-d530-4c70-aee9-46d6cc4b3bdb,no_friction
da80f9eb-d4a2-48c7-adfe-02886808857e,no_friction
5c6f1d05-de35-4967-8f3b-fd8224975032,payment_failure
fe0e64be-0d82-45ce-ae31-c4240033611e,price_shock
bfdac59d-3a15-4c34-9b74-b6e132e9473b,no_friction
2e2aabfa-643f-411a-b8bb-2bf093d174d7,poor_recommendations
f13fc639-bf21-41ea-afbf-86280a18e84e,no_friction
53a3a00f-40f2-4ebe-8acf-7e5e1c8eddea,price_shock
0d5427a9-f76f-4320-9c2e-fa879ca57324,no_friction
5a5a8dae-ae86-4f77-8228-7637ee65d87f,unclear_product_info
4fb416f8-bc23-4686-b982-4d9094b8f855,no_friction
a624e927-3a2a-445d-92ae-5e4b40423bfa,no_friction
cfa7a6cf-b9fd-424f-ac00-97c9b9f459fc,delivery_uncertainty
da11cff4-9b16-4ded-b24e-fdb588aeb418,no_friction
0a7f3a09-38a7-4c14-905f-0486177cf69b,price_shock
4988994a-a0aa-4612-a219-7cd22bfe1959,payment_failure
1197561a-911b-40cc-8006-aee1f0a589e9,no_friction
496c8cb3-73da-4b73-a9ad-be0b31bec469,price_shock
9abb3549-6985-4f7c-bca3-d29eeed634b5,no_friction
ee3cb4c8-467e-4efd-8ae6-4774f42f8adb,poor_recommendations
e7fa3418-c93c-43d6-a5fd-29c83671b64e,no_friction
8a708679-e861-4c48-ba9e-ed4aa2c2b208,delivery_uncertainty
1d391c08-6176-4331-8809-5988d103aa1c,post_purchase_anxiety
485fbc25-3382-4b6e-a27b-688ba5d0b0a8,delivery_uncertainty
adbe136d-0848-455a-b9a7-b554aebc42c8,price_shock
47dee37f-4e9b-4752-bb4b-1f5f4bf47902,unclear_product_info
acb15160-c69a-41fa-837f-a227944171bb,no_friction
957f50b8-e438-4663-848d-80eba7f56406,payment_failure
235711a9-0761-4ee5-bab7-217b19c96a93,post_purchase_anxiety
6138c141-5033-4e89-9435-fa823ffe8091,no_friction
0ef878fc-12e6-4eb5-a67e-22d9fc2ef5c1,unclear_product_info
71a75768-2691-4141-82f7-165455b2bc8e,poor_recommendations
6923661c-97ef-4893-b399-65b0d9e2ff4b,unclear_product_info
7fc81dfd-f675-48ce-b0e8-1b5c1370a995,price_shock
e49b14ed-f582-4184-843d-1d3beffba78d,no_friction
f02616f3-b5b2-40c8-800d-ddabcf060f5f,poor_recommendations
941de5bb-a529-46ee-ac27-7262afcc70c2,no_friction
627fb6a0-7a46-4e2d-bb0f-25b11ec160c5,post_purchase_anxiety
a8f1e273-c08b-40d9-9c1c-901b663955f3,no_friction
6a92747e-5604-441c-aaff-173812a9b363,post_purchase_anxiety
9567a639-04d2-4ce1-b6d4-fcacfb411b60,no_friction
7577e496-66dc-46f5-ae41-68420c6f4904,post_purchase_anxiety
97b10770-b7a6-4024-93eb-acab7d603dd5,no_friction
445fd09e-a73a-459f-a853-eb12b69e6f5f,no_friction
f55b7841-51ea-44aa-96b4-ba7c01173a3a,no_friction
2d413bef-2ee2-40dc-9e97-179a08b45b13,no_friction
d1774444-e5ae-42cf-88ce-4ccdf8cd0131,unclear_product_info
0700ffe9-f018-4829-96ab-af8491da46d2,delivery_uncertainty
7ae65eed-10e8-448e-8e13-2588f643949e,price_shock
5bf0d50d-9725-491a-82a9-b9f04887f3ff,no_friction
776dd696-af8d-4a86-a112-f8621ada1536,payment_failure
1620232d-2c8e-4eb4-9339-1e818c4a2be4,no_friction
ce0417d6-2dd7-4d4c-bed9-bee0dbff19ee,price_shock
3162aa00-9cd8-42c4-ad64-051fe9354189,no_friction
cd4c114e-5b21-42cf-91b2-0ce475ed0f78,post_purchase_anxiety
2e97a1d2-5f7c-4966-a186-4a1b12d50b42,no_friction
ff3e1cc2-0c05-4520-a6be-6c148366c771,delivery_uncertainty
74afe4a9-d819-4fcc-bbd9-a4ab36c66a9d,no_friction
24e857f5-afec-4bca-9da1-7b10eef2da52,no_friction
fb2753c7-b295-49fc-b44f-8115f723df9b,no_friction
c7534367-8032-438a-9d77-2717029d5ac1,no_friction
e2ec7f5c-0712-4eb4-a96b-4cefbce9194d,delivery_uncertainty
d31bc74e-55bd-47c9-a5e3-f44ba7013d35,poor_recommendations
9d5dff22-e788-45a5-a602-bf6800c1893e,no_friction
624a2ef0-7554-4137-94ee-e51300a1750e,unclear_product_info
359e85cf-94fe-479c-aee3-92567ba283b3,no_friction
74c11243-2e8b-42c7-a0bc-5808c30a2ee3,post_purchase_anxiety
d2550677-cd07-48b1-9786-c3cb7c033f4b,no_friction
deb81d5c-0924-4812-9cdb-9b5691de8d47,payment_failure
6decd957-818f-4d8e-a3f8-2a2e3bc6ded4,no_friction
b8e70a28-f30d-4b0d-94c1-093a20f0cff8,poor_recommendations
4d25a446-a281-48da-a20e-f7fe2cbd7bd0,no_friction
aa18d709-9254-4172-b732-342b75f08040,no_friction
fa08cccd-af4c-47d9-8744-79553c13bc6b,no_friction
92768405-efdc-43c8-87dd-03ea1a772f10,no_friction
4e0795d5-7d18-4ff1-8aa1-cf155fee3b53,no_friction
f3adfaaf-f573-49c4-a256-417600cb515e,post_purchase_anxiety
3697b68a-9948-4888-a1c5-3785abf6c30e,no_friction
39415a81-46a4-4e4d-b7af-9e07b82dfb24,no_friction
e43786e3-489f-4b7a-8ad3-ef07ce4136a8,no_friction
69872e27-702a-4d52-b2cc-8ad2e3fae72b,no_friction
e83f2741-382a-4898-98df-08b05da6e6d3,price_shock
42cb6816-fc56-4b65-aa75-e7681135c45d,no_friction
4ce8362c-ae6c-4513-87ee-dea0c2d4e8d0,no_friction
6a8f10c8-d97c-4395-8042-64ca540daa11,payment_failure
fae97d9c-e9ad-43a6-8087-df0445ab8c52,no_friction
29f4b341-b330-4c26-8a0c-581f8011b31c,post_purchase_anxiety
a7ebc798-dab4-4308-b6f6-bb2487b82fbd,no_friction
65e15a83-0ea5-4cb6-8e96-74a94a26a535,no_friction
4147ecc7-5633-4cce-88d1-e9c1fd302105,no_friction
418a5a8a-4e1e-4836-931d-65ea4c672bf3,no_friction
86cc7496-ae22-44bf-80a3-bf3fa65af834,unclear_product_info
533c9223-8866-4dab-b0e2-4123b9b809c5,price_shock
7c67f48c-10c5-45bf-93b8-2a8a7847ffbb,no_friction
ab3b78cc-5b6d-4ccb-a90d-af622aa1fad5,post_purchase_anxiety
1321a159-d149-486e-920e-34dd50b31819,no_friction
3afd5c77-7e20-476d-8379-bdb0830e4d2d,unclear_product_info
567aef73-e08e-4c6c-9833-3763d50c1b78,no_friction
f0da0296-5ed5-47b4-ba5d-3772c1f7bad9,no_friction
6c9436da-21b4-40bf-9aed-59f9237e0f4e,price_shock
9b7dc893-5e32-4ba2-a6ae-071e31f5f368,no_friction
0ddd35eb-40bf-4e00-8ec2-96aaa26ec5b1,no_friction
23c215ff-30d1-4040-8827-3e1e1da5b71f,no_friction
fc18569c-6b6c-4be6-a258-cddfcd8c21d4,unclear_product_info
ee10cce9-2341-44f8-a916-7f313990d83e,price_shock
6bf62ebe-74d3-4037-9377-e9933394fe7a,poor_recommendations
432b495e-4c81-4a22-99c8-6aca290d4f70,no_friction
27519fc1-03e5-4a38-af99-c1e5270c20d3,poor_recommendations
b3140967-b4a9-4619-97a5-20ce3c2a7cc6,delivery_uncertainty
44157f11-0b47-4d0c-b046-6d49807d6054,delivery_uncertainty
5154f132-8880-492e-8607-8be7c3633a81,no_friction
3ca2ee50-2da1-4442-89e5-f0377c94f749,no_friction
722b012e-79ab-459a-b998-f9911239d999,no_friction
2582f964-d8a3-4d49-ad9e-175eb277edd8,post_purchase_anxiety
17980491-ff1e-4f18-84bf-13fe61ebc37a,delivery_uncertainty
6503c30b-b126-41e6-a556-da1efab6f499,delivery_uncertainty
852ddcb2-55a8-4d08-a461-a47476bdd57a,no_friction
047bae01-0ce5-4c90-97e7-a65e59301c50,post_purchase_anxiety
8c5d67e7-5f13-452f-a3a3-735e296e4bda,poor_recommendations
fb992169-dca8-48a5-8c96-ba69f9ce9844,poor_recommendations
5bcf4ea4-06bd-4f6f-8312-5db7ae08fdbc,payment_failure
d756d49e-b0ee-4a84-ad75-2fb566fc8a47,no_friction
cd3eb180-1c84-405e-a0aa-a4e9e5d83ca9,no_friction
3d9a4d6d-26c6-4a6f-8339-d86d5ca26882,post_purchase_anxiety
efb5a17d-d6ed-4f06-a6d2-68acdfe6b4b6,poor_recommendations
a556bf00-3d27-4afd-980a-cb0855a18b99,no_friction
9fc4bf28-ff91-40da-9920-6852b6fcd088,no_friction
9cdd4f86-8328-486e-b9e4-7b1608f25646,post_purchase_anxiety
acf04371-976e-44fe-8f16-ace3d3cae5b5,payment_failure
d8944395-dffb-48d4-a278-2cb355de850a,payment_failure
25244fc1-3ffa-4f8c-a58e-cfcab655ec42,payment_failure
80121bc5-c8b6-4f26-a492-bca6ad51dcc4,unclear_product_info
2bb4e934-25af-495e-9f13-535e8eaf2c1e,poor_recommendations
40a9e65f-862d-4c41-9a4b-949588df5910,price_shock
6f18f1cd-978c-4a48-973e-9c4103318b90,no_friction
d96d53fb-249a-4cf6-9ca2-738130c40981,payment_failure
30771462-b289-4404-8135-9627357cd948,delivery_uncertainty
0b2e2ade-582d-41dd-b94e-6dd9c5a6485e,no_friction
4a72f94b-49bc-4cdd-b410-d074d78b154e,poor_recommendations
d71f5d0d-eef5-4462-a45f-bb675af61371,delivery_uncertainty
46921264-d530-4b8d-a079-57524d38b5c0,price_shock
73399a88-82e9-489a-a086-bb017a03ffbb,payment_failure
7dad3e78-1de3-4a6a-a7be-cd5ab82cb651,unclear_product_info
ace463c7-5951-45d0-b6df-fe2753719969,price_shock
59156c7a-b361-4720-b3b9-792ae0b541b8,payment_failure
103aa05f-480e-4420-bdb5-c6e5fe669eeb,delivery_uncertainty
12cf7884-d16a-4ff6-9efe-247dfd5ef181,no_friction
73a52516-f249-4696-8e61-66d2c1395718,payment_failure
c648ae61-91e2-49a6-b1d9-50447422a03d,no_friction
1f0e6bb9-ea41-4567-ac6d-0e94274e3b39,poor_recommendations
f4c14a41-c86c-4ff3-9c77-f516aa2ad801,unclear_product_info
e131a18a-1178-47c3-8552-ee832b12d92e,unclear_product_info
4a821241-0271-4da6-bcdd-78a0263ca24b,payment_failure
260e693d-1703-477c-b181-c378512f7202,no_friction
e4b8856f-95a0-4e4f-8795-0cb84eac9fe2,payment_failure
6df74f5c-8a2b-43fe-a251-7fa979882508,delivery_uncertainty
722438f3-1ec9-4cb0-a363-bd281faeb85c,poor_recommendations
261c7ca7-bea2-4b3e-894c-f2f8a24c07ea,poor_recommendations
cce1f397-ced3-4ada-be9e-af4b5912eb5f,post_purchase_anxiety
13d6db37-b355-4a7c-a1b7-e6f1837f76df,payment_failure
c6bcc082-cf1f-4d3f-a30e-1af4021676c3,payment_failure
1afb466d-680c-4ef2-8369-308c6e53ded1,no_friction
9ec3e8b1-3815-40e7-9ff1-2e3b302725e7,post_purchase_anxiety
414c445c-b254-4b77-ba8d-c4b903d38beb,no_friction
752d9d15-274b-4016-bd7c-0590031740ab,no_friction
13a16290-2e10-4acf-89bd-f7c68b129f86,poor_recommendations
1176e39f-9bbe-434a-b6ae-b6ae489c16a5,payment_failure
7c0c7835-1183-4017-b3bc-1189c5193532,delivery_uncertainty
3df6e9b3-9a78-4134-bc74-9a4e04dfcd88,poor_recommendations
6a601a0a-7027-48ea-b796-65823349eb27,no_friction
fa325244-e0f1-4902-8bc9-a93cbb63b4df,no_friction
3e1311ee-a7a1-47aa-8858-43069b8ead09,no_friction
b8ab107d-72e6-456b-8234-35f0bb433b15,no_friction
ba5ccd14-b2a6-4842-915f-86148b46c71d,delivery_uncertainty
947917b5-d4ab-425c-b686-9f2e3acdee23,no_friction
d99ea7d5-aa00-47c2-bd86-6a14d8e43fe3,post_purchase_anxiety
dad24490-d970-4557-a808-48da5ae6451b,delivery_uncertainty
95ba8346-19b1-4533-89e0-36a23daf71ca,poor_recommendations
23588067-bbcd-4d6f-ab2d-ada04692d02f,no_friction
e9f3a8ff-a498-4f91-a972-c2ca183a9120,no_friction
d80e2792-a1eb-4a9d-89b3-3d6c34f0ba0f,delivery_uncertainty
1f9acaa9-92fc-40d5-a2b6-2990f207c30e,unclear_product_info
282c6f1e-c5c6-4dc9-94d7-e67b99e8cd3f,unclear_product_info
77fd5c3e-a62c-42bf-8dcb-4b944a4968ed,payment_failure
2b8693a8-5dd4-44a7-b35d-2acf50e88f36,poor_recommendations
5b20e7aa-65a4-49ab-a401-5ed43e23b4e7,delivery_uncertainty
73e60b21-2034-4863-b0f9-62d0b05aa1f5,post_purchase_anxiety
cb344345-bbef-4692-bbf4-a12676bf1a43,no_friction
ce9d75c4-1928-4758-87bf-623aa0894446,no_friction
fe133a28-d517-410b-9e42-5ac0bc268650,no_friction
a597bfa4-d899-4b8f-b655-4f478fae80c1,no_friction
3bf4d9c5-3603-4786-9ff6-35e71f10f7b0,price_shock
5c87fea3-df11-45c7-a94d-4adb7272ed22,unclear_product_info
11c90b8f-8a91-4bd8-8627-19a896af7dda,unclear_product_info
e483c675-d37e-4cee-9604-7e8ac8c2e003,no_friction
7a8eedef-fbd4-4654-b2db-9756fd0eb2b8,payment_failure
e69a5d80-6d72-44c1-a773-036e0218e4a4,no_friction
1d065f81-b03b-49c2-8c78-485ca004a27a,no_friction
41c781ae-c7d9-4991-a2d8-adb5a0689fc6,unclear_product_info
27d52c00-0576-4003-ac0a-35042b2439df,post_purchase_anxiety
c7614a01-a6af-45c0-b3ed-028293ff392e,no_friction
d67424d6-85f4-4581-a0b4-ed01e967777d,no_friction
6236b7e3-2092-475a-a96e-ecf50b1fccb6,no_friction
fb114440-985a-47ad-9a72-1d59690c6452,no_friction
ae2d626d-0855-4fcb-8880-cf0a90f736aa,no_friction
438433e7-32f7-47d0-82bc-eee45908b925,no_friction
c8ce7494-afd0-4a4f-8381-890c3eebcb6e,no_friction
52388b1f-6c64-4b81-bda7-4adfb7fcee7d,price_shock
07260b78-46b8-4ceb-88b7-37255cebe0d1,unclear_product_info
96e3addb-fb3d-4fec-a71b-54e2543b831b,no_friction
2988a74e-287a-4d65-b2e4-1ec276513ece,unclear_product_info
1bc18aa2-8e91-4f35-a956-63c1ef301fb7,no_friction
398e75d9-438a-413b-b9d1-1a20ce907cd8,unclear_product_info
c4eb4dea-dd43-4751-9831-cbce9281cb98,unclear_product_info
fc08e94d-0db4-473c-ad4d-574f35443cad,no_friction
82d6fde2-cc0e-4dbf-9f25-9f754e0d1467,delivery_uncertainty
62691a4e-4c98-48fd-84eb-4aa7fdd1cfaf,post_purchase_anxiety
2c7b0851-9228-4b5d-960d-a0b87eacc877,no_friction
dda1c35d-3983-4db5-ac05-7fd9192e2696,no_friction
4fc36cd4-bf19-4018-af0f-9b686f06264e,payment_failure
a4e20011-47d5-4fdd-98cd-eb4de9e1d8ab,poor_recommendations
2b0c84a8-8cc5-4add-96cd-a02485742469,unclear_product_info
79c275a3-b6b2-4b53-afe1-4c55bc07eabb,price_shock
c6ba2ddd-2934-4704-9b7b-b7efe03894be,no_friction
4d930721-c3d8-4de4-86d3-dba4d263d18b,no_friction
c6d6962c-4adc-42fe-92dc-0e7c914995ae,poor_recommendations
b3a2dcaf-75d3-443d-93f3-fdd0e435b7d6,payment_failure
f4baff4f-419a-4685-86a8-2d88bd291e25,payment_failure
dbf9013b-d692-44a0-9ada-ce4cb113231d,post_purchase_anxiety
251f74b5-2d8d-4779-baae-16617a14c02f,no_friction
f1d960c8-1cc6-4ba3-9a91-412b9edc2646,no_friction
6534cad7-b74f-4c05-9de1-bbe01b736ef0,no_friction
f03207dd-ed1c-48b3-ac6c-6bc7030268fe,no_friction
dab5bdfa-2330-4fab-80fb-91f2c9885912,poor_recommendations
d0952f1e-8a45-465f-bb91-53e6a88fc9fc,price_shock
1a1fadca-e953-40e0-9f7c-dcabc5386cb9,unclear_product_info
7cd7582a-721a-45d2-9dbf-c86a90750894,no_friction
e1d28224-50b5-4c97-9868-4ac9392f45e9,no_friction
b3c89c87-e976-459e-bc76-6acb21f8c8db,delivery_uncertainty
0b3681a4-ec5c-4e4b-9335-f4a751edbb83,no_friction
2b016bcd-49af-487b-8b57-9140ff8258e4,no_friction
819e770d-9a10-4459-95a0-4b5be2396958,no_friction
1b2d42f2-5cdd-4dec-a4c0-604c777d7aa0,no_friction
fa82d42e-0ba2-4acf-b100-9422f0e9c3da,payment_failure
db605964-0def-44ba-8fe1-6ef822e97f2e,unclear_product_info
93973766-d9ae-4e36-9bc9-053d0331e860,unclear_product_info
59caef34-7add-4b23-ad30-11bc3e9e4901,payment_failure
bb17fce1-215c-4daf-9ad6-41c47dc00c22,unclear_product_info
4fa9a68e-3e93-48e8-83e6-5f0b07389470,no_friction
fb8c5874-173e-4a5f-93ff-418f06d33c4b,no_friction
4bbd567c-67c3-4414-b2fd-697358000633,delivery_uncertainty
98c4a5fe-4c29-46fa-b8de-db80a5c6a320,poor_recommendations
4bfcbcad-6690-45ba-a1a9-64c06cb4f520,price_shock
47d219f9-5e46-4f14-8d91-6a50511355a1,no_friction
cf47f2d8-cec2-4bd7-96e5-3d7fda9ff59d,poor_recommendations
4303b92e-f2fc-4602-b8a9-9573815c8f5e,unclear_product_info
1f89fe99-1a80-472f-8791-15a425694d52,no_friction
e53d0b14-891f-4e93-9210-b3c0c174ccf2,no_friction
adb7ab72-4509-4f9d-a053-4c6f29e02167,no_friction
8e516062-5503-4b18-9907-a5bf5ec0ffd9,post_purchase_anxiety
84b657b1-aa8d-4bee-bb67-94a36e17aa38,no_friction
c43f95de-7b3f-4da7-aeaf-dfe124b6c61c,payment_failure
3062c313-9af8-486a-80f0-e50e7da10637,no_friction
dafdca6e-4b1a-4fe7-a982-cd165b98e8c2,payment_failure
403b4b38-060b-45d4-8431-ed70f3d155eb,delivery_uncertainty
c15c3327-2547-4e45-85bf-19150681e7dd,delivery_uncertainty
2ee744cd-b988-4177-a220-d1327f735f4b,unclear_product_info
b441d660-1e1f-4a99-91e8-61d3428c4d58,unclear_product_info
51665743-c5bc-4019-98c1-a50cf7efe4b6,no_friction
986dd6b5-4962-4462-a92c-1ec7552191ae,unclear_product_info
f63bc845-47bc-40b2-95c4-cdf54b74ac41,no_friction
022df5d3-337b-497d-aa74-7ed1cc1336a4,price_shock
fe950cfe-0c93-4129-a5e2-0f203b9bdd6b,no_friction
2b4b8fc3-cae2-4422-8961-e501b129e630,no_friction
fbdb2df1-1a86-4e38-b19c-5cef32519291,unclear_product_info
0d0a965f-ec16-46f1-8b3b-234556bc2e70,unclear_product_info
b526d124-91cf-43de-a32f-437615fccaf5,no_friction
b1008f63-2eea-477f-aa93-dcaa53e3e297,unclear_product_info
03963d7c-71f1-491d-aa26-2241c3ccb0c1,no_friction
1445f90f-43be-4416-93f6-fd30d6c5bd1d,delivery_uncertainty
e969e930-3389-42a0-becc-028c1b31110d,unclear_product_info
2b1decd3-ea07-458c-97df-0ea1699548bc,price_shock
6325c743-ea4c-43c2-be00-5c69c50383a1,payment_failure
e2dfc86b-ae01-4a2a-a157-c3a36ce3f55f,post_purchase_anxiety
9981068f-ec38-4644-a3e7-8847dcce667a,delivery_uncertainty
2bd030d2-9f93-4eef-84ad-b06f0ec6ea6b,post_purchase_anxiety
d762717a-e60e-4616-8d9f-b1813d3674cb,no_friction
51119039-bf30-4f5d-93f0-a39e0e7dbece,price_shock
4f8ad927-6414-47d3-a44d-ce353bd00f02,no_friction
914dca7f-5775-4bc9-b3ac-4986132d8e42,no_friction
8d4edae4-7cb8-4a16-95f2-85cecbf39f1c,price_shock
20ee8e92-4d96-48b2-98d9-1b3bcafad8b6,no_friction
227d2627-5f53-48d3-8677-b35c67846e83,payment_failure
fe2bfc04-e5ea-4052-a499-52c4334b90fd,no_friction
d72658e0-b8c0-441f-a8b9-d4d1c08e4725,no_friction
e7aa5e29-44b4-4234-bf72-803fce5bd965,no_friction
4165273a-603a-4ce7-8c4a-e9afe5c1fffa,unclear_product_info
0e5858ac-70c1-4291-9815-814a3631ae57,no_friction
61dfb00d-7cde-4677-bba9-09252393bc5e,no_friction
0e0a1683-3543-4c92-9d9c-586e284681a7,delivery_uncertainty
db1dc2e1-f64b-406c-ac4c-eb5826376c53,poor_recommendations
392429ac-4c47-4570-8e6f-c0f213b30314,unclear_product_info
b69dbfbd-2696-4371-9b4d-0ec8d6b6630b,no_friction
2e898f70-68d4-4030-a09a-fc6fae0ad813,no_friction
bfcfeff3-7784-4002-b2ad-fe2a789456d1,no_friction
407aeae1-fd5e-433c-b753-e2f5bfb7ee43,no_friction
4cb2b91d-9308-4b7c-a968-c0a919076d86,poor_recommendations
f5d6c8dd-7e82-401e-af17-2eeb53b0f173,post_purchase_anxiety
b5572dc2-6225-4733-9153-e0179df2ec33,price_shock
6f3d5e7d-8608-4a5f-9671-ed5220229825,payment_failure
9c3b1c54-c5b2-4d2d-aeee-38c02f20e8a1,no_friction
d59b02c1-9653-4046-b438-4d5565ba5323,no_friction
8af40866-8c43-4543-aa40-2a99e857ffd2,payment_failure
b3cb16f7-34a0-43c2-b370-de3a30a57e95,unclear_product_info
462513aa-0d3e-4fd8-99ee-87345801c861,no_friction
dff5c206-ae21-4fdf-b5d9-9e2b479d4ca2,no_friction
393351dd-82ff-42b0-a1b8-f8acd525e0f8,no_friction
7e3cb7af-64be-42d4-b1f8-ce6ddef8d09f,delivery_uncertainty
6b83974b-ea71-4589-babe-1fbcc9c1cc59,no_friction
b6c6668c-f111-4770-b42b-62cfaad007d5,no_friction
ab6b9e81-e9c9-44e6-9430-f3efe1eb1238,post_purchase_anxiety
b5975d84-93c2-431e-a07f-1ab8644ecaea,unclear_product_info
99cce879-537f-416a-84d0-5985613510f5,poor_recommendations
4dcdfbd9-7100-4abf-bbba-116370206b5a,no_friction
a8762d75-e008-4774-bc4b-16d00058033b,no_friction
519c53a4-2d52-433b-99f7-6e07961fe131,delivery_uncertainty
8584907f-816b-4d76-a238-efbe8e8e08e1,no_friction
1e752a9c-5c8c-44a7-98b5-147ef33cab36,no_friction
e110ae73-d768-4cc5-ad4b-1e04e811011f,delivery_uncertainty
7e1b4a45-db0c-4961-b39b-24c578dd6678,unclear_product_info
d2907f80-4370-4599-ad0f-b3509be5bb0b,payment_failure
24c0a885-e17c-4c84-817f-d5d51eccbfc9,payment_failure
98e06139-8dd9-4025-a5c9-de4ef69ddedf,payment_failure
1b45a571-64a4-4222-b17d-3b7651503e3c,unclear_product_info
87715c9f-4a00-4c9c-bca4-70c42706f651,no_friction
63bec8b4-d2b8-48c6-91c3-453baa19f67a,no_friction
bceab397-fc1d-4782-9c0e-d80792b75951,no_friction
6d8746c3-7b88-46bd-b20f-2bded8503002,post_purchase_anxiety
4278ab62-58c6-4e52-ba5e-d1e823547960,no_friction
c07a659c-a091-4565-88bf-130f74baf101,payment_failure
b6c18208-2f44-469a-8767-c82e74f2ef7f,no_friction
18f6f26c-df3e-4a92-977d-058b06a282b3,no_friction
d1c9049d-cfc7-4a44-81cb-2d7c63b68366,no_friction
97f40908-676d-4849-b6c9-29afd5e0a87e,price_shock
19287cbd-b227-4a32-92f0-3cb522dec71e,payment_failure
f793b387-d9f5-4e5d-a38f-cdfcd1350b18,no_friction
38caef7f-956d-4312-9732-3469adfd4327,price_shock
f1f1569b-95af-4357-bf09-f1704596d5d2,unclear_product_info
6f366e37-317c-4e03-ac40-7090116d73b3,delivery_uncertainty
ef50cba6-4c06-4415-a903-99a4b1a0c3df,no_friction
74f929d6-f9ac-4714-aa29-f47ec0dee693,no_friction
5db84d4a-7bd7-434c-85a9-14b2de399c5c,no_friction
ea0a43d1-1723-4199-a29a-dc72dac3f9d9,no_friction
d7cb4fd1-2aff-486c-b6dc-600847a4231e,payment_failure
063e95bf-aa44-4a52-9782-6e9a772c388f,poor_recommendations
787f7eae-e5a7-47c4-8f83-74581bbdbd68,unclear_product_info
486d4c47-0fad-4b4f-8c89-ceb09b129552,post_purchase_anxiety
35a50547-8eb3-4b0b-bd04-644ba711962c,payment_failure
74471961-c293-49b9-8d20-651e69362df7,no_friction
8465f6b0-45b0-4049-b7f6-aad651b0ec90,no_friction
a2292b6d-d777-418e-bb18-e16612831f1e,no_friction
8bb03350-fe69-4034-9abf-328cfdc7bd78,no_friction
2b4a587a-2993-44b0-9076-dce3e51f5777,no_friction
3d1bf862-b2c2-4985-85d3-c5cdae701626,post_purchase_anxiety
1c45848c-6425-4f68-a39f-a21dfea450fc,post_purchase_anxiety
87c78796-a2b5-4e88-a30a-4cde9318abb0,no_friction
dc984220-5231-4c5d-af06-6c86ef0d0e57,no_friction
8baea0d3-8791-41f3-a3cb-b09b95d5a5f5,no_friction
64b9a76d-8146-4bea-bbb6-fe8aa4b689aa,unclear_product_info
5ec36755-ef7a-4598-a171-2b606d6ef0a7,no_friction
302c1522-eac5-4da4-b3a2-85934e803b3d,no_friction
c316cdc5-f7d8-47c6-95da-4f87a2d55620,post_purchase_anxiety
8538ac85-4119-488a-aa4a-3948e3841b75,payment_failure
3ff872ef-b12e-437a-9c01-41aa4d074f52,no_friction
26a4a2c1-699e-4e5e-8bb9-e2e0a6f19b4d,post_purchase_anxiety
beea4008-805f-4228-b378-dec4ac4ca42b,post_purchase_anxiety
55932493-ec5b-4771-a9d2-af9d11140572,price_shock
00e5c4ef-41a1-4e54-b7a9-397cde09e2bd,unclear_product_info
82e5a1a7-135f-412c-a16a-7ce22e1ee223,no_friction
405ac73e-90ef-48b3-a3bb-4122d9ffb0f4,delivery_uncertainty
75f3c2ab-5194-44c5-a406-bbc2539cb8ca,unclear_product_info
f38fb8c8-2e81-48a2-b5a2-0aba371119a6,no_friction
7ade45b1-65d7-46d9-ba12-dad17564d65c,price_shock
7d63328e-908d-4c14-a504-d326ee508ac5,no_friction
e09469b3-79d7-4051-b306-2111393b0b90,price_shock
39ee3d0e-3e38-4846-972e-b6349dc766e7,no_friction
cb35d06c-f107-455e-9486-ff19b46716e0,no_friction
b2213981-f526-482c-ac89-b4f664d3a7d3,unclear_product_info
2ed645e3-87fb-46dc-ab56-334a4210f64b,unclear_product_info
b68e228a-25d1-44a4-89d9-22075242a4c3,no_friction
636f57c1-4863-4b72-96c1-5e6f50398cda,unclear_product_info
3b5af804-b1eb-49e8-b3ce-789953e39116,no_friction
a6c027c8-2621-4dd4-9f84-6c829f63cf37,poor_recommendations
acaf13d3-04f9-40a0-b25f-dd3ef62902e6,payment_failure
6383f0b2-906b-44fd-8e32-0829f4845f3b,payment_failure
2fb4b0b7-a74d-4614-b40b-b1366a18c6ee,no_friction
2cdc0528-9967-48f1-a0cc-ba3debba2421,no_friction
fbce7900-09cb-4849-9b2b-ab3c7f3d636b,delivery_uncertainty
0c9ab83a-119e-450f-834b-6866d77c849f,no_friction
a2a3110d-b109-4c76-bc33-30a265f95bc1,no_friction
96384541-aa8c-4f20-96e2-7f6767e45c01,no_friction
0fb4b30b-f5cf-43db-92df-8fb2a5e06232,no_friction
63f9f57f-7f6f-45d0-b4dc-8083b0ed8bb5,price_shock
3be69e30-4e58-4ad4-b185-98bbe8965791,no_friction
1b2fe85d-2610-467b-a366-6115842ca84b,no_friction
8ef25a27-6228-4075-b1d6-59571c393357,delivery_uncertainty
9777a007-8122-463b-860b-e7d4cd80c1d5,no_friction
f151c091-c219-474e-b4c6-1b008315fd02,no_friction
cb707ee3-26f6-4cd5-ba86-967aeb619a5e,unclear_product_info
af0b0d1c-7d4f-405c-95c8-7fc74cb85c01,no_friction
6d9fc7ac-530f-43e9-8e2e-4dba31c0311a,no_friction
a706c80e-6428-487f-89d9-ebd3761088ff,payment_failure
48fc5000-6e89-443a-9736-5bb16b73f2ca,unclear_product_info
8068d4af-9676-4b85-af7f-604e013859b4,no_friction
ddff2d91-e8e6-4775-975b-ee0d061bc3f2,no_friction
9d9c6644-58ec-43b1-9325-5a68d8d57057,no_friction
b5fbba31-a4e1-4f41-b27c-ea4dab6010cd,no_friction
296f9195-c89f-49b9-9b8d-839d3414d0e4,delivery_uncertainty
52b8327f-34ae-469f-bfc4-5bc1adf7fe59,no_friction
25aa9bc0-26e1-481c-ac46-c3e4a1c2e11c,price_shock
d97582fa-c203-4ca8-bc4f-65490144f738,unclear_product_info
b48c940e-0bef-49c1-8136-f87f000a5a6c,no_friction
51a5f221-05f2-45ba-aab8-0ddb298f3308,poor_recommendations
5ae095b4-b036-4edf-8746-0b54f76a4ee2,no_friction
eaf9a60f-b5ba-4853-9b80-2e11d7d03d74,delivery_uncertainty
e73677fb-b501-44df-8558-907ab9f8721d,no_friction
616a17bb-edb0-4c1b-a00d-9d0116c6ff30,no_friction
123e92c0-acf6-402c-a3f5-6d2f5bad4808,post_purchase_anxiety
8534d33a-f116-4d47-9be6-1f7d47395a3e,no_friction
7e804da2-38e6-4856-b38f-bbf51052236f,no_friction
21dd4186-7981-472a-bc3b-ca4db3ea0f74,price_shock
fb6e9498-37c9-41bd-b37c-aac389441648,payment_failure
c887836d-ca76-4ee8-9fa1-f1a8fa3d7e44,no_friction
abd69a94-2205-48b9-92e0-f3918c63fc87,no_friction
c2ad83b2-00a5-4975-8be9-b3c372a44453,payment_failure
8f46769f-1ab2-4eed-a931-236b2ac61aae,post_purchase_anxiety
f0838b52-fbac-48b6-bb50-e941b988b9c9,no_friction
aa980dc1-e5f7-4700-a8f3-3e8bed47e33b,post_purchase_anxiety
28fa0fc2-f3aa-4aef-b7fa-6ef64ac00f0a,no_friction
c1271a1c-bf90-4be0-b47a-887076dec0a7,no_friction
441bebd0-b3ae-411d-85b5-49a9098af380,post_purchase_anxiety
35c77fe4-2603-4c15-8ca9-f88826bdece3,no_friction
25409601-cfda-43eb-965e-388bb820d650,no_friction
57288c09-c657-472f-82ca-f75cfb3fbcc7,post_purchase_anxiety
0ea92ac0-c5fa-4c65-9981-8bbddb19f956,no_friction
be06675a-5565-4563-a452-d2e0b6542ba2,no_friction
479b2d99-b104-4947-9315-41533d1ed6f2,payment_failure
9c074f30-dc49-4dd2-89c1-a690459f4417,no_friction
ec1bfa5f-d379-46d0-90a1-fc1369c3467a,payment_failure
4155d0f0-b918-4d26-a77b-c58517ac4609,unclear_product_info
e1a14c97-5da1-4133-b300-3446a67a32ab,price_shock
7e8e0a62-2c77-441e-8f0d-29b780b83641,poor_recommendations
4b7febc9-dcc9-4eae-8265-d2093fa33d2c,poor_recommendations
2b6aa22f-8996-43b8-bc0a-1948783cd7bc,payment_failure
f5edf1f1-cd82-4fcf-928d-e13265a626cd,delivery_uncertainty
07cb9d10-0cce-4dd0-bdde-e83a094255aa,no_friction
aa6c8122-a4c0-4a65-aad4-0dca8da777e4,delivery_uncertainty
61f91078-c59a-4761-8dc4-8ed56e300a10,no_friction
5210dfb3-a8b6-42b2-bf2c-e73df606f425,no_friction
a4bf84fc-19bb-47f1-985e-aa8c83f7d3b3,poor_recommendations
0ef62246-4466-4bee-904f-89ced2fb0973,poor_recommendations
4c31435f-b7a2-46b6-b119-c6a403835916,delivery_uncertainty
b0563923-6182-4fac-9b69-b44c45851ce2,price_shock
df6cb42e-8711-4671-b1e8-8be45cba1d8c,no_friction
df5eee36-247b-4b63-a554-7597c7c5cc7c,poor_recommendations
4cfc6f8e-fa95-4205-a87b-7fb611a020a1,unclear_product_info
64b64802-86d2-4e68-904a-8fa75378b245,poor_recommendations
67ce5518-6695-4bfa-b499-fe32e435026a,price_shock
30040125-43e7-4482-b9a3-6f37dd1f9257,payment_failure
c25a933e-a996-4c0f-b02b-ec74e956e904,no_friction
bf83d49f-e934-44e0-9fb9-f8521b64d58e,no_friction
def7e1b9-91b2-450d-b0e8-e858c9dd514e,no_friction
3bb73caa-3c44-4954-80f6-b88eb59e7711,no_friction
963ef7ab-84fc-4157-ba69-1d6d6cee4ae0,no_friction
eaa03cfc-5a09-489f-9e32-38ac96b1aabe,no_friction
1bd06812-2c9d-4713-9259-ed8a94d5b684,no_friction
286e72b9-b748-40f8-93e6-37335d9a5ac1,post_purchase_anxiety
df7412c1-9e89-4eb8-9df9-fddc9a6ea06b,unclear_product_info
7176ca7f-f705-497e-92cf-18631d4bc65b,no_friction
e9d91af4-25f3-4440-957f-693587eee245,price_shock
6c8d085a-30a2-4baf-9cdb-7ff83f19dc36,no_friction
d7d8fde5-2220-4d38-971d-75fb25e4b06c,no_friction
870a6bd2-666d-4e0d-88fc-670894f60bb0,unclear_product_info
08ffd2f3-8458-4c4e-a4c5-ca3b8a10f50a,no_friction
af324f44-c4d9-4dfc-84e0-8daa07c3e4eb,no_friction
a1a7ceac-cd0f-4f08-afe4-b4c55ec5498e,no_friction
abaaa622-2792-40fc-bf5c-42177aa698fa,payment_failure
b4b39ef6-f822-4573-8042-b8f74f113f01,price_shock
8fdc4faa-130b-4771-9692-de86247f0245,no_friction
2304ecf4-157b-4028-8502-af361117df47,delivery_uncertainty
5c742745-e8aa-4994-b0a9-e06dd7b52d69,no_friction
89b3ecdf-a7bb-46e6-905a-ac61e6bf5b28,no_friction
ed56dd4b-bd8c-419c-b3b1-1bb306674dad,poor_recommendations
f9664d74-e3f5-4708-838b-3676299b50fd,price_shock
815028a5-77d8-4a0d-b73f-9f01db876e41,unclear_product_info
76f91797-3ba7-492c-8e21-c8d0d90f71bb,no_friction
c47baae4-8e5d-414e-bdbc-ba74120f81c5,post_purchase_anxiety
9c248294-4867-47ff-9da5-ae30cd8aa225,no_friction
1c82aa81-361d-46f7-bdb6-ac8ffcc2ea6d,payment_failure
8cd2076f-2022-4d41-aa72-cbb752781ad3,price_shock
cf234997-e476-4788-97c1-5b68aececb71,poor_recommendations
7f82f3f1-9c1f-41f9-bdb4-8ff1f1c11cb8,delivery_uncertainty
efc13c8b-bf2a-42cd-9d0b-933d2b85f02b,delivery_uncertainty
fd38eb0f-c22d-43e8-ab12-feedcccbd980,delivery_uncertainty
be9484bb-b7ca-48f9-8625-4c27c02aa75e,no_friction
25ee2151-4517-4010-a578-6e3c563f78a4,unclear_product_info
e869a355-3d72-4ddc-9bc6-2d4664ff5c7d,no_friction
3e4d22df-ac3a-443c-b449-d1078d4b45c5,no_friction
87a96f85-c712-4e39-9697-a7c2c684b888,delivery_uncertainty
6e0c06f8-29b2-483f-9f19-a31b0b285c25,no_friction
6494e23a-7211-492d-8540-526a4dfbfb34,unclear_product_info
edc15b98-8592-489a-9fb3-4fb5d2d37a55,delivery_uncertainty
e6fd1d7b-cadd-4dad-b0f5-ad771a5a8f59,no_friction
1d9ef600-eaab-400a-92ca-5d7a733b3dc3,payment_failure
fafca8f0-bdcf-423b-aa1f-f40119e606f4,delivery_uncertainty
a4171fe4-2656-42f5-acbe-5db7f5a7872d,price_shock
43a2e123-51f3-4d83-943e-81db3dbb3c1d,unclear_product_info
4d1ec80c-7190-4a9e-9ad3-dbe8eaf436bb,price_shock
5daaedc1-dc1a-4b00-ae6e-6556c15e392b,payment_failure
e7a383ae-ca21-488b-961f-fb5fa4bfdfc4,no_friction
0c80be8f-cccf-4d65-b994-2e7ea40c02ba,no_friction
fb151b0f-ba56-45d6-98e3-f172df7afde6,poor_recommendations
bb2157cf-dbfa-4072-95bf-b6f2d08cfe4c,payment_failure
bc431e44-5975-4046-8a42-bb801707fe3c,no_friction
c029e1c5-fbaf-4dfd-b762-775b86ab13c5,no_friction
0cb019bd-068d-4a98-8ad8-0cbc25588363,no_friction
28bf9fbb-b9cb-4902-9d4c-07f69797eac0,unclear_product_info
a4e6fb50-9815-4846-822f-ba1791bbba49,no_friction
7c54cbe6-911f-4ddf-8a87-ef281bdd2517,delivery_uncertainty
4a485981-3f85-469f-bf11-79c3719eb590,no_friction
9edce612-4942-4a69-a545-4998402c56c7,no_friction
a88cda80-8257-4fdb-bff5-e5c64a0b9510,unclear_product_info
f07dcb4f-96b0-4679-866a-b6a5d5b5033c,no_friction
7e1633f9-29df-43eb-8a98-cab7fe64e2b3,payment_failure
750ffa49-2604-4b0f-8778-3f530b195863,no_friction
280f1867-07b8-4e47-a235-9466de418082,no_friction
e5bc0eb0-da1c-4ce6-88dd-028c7e4cdb22,post_purchase_anxiety
1023777c-38f8-4832-9416-a90dd3788f8a,unclear_product_info
efc72ddd-31af-45de-a734-659993e05134,no_friction
8a7199a3-3886-4e63-aacd-b68b998984bb,payment_failure
c82d3611-c8d1-4b34-8c06-6faa3b2b5490,no_friction
b3742ec8-3020-4015-8917-dc457a072355,unclear_product_info
101cb0f8-f0da-4ed9-8950-bedb5c90ba02,poor_recommendations
0cd58fe4-25f7-44aa-a9dc-21666755ff43,unclear_product_info
dcecca23-e785-4a0a-855a-7c81c262197f,post_purchase_anxiety
f404e8f9-a8fa-41ab-83bc-b27783dbae40,payment_failure
ea51d9fa-4eb3-4474-ba30-533cb69e4bc2,price_shock
7034929c-e514-4c4b-9ee3-e53ff51d7f9b,poor_recommendations
370587c6-7fe3-4518-ace6-aea898f98b9c,post_purchase_anxiety
290d446d-a0bf-4f18-8371-0b06750a7716,delivery_uncertainty
cbb61647-fbd0-4162-8340-9275d19c1f72,payment_failure
dae920de-0056-46d4-a3c7-bf4c484c263b,unclear_product_info
9b4ae805-0b55-4c36-97bb-19e588d9ac51,payment_failure
a21201d1-193f-439f-b50d-8e5b802823b2,no_friction
203b0b13-ef39-4706-9b3e-46eafc7bf5d8,post_purchase_anxiety
323b6406-cdc6-42fe-8f61-78c8262d36ba,no_friction
59623217-ddb1-46af-b972-a7abe30e986c,no_friction
4e2e38c2-95da-42b0-a9fc-67151c79c1ac,delivery_uncertainty
6577cf34-e817-4b08-8e69-b8d78f7a16f2,poor_recommendations
fd97d7ca-238d-4e11-aac0-110442a50061,poor_recommendations
d8eb251e-eff9-4f9f-8884-f5c49ffaff7f,no_friction
72252323-a3aa-41a7-a81a-99677885a42f,no_friction
581a59ba-6a4a-4826-adcb-dda9e144518e,no_friction
45a4f3f0-c8ae-43e7-b5e2-ae996e5631d8,no_friction
d672784f-36f6-4d60-8918-a4b53cebc0ae,delivery_uncertainty
d797de66-1f40-4e02-a636-dc84576d7f6f,no_friction
884f5905-eb29-4ef5-a855-ba84d9c9c437,price_shock
4446dfce-3df4-4192-b1e5-f0ef7de9ef9d,price_shock
b3ca373c-4e33-4fb8-bce6-bca67d90f277,no_friction
bc18e627-29ec-47f0-98b9-2df8945c91fe,delivery_uncertainty
3018a02d-9e95-4bf3-a703-fe4ccd4b6544,no_friction
e931867b-2e13-4c6e-b9d8-7a0359d0df41,poor_recommendations
6d1dd72e-5a62-4340-a6fb-039ea032857d,no_friction
00d4f04a-4f62-4551-b90e-e2cd197b682f,delivery_uncertainty
90b50f54-f3c2-4fa3-86bf-735724fe2c13,delivery_uncertainty
464588da-e43f-44b3-a3fa-1dd87b14e861,price_shock
a04c6dc8-e98d-4ea3-910d-e415353b9ac4,no_friction
c76cc57d-9d3d-4205-99c8-7c3ad0935a13,post_purchase_anxiety
1748db92-5e19-4e80-b52c-dda59ca4cb34,no_friction
c4de354d-cca8-4c1e-8cc4-e10f5d7787e6,no_friction
f430a593-00c2-48dd-af0f-75c5cd854a07,no_friction
c18e9142-0052-4805-9f33-8767c98437a8,payment_failure
1623c960-1709-46ee-ac00-3c5d8f1d6787,unclear_product_info
26c33533-e63b-4015-8953-8172f1cf4bd5,price_shock
9204d6b8-c182-4210-8ad0-2705f980fcf3,poor_recommendations
118c4c36-49a5-4ab7-bf2d-d625fc73c988,price_shock
0f1de35a-3d87-4346-abbe-623edfdc399e,payment_failure
5ce523de-e58c-4c04-a7a2-02960951c54b,payment_failure
d9e1bcfa-869a-456b-9f50-7c3b24eb7ec0,unclear_product_info
d0f7ee1a-4622-437d-a508-6023283e6597,delivery_uncertainty
b2b6be01-bf86-40a2-b40c-a6a46ebfc1ba,post_purchase_anxiety
9456a283-f781-43f6-b39b-63876d7ee7d0,no_friction
dca92bfb-42a3-40e6-8b8d-88052904c14d,price_shock
d9d8f16a-0f0c-4d50-9d89-5d98fb696a3d,no_friction
6730782e-3e28-4fcc-aea6-8cf4dc92b31f,delivery_uncertainty
33ef7e08-256f-4bda-ac9d-2ac27bba050b,no_friction
3e1d6924-c5a4-45ff-ae68-c0f45d225e9d,payment_failure
9c0b0b70-9461-471a-b8ae-bb7a95d360a1,no_friction
55f97317-da67-49a0-b336-06881bd34f99,delivery_uncertainty
4de51cb8-5894-42cb-98ce-73d6b0d32063,no_friction
1b4bedc1-473c-4c0d-bdda-43d5f367ec24,price_shock
bc77afd3-56c0-49df-b1f1-93053e4e91c1,poor_recommendations
e96dc5e5-d6f8-41d1-83e8-c41083d94220,no_friction
68953141-3d1e-4b55-bbf9-43a4684a3306,post_purchase_anxiety
90508e60-58a1-4838-b04e-56627f1d9819,no_friction
7247408a-3374-4ac5-bf85-e6fe5ed142de,delivery_uncertainty
e243b990-a944-48d0-9644-32fa61c26aa9,unclear_product_info
6a05d799-fe36-402c-afb2-876adba623ab,poor_recommendations
936b72ae-204a-4c1d-bf21-00d50dd33144,no_friction
bf09083d-1d79-42f6-8e62-149671c01ce7,no_friction
38309c5d-b32e-442f-b43d-f6ac1347d04f,no_friction
cd3eb411-a3c9-43fc-9eb7-471ed0839e6c,no_friction
696b3f1f-5250-4f88-b0d9-9116e6ad0023,unclear_product_info
6a82d420-eb51-44be-a4af-9daa2451aecc,post_purchase_anxiety
e253697e-bcdd-4e05-97ad-653a43508f5d,post_purchase_anxiety
16b88936-ce26-45d3-9d56-f8584ac6eb91,no_friction
abeb141b-33ff-4d0f-a25e-adc6c18027c8,no_friction
1d160f95-b8d6-4163-ae4b-9796493a024e,delivery_uncertainty
705a3560-1932-426a-b27d-e8d5aa4086c6,post_purchase_anxiety
c4c9f11d-59e4-4d3a-aa6d-7e7912d9afec,unclear_product_info
cf6cf921-f0a1-45a0-bebf-1afb0195c981,no_friction
48b4703c-a6be-4692-841d-d4961f04e93e,no_friction
57b93995-d8d9-4b00-93e1-acd39f5be82e,poor_recommendations
10a7ea0e-a8f9-49df-a450-f10fe12b25e2,no_friction
c4f27ae9-e0d4-4f12-9ee4-713fd7a41d62,no_friction
209c450a-1610-4edf-b528-937bd096f405,post_purchase_anxiety
bc3f160f-aa95-49fa-8647-5ec2ea19ef0f,no_friction
121aa29c-9703-4c1f-84a4-af3c74a80f4a,no_friction
3f87c37b-cfaf-444f-a0c1-6f52804add5d,unclear_product_info
664b4963-5287-4ffb-bd22-16b6cc669ffa,payment_failure
1cec7168-d23d-4f62-9148-6ce999083b6b,payment_failure
5aa57078-c3db-4ae3-84b0-8785953d5edb,delivery_uncertainty
9faa0ef1-6a68-4d8c-9544-791f7a43aa1a,post_purchase_anxiety
0a266827-ca93-4e70-a7a4-23e6dc815dab,unclear_product_info
22fee884-7a9e-483c-8d49-fddefa3d8ca4,no_friction
7e2e5f4d-c7f3-48bb-8bd2-ea6d0b5c8760,no_friction
e22357a2-fdba-4736-be86-35f373927d96,unclear_product_info
e7a97c06-5d8a-451a-a1b3-00b930e00e45,no_friction
e86112c5-9afd-414f-850c-47c1cbf7864e,no_friction
c4f365e5-b37d-4798-83e7-4973a9bbc1e2,payment_failure
bff37ca7-f4e0-4ad9-bd5d-d0afa1f2aff8,no_friction
418284fb-52bf-46c5-9663-cb1d595b3a41,unclear_product_info
38d07bee-eaf7-40b8-9036-ceb37237225f,poor_recommendations
bb215ef9-be6d-4ebf-9863-52e63431e649,delivery_uncertainty
0c6f797a-7ada-4740-99b2-0ede026b7a77,payment_failure
3a5037a6-bf28-482d-8c9e-b9f3d9adaf0b,delivery_uncertainty
846f3d37-ac3d-4df6-9bc8-10ee719bae09,unclear_product_info
e0ec4d61-f942-4db2-a9f6-9d4fc08b658e,post_purchase_anxiety
4f7a4ba0-8098-4788-acf3-7453c5a26c63,unclear_product_info
7111f60a-768d-4c79-a89d-0ebcd360e5da,unclear_product_info
8264c42e-a3ee-4a5b-960c-00a73f959a5b,no_friction
55cfa482-efc8-465d-a63e-f321b5160f54,unclear_product_info
e5064376-9d57-49c5-b548-5f153738abf9,no_friction
d5036202-f7e6-415c-8678-274371e9c26b,poor_recommendations
d0d36357-82b0-42a1-92d0-7a703b0cd217,no_friction
3d51c3cc-305e-4682-985f-bc7ec0947bcc,payment_failure
87fba451-7fdf-4160-8f70-24c7955630f8,no_friction
40e04568-4bb5-40fe-84da-1ab0ad485d4f,post_purchase_anxiety
cd599655-211c-4013-bd4c-136da86f6735,no_friction
2498a6fb-71a5-4163-a0ae-769d53810460,no_friction
9c4bed59-c00f-4646-932c-2f6c2b36d29e,delivery_uncertainty
9e1fd713-a594-4fa0-83bc-c9b84da37175,poor_recommendations
3adce8c7-d707-49a3-9f6e-5905e02f047e,no_friction
5584df9c-58cf-4e9d-9c80-74f3f78ff833,no_friction
8bac729a-c2d7-46c7-8c9f-d48316d6f167,no_friction
cd0c3c16-6dd5-4482-baaa-45c49230970d,no_friction
c57e29c4-c089-4a74-843e-21b994cdd46d,payment_failure
dddbacea-d3bc-4959-94b2-3b56690bef5a,post_purchase_anxiety
974f6575-72e7-4209-966d-7e7b4a2d4ee8,poor_recommendations
17b660b3-d4e9-405b-8acc-f79a6cece877,payment_failure
f5a12fdb-80b3-4a47-93df-9fba86ff168a,payment_failure
f5157f56-c561-4119-ab06-a19b0e1a1f02,no_friction
92215178-fb50-4ac9-b85e-b436be1e81a4,price_shock
6365a213-0749-45bc-89e4-2fb68c2877dd,payment_failure
8b174c92-2540-4afb-8391-fc5989a22e9d,no_friction
e459c622-dd3e-466f-8002-1eaca0183227,unclear_product_info
c0707347-5a83-41a9-ad05-129782c94893,unclear_product_info
7803c154-f05e-4837-a84e-933b41fbffdb,payment_failure
d4a8e62d-db9e-42a8-8d86-afb35c8fe6f2,delivery_uncertainty
94d1489d-7b40-4d6b-a4d8-507819b2fb29,poor_recommendations
9a284ed5-db9a-4069-a0e4-9ff68a99fcd1,unclear_product_info
545f1522-394a-4b91-a6b1-71df5b8d254c,post_purchase_anxiety
6c73dc2a-6df3-4c1d-93d3-f469b3a543bb,post_purchase_anxiety
26b37a54-caf2-4891-86b7-24426b455b2b,delivery_uncertainty
0ec4cbb0-7343-4ac9-b534-89cd9f1dc280,poor_recommendations
b52c6294-ca40-400d-a62b-00bfb782d775,post_purchase_anxiety
359b273b-58d6-4a15-963a-6841ac6a3af3,no_friction
b552006a-6da4-4b5c-9a81-844f74909f4b,no_friction
f51acb71-726a-40c5-ad3e-63602edf9df6,no_friction
7a0f9b2c-5d05-4110-94d2-20e96c8d14f4,price_shock
c241b2c7-43ac-418a-94a9-da815636036f,post_purchase_anxiety
405bb35b-a843-4b5d-95c7-441e4e393f2f,price_shock
808e305c-79fc-4161-83a0-01236b4e0ab2,no_friction
2c34e1c9-37c9-45b6-b1ad-27d190bb67b5,no_friction
a11a5c48-0eb9-460e-b510-1656964f5b59,no_friction
ed84c324-04b8-47c2-86b1-368df87102ab,no_friction
6eae9970-4578-4461-8856-6c7d35df2c32,payment_failure
8891015d-2dac-408d-b0a8-f8a924fa3c70,no_friction
6c0e4fb6-54ab-4482-a250-8a563a1ebd3d,delivery_uncertainty
bc8f7c9b-3ff3-41a8-8943-d5b832d281fd,price_shock
038385a1-f4ac-49c9-82f1-b2c12d61a14f,delivery_uncertainty
825b2f36-2d42-456d-aee5-e152809c4e28,poor_recommendations
cc72defe-1496-45d8-ac49-206fb2a63e7a,no_friction
0832f103-8fad-4aee-b358-560d7e97733e,delivery_uncertainty
536a39b3-7591-4e06-ad65-28734737ccdc,no_friction
1b0d3ca9-a694-4806-a583-61f61abd5389,poor_recommendations
de74cd10-341b-4ae6-bc7c-af2ad0689c84,no_friction
f471d827-682d-4aeb-9151-b77ae36a29bf,no_friction
8a2d1220-7eff-41f5-aeb2-6aa89107f846,no_friction
f44d5ac3-7c25-4611-be6a-159b6d9b2f62,poor_recommendations
7465f6b2-0a8b-4509-becc-6facf8f20f81,no_friction
1eca4edb-a013-45be-ad07-b2d849f34482,no_friction
eece1089-7aca-427f-a78d-5844ad74c2eb,no_friction
68024935-ff21-4a6b-a53c-9a99edfd8a7d,unclear_product_info
2a597394-29f9-4d82-8724-2609f28c2460,price_shock
0ff31063-804b-4558-93d5-7c0718dabe1d,no_friction
44e691db-255e-4e24-a5f2-8feca6855f08,payment_failure
af7e6479-8068-4b49-935d-b26d756c27de,delivery_uncertainty
ad5ab714-3941-47cc-820d-c2f2731da8a3,no_friction
cd84a487-2d06-4584-96e3-0e9cfeb0550a,unclear_product_info
9e3f61bd-cbeb-4a1f-9850-d0be9f8b617d,no_friction
41754f3c-d18c-4502-b035-85235c0ccbcb,post_purchase_anxiety
d26699b3-4bbe-4e92-b5a1-5b4049ae1535,delivery_uncertainty
0f06ae2d-3667-41d6-9c8c-17c124ec9716,no_friction
147c42c5-f4eb-4bd5-b0dc-3908bcfde9f5,no_friction
ab2c0dda-daa7-42f4-a399-be72c43223d5,unclear_product_info
a02e50e5-76b3-4c75-84f7-e8513c8e2f63,poor_recommendations
c40685e4-9817-4f71-9ad7-96c7118725fb,no_friction
48a2712f-04b5-4821-852f-9b0ff3b7b446,price_shock
901155b8-9bb8-4326-845d-01c5298ae9ec,price_shock
2b2846b5-db3f-47fc-b143-78a63bad0efe,poor_recommendations
2dddbf89-8b62-4765-95e2-0cfa6c2a71cb,unclear_product_info
f0fac521-29e4-43c9-9d16-f81d410b4b12,no_friction
85ec5276-2745-432d-b3a6-f8087fae6bcf,payment_failure
9d18ab1c-b317-44d8-8583-9628011ca52c,price_shock
73da85c4-f03a-4662-8ee3-453be3aa87d5,unclear_product_info
631cd204-e6fb-4845-aa2b-16225210c33f,delivery_uncertainty
05070a53-4ba9-4b01-b80c-e98650210aa0,unclear_product_info
528f8a3f-85b5-4e00-95a2-04caeda5e135,no_friction
e59956c1-b2a2-4d4f-be2a-d2e60647cd57,price_shock
f4d6bd78-91d4-4c05-b82c-eb3a0c075922,delivery_uncertainty
d0294193-ba13-41f6-a2ec-25426a5d9f8e,no_friction
523ac928-81ba-4964-b449-ccb47a611153,no_friction
ec116167-c35c-45a3-9728-fc279eb12249,no_friction
5332fa06-f0fb-4b15-8402-45efc83bd0e0,poor_recommendations
ae5d4653-1cdc-4269-b726-5feacd12fbaa,no_friction
2fbcce49-3cd9-4f91-81cc-195440ddcf94,no_friction
770f4170-1689-4bca-8756-192494571191,no_friction
04535916-7b44-4a10-8d80-9cb5772461c6,payment_failure
924e1e98-abc0-4e01-b142-b4f585f3e09b,price_shock
3e69fc13-1665-4573-95e4-2e0a95bc02d0,post_purchase_anxiety
cf997ef0-32c3-4086-bc5f-d7a8dc06947c,poor_recommendations
9a2302a5-6e9d-4e47-913d-443e00116bf2,price_shock
29ac769d-6ae5-4ad4-9399-937f1fda3683,no_friction
30ea17fb-173d-427e-ad24-b08230f5a556,price_shock
b9923e35-770a-44c2-9fb5-6b21c15c7412,no_friction
6bd22694-1e96-4a80-ac70-5749a3de08cf,poor_recommendations
48f8d916-b072-4272-b24a-94d4005cd1b9,unclear_product_info
c27473eb-80b3-4905-8335-5e7d8310d675,no_friction
8394fd92-7ed7-47f1-b8a0-cb52bd33e7b9,no_friction
06f6295b-7279-4508-a500-9c1ee4867c73,payment_failure
7ee727a3-8d94-465e-9204-b0c1a1faac90,unclear_product_info
f8b40bad-f97c-4300-ae97-0edcb348a8c1,payment_failure
4d1b532c-9c51-47b3-9218-62de00d17f85,post_purchase_anxiety
8e9891de-f9c1-4bba-bcf3-310bffd16efe,no_friction
f560fdd8-ba5c-40c9-8cbc-18f7c31e1eb5,post_purchase_anxiety
74369193-c14e-4fc6-a0ba-529f63de09b3,no_friction
ca77a932-c37c-4a5d-9f71-b7b5b92f3fd2,no_friction
4555d64d-3f26-4ee5-a19f-3e6991abcd7a,poor_recommendations
04d33308-a331-4a56-b885-6c7ba65d185f,no_friction
6d259a1e-9ea7-4677-940e-1c769fe07b42,no_friction
d08683a1-3cda-4f08-b051-49a6cf078d59,unclear_product_info
d6ede443-3383-4beb-858f-951a65fdabb7,no_friction
34cffbb7-e07c-47da-ac08-6f99183fd0a2,no_friction
81561ccb-4261-4c3a-98af-2d9c3bc88800,no_friction
ff677b85-146c-4243-a623-279d53065e69,no_friction
6aff57df-8156-4a3d-8519-984aed50ea52,no_friction
e76fd72e-4a15-4124-8cbe-a1faab0eee00,payment_failure
21677d44-ee4d-469d-9270-cfed05219065,unclear_product_info
505edbee-78ca-4775-b971-130efa02b5d1,no_friction
9df94fea-5789-4025-8811-c246cdd4b63a,poor_recommendations
24dd95da-8f30-431d-817c-6b7f771adf28,no_friction
0def2745-e7bc-43c6-bc17-161546a1a263,payment_failure
02b86f55-849c-4641-8ecd-0e6970242db1,post_purchase_anxiety
75e520d6-b524-42a2-a7a7-78eb44e1fcd1,post_purchase_anxiety
70229d48-2664-43fa-87f2-daa31e246c42,no_friction
36d30891-93b6-4eb1-a755-04ac41dad2c8,no_friction
45bfc2c6-ea3c-4d99-8f35-fe0c2378471a,price_shock
edf3f870-be6b-4498-b696-267b22d290dd,no_friction
f1fe0837-38d5-41b9-90bd-de96c8cfc5f2,no_friction
520eaea0-6036-425e-92a0-8e893aeed93a,unclear_product_info
2378c222-6591-4f6c-8218-82d75d629133,poor_recommendations
559afd3f-19ff-4feb-9804-9b2e1fb02fde,poor_recommendations
dc690f33-c65e-427d-bd8f-012b10d818eb,price_shock
f0f3c700-3e36-47d5-ba73-ed47353b8226,no_friction
99fe11fe-c606-4f5e-8638-b7d15141a541,no_friction
cf7b707a-aac8-43d5-a44f-4890e241d271,poor_recommendations
2f8f8351-f5b3-4b4c-9ea7-e238940eba9f,no_friction
75309b76-453d-47e0-9297-046f54a774d3,poor_recommendations
09b3ceae-6c7f-40b2-8850-7a8122cc9125,no_friction
6722569a-908c-494b-bfc3-6793221ac40d,no_friction
5f69a400-1135-45c7-a3df-3a964baa7f79,price_shock
ae9b607b-9015-4d7e-94d3-e341077590f0,no_friction
b15db496-82ce-414d-a4e5-4c08e0f3ae4c,unclear_product_info
ead5e845-1c58-4cfd-8e8e-28355fd9b060,poor_recommendations
f7a76c63-c534-4b7c-adf3-08f2359c288b,payment_failure
edc2548c-a64f-4255-9d84-b5532ff4c7af,price_shock
1aa9d48f-cf9e-4566-b9bf-f01ef490d6ee,no_friction
a2450d4f-4f38-4848-a387-b71c4c05cd19,delivery_uncertainty
7024e925-47cd-461e-a954-6341af4e536d,post_purchase_anxiety
8b371cd6-f558-460d-9489-a338563367c8,no_friction
2d4cddf6-5a85-4fea-a41f-66402215c8ef,poor_recommendations
16be6ec8-2be3-4921-a08c-8926be82235d,post_purchase_anxiety
a12c3159-175c-48ea-b17c-2e64c1f16eb9,delivery_uncertainty
5ca15e37-1f86-4df3-8e66-6481fe2ee0da,unclear_product_info
a92dff50-8cb1-40b5-8ec1-bef3e30fae2f,post_purchase_anxiety
9d7e70df-5544-4744-8261-60bb068d4698,poor_recommendations
5a38be78-c714-45ca-b5f7-1e0618a8d105,price_shock
01a1e3a1-b391-415f-81cc-49f62054e360,unclear_product_info
fb24d52e-b2e9-48be-8b25-0c9c62630e3b,no_friction
1a88cd9e-a889-4963-8f03-14ec3146a070,unclear_product_info
38ef9753-c77f-4225-884f-4e2f1908cc10,no_friction
93895a01-3509-4121-8125-1f5a9d9ab669,payment_failure
bb404bb1-8710-4fc5-bd1f-e4630e1c1dda,no_friction
7f956c47-f997-4703-8a03-33e7f144cd80,payment_failure
3645a13e-a94d-460b-9766-112e91c5b3b9,payment_failure
681102fe-4471-42e3-ad1f-9c0c95ec7ac5,no_friction
16452eb8-84e1-4e84-b1e7-13fd34499446,no_friction
8e8a5eef-6492-4f98-93da-19d165212f0a,no_friction
d5c63688-42ed-4d39-909b-62a77c9670dc,no_friction
0d5984f7-7a11-4a86-9cd4-b063d5b06b41,no_friction
f1263ec5-5148-44fc-b8c3-8a54bc921fee,price_shock
683e889c-5313-45a7-8954-2f89cd965399,unclear_product_info
0075f25f-c667-4f96-bd09-4efe8d64d999,no_friction
ed6f6021-d8a8-4848-910a-e6da9b611b7f,payment_failure
3b727317-1224-4738-98b7-01d7397dcc33,unclear_product_info
39fca88c-6448-4b7e-a6b2-3faa879ef01d,no_friction
8a7f4c25-1913-4953-9820-7f0948911025,price_shock
77ef9422-49c5-44e0-aa68-fbea2df1238d,no_friction
db665801-376e-4677-b95f-beee1d2a5715,unclear_product_info
cd0c9e15-9428-43ac-b135-1d7c3b57e2e4,unclear_product_info
07c4719a-9e36-4f9d-88d9-c7d67cbef510,poor_recommendations
d4c72618-6aa3-4711-a2d9-19985237bd2b,no_friction
6dfb7c05-9b9f-4398-ad2f-101a232eed12,no_friction
1fef5aa2-4440-412f-a8a1-87c24002c82f,no_friction
84bfdadd-9394-4109-a406-d2920817ca5f,price_shock
aee72282-0a16-4bb5-b919-2292c551881d,post_purchase_anxiety
247bd4e2-577d-4261-9a3a-2c4fbc86812c,no_friction
3cc6c032-6d45-422f-bbf1-e4497a140447,no_friction
a827ec6d-a1b4-4959-a608-4a12db780304,no_friction
694ccf33-511c-48d7-97f1-bda3b9b04278,no_friction
ae94690c-a2f2-4e1c-849e-cccaf4509f46,no_friction
ccfbdb54-cfc2-480f-9d16-dc46a55b3536,payment_failure
7dc9406e-faf0-4896-b003-7f2b8673d6ab,post_purchase_anxiety
c5771d3a-6e3b-4e07-914b-39a942986e56,unclear_product_info
ce106f12-c97f-49ac-a6c3-6d1bd8071a1d,post_purchase_anxiety
ab0e74ad-737d-4dfa-a17c-cad2a4ea9672,payment_failure
76dee79c-d034-442f-8192-90a4803b0bf8,no_friction
7004ecb9-bbb0-4e41-a71a-26d817322281,no_friction
2b44b652-549f-4c07-9db5-3b788215197e,unclear_product_info
1e35841c-7c39-447e-aa65-98920548bc24,unclear_product_info
0f2bb0ce-8bb2-447c-a3c7-49d2541d0d62,no_friction
bacde614-af8f-4664-8d64-f3bf68ac23f3,no_friction
0a78c67a-672e-4e43-aed8-84dac7af81a9,no_friction
c9102ff4-1d5b-449a-a7d2-da8308c48dd9,price_shock
3d03744e-4e9f-44c1-9d3d-167e6ab2c234,no_friction
996e9be0-14c9-4343-974f-46bf4a5e26ea,payment_failure
2b276806-d23f-4ee2-8074-25a670e4901f,no_friction
5f648772-f2e2-4511-a119-34bad1a4bd03,no_friction
6d4cf9e7-a6c6-48ee-a74e-b88b4e41f487,no_friction
312baa59-ca7d-47c8-b53b-9a07dbe699ad,delivery_uncertainty
6679f1dd-1646-4fb2-a199-2021a602a85c,post_purchase_anxiety
4b4035cb-7868-4d43-b109-d499df2d982f,no_friction
c29ac0ed-f2a5-4629-9a40-b86a9464dd92,no_friction
d2df6d2c-6edc-4d37-87f9-913fa20356d6,delivery_uncertainty
87a489f6-7cf0-49ad-84f3-faf984455d68,no_friction
257942fb-c47e-4d18-b06e-f53f3cf53795,no_friction
1c787add-556e-4b0e-a60e-af3cd786ba6e,no_friction
9e5436b8-c32b-4c43-bd27-c551db66c091,delivery_uncertainty
4a3a7ce4-539f-4958-adf8-23ce53a19e8c,payment_failure
39c875ac-434d-4531-b586-59a3ec4147e9,no_friction
b68910a2-f824-4473-8d5c-110d2a27f472,poor_recommendations
8aa6aa1c-6668-4797-8a58-4387d948df79,no_friction
7fa02002-45e3-4516-8eb1-38abb6abd396,post_purchase_anxiety
cd5380d2-9047-4cd4-b7dc-0aa623aae7a9,post_purchase_anxiety
3206620f-ca0c-4cee-8aef-db26df232f6e,payment_failure
1eb1cbf6-8939-4206-8089-da145ca67ac9,no_friction
e7b2542c-44e2-495a-9ca1-9086ceacce87,payment_failure
06c4bf03-3221-4da7-9267-9a9200c950d0,delivery_uncertainty
081e9466-c849-448b-82fc-42a9842a828c,poor_recommendations
9da9cee7-5ea2-4cd9-b8bf-a13c8ef06091,unclear_product_info
d14bdc69-203b-48e8-91d5-1d53cdd5a305,payment_failure
e113ab92-9071-4e1b-8fbe-04c07fb6fac9,post_purchase_anxiety
8ac1e7ff-e129-4b38-bc6a-1f7767303135,no_friction
9f926969-9680-4b59-b181-7fbe0b01d167,delivery_uncertainty
7e03ea60-276d-47ea-b266-393d8c4ec505,no_friction
ddf03ab2-6f6a-44cf-9a66-4388fb01c9da,post_purchase_anxiety
9cf9cf7d-56e0-4999-b388-3517141ee4ff,no_friction
05dd4657-9db2-44cd-a0b0-ff74049794e2,payment_failure
3bd270f0-730b-40f8-8f6e-c315cf3f917d,no_friction
5b90d531-a91e-452b-a92d-35c6e42e28d1,no_friction
98e710bd-b0f3-4773-95b4-c0acd27d5924,delivery_uncertainty
e8ec3c48-885c-4e77-af07-654d3d55a606,post_purchase_anxiety
46bf6dde-a797-4d0d-81aa-5573d04412ed,price_shock
eae5a3d5-28f5-400a-a1b5-cbbba62700eb,payment_failure
94ed046a-8686-4c45-b45b-34be483e4193,payment_failure
868d2275-e30b-4245-b57f-122455eaf5e3,no_friction
c341719e-789a-400d-be6d-41eb21389d00,delivery_uncertainty
6d3b23fc-60c3-46fb-9244-4a4d57397b41,payment_failure
50c7fc3f-d861-47c8-ac32-bbf483ba5196,payment_failure
65f6ae33-e847-430b-a826-fda07562a744,delivery_uncertainty
823be7d4-96d5-409f-af15-5f12d18fd0bd,price_shock
6fc36be0-48d1-4d42-adfc-2a89b95d4020,post_purchase_anxiety
e2c2684b-c413-461f-aaca-1db7dc5d315f,poor_recommendations
2a7aff16-328a-4c4c-a258-c0d9d6e6db7b,price_shock
584ec266-21d1-47a6-afa0-1943bdfc79e0,no_friction
51ba3576-7922-482e-9866-73735a03a9d7,no_friction
f94cdcf2-5200-45e0-ae6a-2a26faa3a2d6,no_friction
25bbb4e7-4e01-432b-af37-3565dcae9e5a,poor_recommendations
2c57f392-ceb0-461d-ad1a-586acdb2ea26,post_purchase_anxiety
ab8f3f39-4ce7-4419-98f5-d4e95584e747,no_friction
5420d771-9092-44f0-958c-07db3bf88e6b,unclear_product_info
23e0f8f4-48d8-4c1d-81b7-2e87359334e7,price_shock
b45066be-27b3-47b0-9f28-d6c5568e4905,no_friction
51b2e423-378c-43fa-934b-3663a4116fbc,no_friction
ce5c85ec-7f51-492a-867d-983efcd94c51,unclear_product_info
54a6da07-f6df-4d53-a47b-46e3d65448ea,no_friction
847d237e-418f-4464-863e-aebe147b8cd8,no_friction
2e289f14-5c53-4686-b5ae-0f549537b95f,post_purchase_anxiety
dfa2b0fb-76a0-417b-97e2-a370d18f3644,payment_failure
94512ae2-1129-47ff-b0cc-ac429567f64c,payment_failure
e5025c68-f704-43d1-9ea8-4ff3bccd14d9,no_friction
eea6f9ba-ee0b-455d-b7c1-e97146e3a2af,post_purchase_anxiety
76adbbd0-b255-4487-a9d9-bbd617669939,price_shock
c3a2e382-c684-4bdf-8c63-b102ecd2fd47,poor_recommendations
f6b50333-0ac9-4fd1-b4fc-7869b34147a9,delivery_uncertainty
55a4ed35-0d89-4aaa-8704-29783a8d2e4c,no_friction
26abdd89-8b7a-4eac-b8aa-bf1f6e57e314,no_friction
ad2a92de-c3b5-410e-9263-143a8001a05b,price_shock
7925a9bc-3c11-457c-94a7-f2a73af29427,no_friction
25c6bfe7-444a-46bf-bf15-29d922b7ec9f,unclear_product_info
72a49eef-2740-49be-8778-6b6b9a364b2d,payment_failure
73419636-a33d-42ba-93ef-2af739a3cc73,delivery_uncertainty
1b21b413-1871-4f4c-b6c4-8710e0fa5441,delivery_uncertainty
f841f08c-4349-4e81-b911-20106be40673,poor_recommendations
3960230d-2477-44b5-acc2-de277e997b3d,price_shock
9cca5ecc-2069-4505-910c-fdeb3ba4c44f,no_friction
10922726-5dad-48b9-a426-ab9d0ca2d25e,unclear_product_info
9923547c-88c0-4736-bd61-3297a524af4e,poor_recommendations
2a53d9cd-d9c0-4a86-822a-6da5c6192f95,payment_failure
23b4ab46-f16d-4142-9b5a-1d753ad07963,payment_failure
97b03656-04a3-4d4a-8265-4ed00b342a5b,no_friction
c1679389-29d3-4eb8-9c8a-4d2d369a8b0e,unclear_product_info
731c6efd-cab2-4783-afae-ff53a8d89568,no_friction
d5fea956-55ed-411a-8144-2f7dd722bc6f,post_purchase_anxiety
fb300401-9b43-478b-9666-3158cb7958d3,payment_failure
b0700cc4-a4ae-42cd-828e-0a39ecd4302c,payment_failure
519b06c7-55d3-4964-9d5b-39063b6ee7c5,delivery_uncertainty
eaf57284-827e-432d-95d0-aa27d06b1412,price_shock
2c689336-2290-4843-9e30-a1aab678e937,payment_failure
a8a44f7b-c33a-49b6-bc33-a73d19ad24a9,delivery_uncertainty
6781ea57-c096-4491-b817-9c7c4bd58fb4,no_friction
c9018740-c86d-4e1e-bbc7-db2c3e6098ef,no_friction
b1531219-6b80-4e0c-8966-85cacb1ff37d,payment_failure
be957e39-f602-495b-999c-d7b3e8251504,unclear_product_info
08c206d3-0d37-4396-b146-10bc20c1d508,delivery_uncertainty
03d436e2-9cf1-4bd7-9b4a-d91e79c0f5ec,no_friction
1987db0e-c36e-40b4-bcf9-5cbb2cb25f27,delivery_uncertainty
37726e79-4ac9-4617-92d7-ff86149127a3,delivery_uncertainty
9eb02f87-d5b8-4e26-a588-cf3f1d9027c0,price_shock
71c166d3-e36b-4726-8410-12b49a9530ea,no_friction
5fb5b0a2-a82a-4a17-9863-276f4f0dc8f2,price_shock
798294ee-d38f-432a-bfb0-7f22a3d5eb02,no_friction
2bbb6628-21f5-4e21-8de1-8eac993cbf72,post_purchase_anxiety
380ab010-949f-4add-b3cc-ac51fd4d8e54,payment_failure
01c64871-20a9-4f88-a0f5-0b5ffadd334f,price_shock
1833095b-95e5-415a-b7c8-c3acd0c77879,delivery_uncertainty
8f1365f0-021a-47d7-9750-d075772a696c,delivery_uncertainty
7d13efe3-8c20-49bf-b70c-7e0dc59fae70,price_shock
4d9b47f7-5857-47e2-9dd0-1f5f97cbc461,no_friction
3e1bf526-7750-469a-b873-464630836fd9,price_shock
389b423c-c388-476a-8d65-5c11152faf41,payment_failure
0df0476a-f86a-452f-912f-30e92c49c262,payment_failure
6c6e3a8a-f89f-491c-865b-88c9a2754c45,delivery_uncertainty
398fccff-2dc5-4f11-bf4d-42f9691ff336,post_purchase_anxiety
12a3db20-fdd0-4b00-aea2-b8d3be6724e6,payment_failure
5d2cd44d-92e7-4268-b002-059d90e89d8e,no_friction
128c721d-b92c-449f-b1a8-73a9c2954753,no_friction
86663d25-984d-478b-b5fc-1cc04084f66b,poor_recommendations
6a004d95-04d8-474e-8284-d03a83ca8396,no_friction
46815190-39d6-4c84-a2a1-018f9191df02,no_friction
7fc6f7a7-1ff4-4da9-8174-0da48a744620,post_purchase_anxiety
c7c8a597-a292-47f5-bd84-60ac48ec4271,no_friction
e9d3148e-7861-48ce-9b15-8c34590beddd,post_purchase_anxiety
fa5500ca-56cc-4332-aad9-f60ea29a7af4,no_friction
c7759b22-fba2-4cb2-963d-afdf87413ac9,no_friction
26196d4e-288e-4a63-8163-55a8b7e0e924,no_friction
acdcef8a-64d2-41c6-bee1-a1dc9f81ba5a,no_friction
f8fe4930-fe57-4829-ba38-23fe97745a49,payment_failure
edc4a458-82e0-48ff-a18c-57948ba2cba2,no_friction
f9fa30cc-c902-43ea-97cd-dd20e4910c20,payment_failure
90fc342c-cf8c-4ef2-ab6f-991d188edc2d,payment_failure
9c9d4277-49b9-4c2d-b836-cd70d1272ba0,payment_failure
9a5926ae-04fc-4c42-abc5-6abe444e21c2,poor_recommendations
8c1214ca-0b50-404c-9049-c036b7b72fbe,no_friction
b392d221-97da-4421-982f-f1e4773cb41c,poor_recommendations
bacdc805-dedf-48b1-8ce5-14892f318f27,post_purchase_anxiety
32563b73-4046-426b-aae3-de75b267935f,no_friction
bb3857a6-20b9-4250-92fa-2f664f21383d,no_friction
e8f60b36-397c-4cf7-9b92-aea8ec73bf6a,price_shock
a1034a17-d27f-482c-9b8a-a0ca7841733f,unclear_product_info
0658117f-02ef-4fd5-bc17-075b00546e37,no_friction
d94ad349-a773-4d27-8b5d-16c813cf2aff,no_friction
0a700c41-825f-49eb-9ba9-1ec0f8b0f794,poor_recommendations
23ea9053-48f1-4952-ba3c-b222a735585d,poor_recommendations
66687725-0e10-429e-80b1-6c0ac0064624,no_friction
3c15875f-393e-4961-a3f3-4943a51b610e,price_shock
8250aefa-4b2d-49d0-b1c6-1f5906c8aa00,no_friction
5fc7b3e7-c49c-4f2c-bf87-aa52fc43ea81,delivery_uncertainty
4adecaf4-e97e-40f6-9e1a-2d653ce30b49,no_friction
0b630db2-baef-4455-bdf8-e5cff17ed011,no_friction
e32db232-01fc-46d7-8ee1-d1cb22513a94,delivery_uncertainty
7c7155c8-a3e5-470f-99aa-99cbeafea133,unclear_product_info
afe853b9-26e3-4307-a9c7-965d5ed0e39b,unclear_product_info
636c0072-1587-4c46-b160-12bee0ed41d9,poor_recommendations
4d72d9de-1cf9-453b-83b9-537335c6ef7e,price_shock
6e515e27-8fd3-4760-ae91-f9b21b14c274,no_friction
1de9dd81-6814-4d21-aa55-804a3fec9ddd,unclear_product_info
17190da8-804f-4326-b2ab-53630b0a5503,unclear_product_info
d2e31deb-4b5b-4e15-96d0-7dc67820d723,no_friction
5bf8b9fc-8773-49ce-b62e-c87625416e36,no_friction
cc951280-6f60-4075-bb81-700cf56e0ac9,no_friction
29d2767c-c43b-4df3-b342-ce97e3ba2019,post_purchase_anxiety
58347d73-1b8a-4d1e-8020-9ba70f92d0d0,payment_failure
82fd6b41-1a4a-447c-b53e-3f0f332645f3,no_friction
9f0f2ede-528d-48ee-9890-72bb4c659ea6,no_friction
47444fab-e5f9-4f3d-a50e-07cb32b85903,delivery_uncertainty
3d30169c-82f2-41d6-920a-a9ac768d7cef,poor_recommendations
0a5ea073-3013-409d-8d19-9dca867b0fa9,price_shock
6f1960c3-ddcb-46bd-96f9-c49dcbdc79cb,post_purchase_anxiety
e06071dc-fccf-4784-82bf-2650493101e2,no_friction
040798d3-ba02-449f-bf69-078a18250ed1,no_friction
08cdf3ad-805a-4a09-a66d-7993897a6ce1,poor_recommendations
8ddd6c40-a4f4-48ce-9ead-3e564842b01e,unclear_product_info
d62c8805-99cf-4a5b-8494-275bab4827ea,no_friction
933af333-f066-41cc-8d59-c0562f74a52e,unclear_product_info
4d09bb86-d518-49fd-b000-bb64fdc670fb,post_purchase_anxiety
6a8fb0fc-1490-4201-b6c4-f2796713966a,unclear_product_info
6de2e0c2-e442-4717-91f0-fc1daf2d27bc,post_purchase_anxiety
73c2cf74-4031-46be-acd1-b5068cfbd785,no_friction
50079341-6cec-4cd4-9060-cd5297bfe1ce,no_friction
b970bc0d-d158-43c5-b81b-4189aa29cf0d,no_friction
8e01eae8-29fd-4683-b0c8-ce46ba6f8cda,no_friction
36177047-0766-4e20-8f4c-8634da08bfdd,payment_failure
6ddac3e4-8431-43c6-ac02-ae408b69172e,delivery_uncertainty
59ee528a-c7e6-4501-8998-d2e4164e13ee,payment_failure
05c8d3d6-2a28-4e6c-9d8b-6f9646dae46c,post_purchase_anxiety
1aeae335-59fa-4652-9ae4-cf2301d13189,no_friction
f3d839a7-2e37-43ef-ab08-4d66bfc414fd,payment_failure
f6955817-37e9-4549-ad15-78fff637f5c5,no_friction
39b41ed4-fec5-4da2-96cb-51d8e4b95cc4,no_friction
35794b5e-e1f4-425f-91dd-407a998d0708,payment_failure
84e25019-b85d-4c3f-abc5-c4f33a3750ee,delivery_uncertainty
6154244c-137e-4da5-b6a3-09bfe98d0bfe,no_friction
49551fb6-b938-414a-bd68-1f5ae9dad6ee,no_friction
efca5774-de29-4ccb-b3f2-2e28d49f4449,unclear_product_info
003b8eca-63cd-4827-8275-d9b47497804d,poor_recommendations
b79e266d-9791-4465-b928-29ba87efae34,price_shock
80e117a2-e39f-4b7d-93a9-d177bdbd60ec,post_purchase_anxiety
3767a727-31e7-4529-8711-13f45f86b0e3,no_friction
524d9ab8-e4ca-4544-b074-58872675ee7b,no_friction
354aa7ab-0240-4ef7-8efc-2d812b04abcd,poor_recommendations
926c6130-ce27-4a2f-ac3e-f087790c62a9,no_friction
0c17ea89-0be5-4b6d-a9c4-0b0d5515d7ea,no_friction
cd0650f7-6e1c-46b5-b945-cc05d4c64201,no_friction
306e5f51-a3a8-421f-8b6e-528ebcc8aea9,no_friction
1c8a3039-00cc-488b-95b4-dce91f5c1063,no_friction
08af163e-7621-4b2c-94a3-222b1c385054,no_friction
7964672c-3cc9-4ce2-947c-8a54af5b0103,payment_failure
abcee660-a28f-4ccc-8ada-4fc460833cde,no_friction
c18d0e48-2b94-4240-aa3e-727c38a5d3fc,no_friction
f1921239-af36-4bfa-8f2a-7a84ba4e7f13,poor_recommendations
3616aee4-46dd-4995-aea3-dd8b99eb8c1d,poor_recommendations
278accda-d9d8-4a5b-9e13-6712de9c7a3c,no_friction
4401739a-edb2-4e5f-a363-25c54c4dd6ae,unclear_product_info
9eb56c48-3b93-4b85-aa8d-3c31ca52d335,delivery_uncertainty
4704f6cf-5c25-4675-abe6-64801b795d34,no_friction
081c1935-07e8-4007-8ec0-69ad64487294,delivery_uncertainty
58e4f3f0-4020-46f2-a42b-d162006a41e5,unclear_product_info
db4c35bd-3d81-4180-adbf-6e3649086872,unclear_product_info
25f1d859-ce7b-43b2-a3ce-0613d2341f67,unclear_product_info
4509255a-23cf-4a15-8cd6-4c2a11158249,no_friction
9dfb3483-d6ca-4837-aab9-11ee3a3d19ad,no_friction
67425506-36c0-4982-af31-a9aa7b30f70d,no_friction
44fb8e6a-d64a-4b0f-a50f-b821feb6f898,no_friction
cd6827af-4979-449c-87d8-d76fa4d1bc48,no_friction
71b25c6e-fdc0-4674-b43d-da3af5ee25a7,price_shock
b215ff5b-8df8-4df9-9564-58fb3b84e794,poor_recommendations
a655f2a7-7a6a-4582-92ab-5236014dca1d,no_friction
fa705d5a-ed00-4caf-a542-6661c5c70afa,price_shock
c6c93503-57de-41e8-b083-1c0bc4e931c9,no_friction
eabb3d3e-1e66-4ee3-ba92-aaea68bd5444,no_friction
e40029c4-6640-403e-9173-e24786e024c3,delivery_uncertainty
d0a276d1-b144-4f50-a3de-4373b2ed555f,post_purchase_anxiety
bda71dd7-cb3e-4170-a1e5-6f2fd6d102c2,delivery_uncertainty
b82e05bc-fab2-4fde-abb7-a0212e610b3b,no_friction
476e5dad-ab20-4c18-b36b-f7e4aa2a11e2,no_friction
de973bb5-6e36-4aba-992c-b00c8d141adc,delivery_uncertainty
b690bcf8-8f51-4a9b-9f99-c4fa85b4256f,price_shock
339cfed5-adc1-4e5d-bf38-5f64fdfe1dd1,no_friction
5ba7da60-85b8-4476-a294-4c5626068ec3,post_purchase_anxiety
3c00fbe7-fe7a-4997-bf58-260523f5b9a3,unclear_product_info
29150d07-f78e-4ea0-b505-f5ad85722b61,no_friction
2352489d-ee43-427d-8962-9d8644b6f158,post_purchase_anxiety
546dbe47-0543-4049-9d04-8008f105a3a8,no_friction
42fc0a51-2260-41c2-a9d5-3f78ddab4bed,no_friction
384b010c-3b20-439c-97ae-72a1e0d82e94,no_friction
70f37459-0e53-4d3d-b055-08e39ee3a644,poor_recommendations
ff0c136a-56f8-455b-923f-3b181e2886b4,unclear_product_info
a5fd49bc-8d60-4a57-8c36-fc3a343c8261,no_friction
05dea2d1-e390-4479-b42c-8d7e3baf5a16,no_friction
3c0505b9-0e56-4938-8379-a9055964061f,no_friction
dc3e3ba4-b5e2-457c-ba61-bf7eff4d223c,poor_recommendations
bc181978-6334-4234-94c1-1497f7558b95,no_friction
3b40862d-41fe-465f-885f-c689718382d9,unclear_product_info
a9c29db1-4a9e-41bf-b04f-5ea1d4f232ae,poor_recommendations
9f97a94c-ab5b-475a-8bb6-778064cdf6ad,post_purchase_anxiety
c41a820b-755e-4623-8a61-1fa6d81c7135,delivery_uncertainty
4eec4671-8431-4874-9044-3abf2e642524,no_friction
36dd0a8c-56d7-47b3-856f-8a100cab682e,no_friction
ee99888e-aa64-41b8-a9f9-704d3d246fe1,unclear_product_info
c2bbcd68-7e82-4094-97f2-288fceab1d31,no_friction
7e3c8aaf-cc01-45e6-8022-7b2728ac107b,no_friction
1438922f-ffab-45d4-b880-9965286ece3b,no_friction
181480e8-d69a-4609-9b57-2e4a525e39db,post_purchase_anxiety
e309e2c4-1969-45e3-a5f8-21aa41286f35,no_friction
294b875e-b20a-4a76-93f6-3721120dfbc7,no_friction
044bd905-877c-4c5f-a548-dce35669aa35,price_shock
55c09a7e-3399-428d-a7be-156fddedd975,unclear_product_info
8de05d86-65af-478c-b4dd-6f6f4eb90cfb,no_friction
8a549e28-56e1-4bd2-971a-a9c96ef14bfd,no_friction
23974cee-b93c-46d6-8f02-d03ef95071d2,delivery_uncertainty
68cbc0aa-9d63-4e17-9adc-42e2dcdb5bfe,price_shock
082fdfea-239f-4e07-8bfc-90a53e6111ce,unclear_product_info
4ef5e35e-78a6-49e4-8bae-6fbb3cf24d14,price_shock
7a728791-fe1b-44fe-b0f9-a197d992a8bd,delivery_uncertainty
1bc64edc-4501-44a5-bb0a-cae7f1e6828b,poor_recommendations
d8bc8e7d-2ee7-4250-8a27-4d8c501d38c0,no_friction
7122e568-1f3b-46c2-af54-507311901263,delivery_uncertainty
f2189540-87bb-4a6e-8e27-5b964a281f08,payment_failure
6f705ae9-433e-403d-ab09-49031ee7ed98,no_friction
3a73b409-5690-42c2-ac91-bbd3c28d3b3e,no_friction
cb34c696-7f1f-46d0-ab48-0a7269bb46ac,payment_failure
07740978-7a7d-4469-a4e4-5fd76de6f234,price_shock
d4f8765d-f095-4ce5-9b83-7699d51a5bf5,post_purchase_anxiety
22b45562-362a-48e6-a14b-123a0718c69a,payment_failure
8e088a8c-092d-4368-8532-af4f7e4bdb67,price_shock
a16d150d-2055-4690-9dc9-0fef332639c5,poor_recommendations
a58674f0-cf8f-4ae9-8cdb-8122cb9e7ba9,delivery_uncertainty
6dcdc5aa-7932-461b-9a52-d50c95bb019c,poor_recommendations
a2ecbce8-86b4-4fe6-9c3f-85580b791a30,no_friction
178ab765-d3a8-4bb6-bd35-4484c898ae85,payment_failure
fa8d75e2-55e0-4172-b27a-251d055dc5e1,no_friction
df818d25-6968-4faf-9d99-73a723505a42,poor_recommendations
5168e195-0bd6-4ba1-b949-ffe03f684168,price_shock
0e9262d6-9cc6-44b6-b089-0586a290c171,no_friction
a4312de9-bc6f-4981-9f2d-1d5be76be783,poor_recommendations
ae7c21c7-92d8-416d-836c-5e5fe1711fa8,no_friction
6897d0a4-5ff8-435f-ac26-84d405b07a80,no_friction
c3517dc0-5c4b-43cc-a94f-78964f569c71,no_friction
7e910821-e6a5-4cbb-bab6-b9d4cc9d54d8,poor_recommendations
9f2518fc-7a01-425b-b01f-0d441ece6f8a,unclear_product_info
31ee14bc-5f22-4bb5-a91b-49c61b03aabb,unclear_product_info
992429e4-eb2a-49b7-a565-153ff797fe1d,delivery_uncertainty
4fa26e89-cb54-48f7-9bea-051e2a22650e,poor_recommendations
97ade0d4-7c08-4274-852c-c395a4997675,delivery_uncertainty
fbc67b7f-a093-40a8-9f8b-740382715f0e,no_friction
574d8a57-2a3c-4d43-a631-2d3dc645ffff,post_purchase_anxiety
fca47862-e6f0-4e11-acd8-a6327018fd74,no_friction
e978fff9-25a2-4ae8-98bd-04cc74023f4f,payment_failure
3ed5f533-5445-43ae-ac7a-03c47914e86a,no_friction
a069c964-e4c3-49a1-88e3-5d31d45bca1f,no_friction
19ec8a34-6e51-4e1f-b6ae-adedf40df3d3,poor_recommendations
f62826ac-3163-45c7-ace2-a86d84de6d98,no_friction
6559f6fb-1cf3-4538-a4ed-951053129f8e,price_shock
6cba4881-36d4-4eb5-9fbb-2c453f4b8de7,no_friction
ffcffbc3-5682-421c-95ce-f72aabc32fe1,price_shock
b3ace075-baca-43f5-97c3-58a96be699f4,payment_failure
6c075a81-ef68-4efa-94d0-9e5d409176f8,no_friction
3f0d753f-04a4-412b-9abe-98c2ad052a51,poor_recommendations
d144413e-7054-4e69-99d4-2a46d15bed93,payment_failure
e618e1aa-7d5b-47d1-a4c4-75f6c55ebbf8,poor_recommendations
2af6367f-8ad4-40ea-999a-f2497f792fd9,poor_recommendations
62537018-b8c3-4e46-b101-80d213fd8ed8,post_purchase_anxiety
39557968-ddd5-4ed5-88e9-fe7f30de1640,post_purchase_anxiety
ff310259-78bc-445c-b18b-7b00488439f7,no_friction
e0ae57d7-ce40-4056-9301-06eb51feb4ba,no_friction
f8e923fc-4c0c-4ee8-bfbb-f49836719255,poor_recommendations
9b5dc442-febc-4d13-9bb6-3b2ca88ca96a,poor_recommendations
b7c45e74-a30b-42f2-aae8-ef1770f1b7d2,poor_recommendations
b667c87a-05ff-4e7a-a71b-592cb947d80c,no_friction
b60d6e56-fca0-4e00-baa0-10b308c110a1,no_friction
b3cdc8b4-2461-4f5d-a016-dddcb9fd7f8e,unclear_product_info
d20775ef-c44e-4e76-9ad4-69d9f3ec5225,delivery_uncertainty
e5b717c5-8e4a-4533-851a-6aaf8860bbbe,price_shock
d3f7f301-4925-4f35-9fed-f6f76bebc3c0,no_friction
a3b6d899-14b5-4f12-9827-b4322d0a34a0,payment_failure
f02d9628-3aad-479a-a46e-a9b8d5131e08,no_friction
0a634790-829a-4fab-af04-1a0b68690f2c,payment_failure
a38a63e9-0f67-4b33-8dee-d402cf6304d5,unclear_product_info
51c4ef0e-ed4c-4d3e-accb-d0cbd36af31a,payment_failure
81cde410-de76-4b5e-81cf-e6077bafd26c,no_friction
882672bd-4c34-4fd4-9cf9-13bdf4e9d87b,poor_recommendations
668e81b7-dc85-434a-8c3a-8517b988ccea,payment_failure
e60dc379-98a1-4380-98b0-9cdb74245894,no_friction
b619ea07-c1b7-46e4-ad47-b1ee85c74043,no_friction
737b3c5b-6860-4517-aad7-9e3fcdecb489,no_friction
88ca40cd-5430-4e4a-a879-dda2a4936eef,unclear_product_info
c4c79176-c40b-454c-930e-cb4b1236bf38,no_friction
c8adb858-addb-4aef-a26e-9cf2b21ecf2b,no_friction
b7e4379e-c7c4-496f-b283-6f785da1ad05,unclear_product_info
6bf4b4ce-0af2-41f3-a225-e6e37e7a1ede,no_friction
7f083c38-f920-427d-a480-b589aeb0eae7,unclear_product_info
ab075fe1-da83-41c1-87b6-b5af401d28a4,no_friction
8e3827c4-7960-417d-ae6e-fec50f0e8010,no_friction
5a31616f-fa5c-4f83-a749-64ec10eee34d,no_friction
91d8c599-4e1b-442b-af17-0619585d0f71,poor_recommendations
4974de4e-5165-463d-8fef-79b8c7d0aeec,no_friction
1e136d9d-1ac1-4350-a3f2-33a5505c1450,poor_recommendations
d8979779-fb12-43b2-a4ce-4bbaf241dae9,no_friction
ef47d094-8ee0-48f7-bac3-5c16faabb437,delivery_uncertainty
f75ce9e2-3717-4eb2-bd54-6072573effb1,no_friction
3055d360-c03a-4c91-9a08-95a56f459447,payment_failure
601f0526-e0cd-420f-a849-546c8a51d5ed,poor_recommendations
6c65c483-96be-4b8a-8845-beaac7ba8610,unclear_product_info
dbaa9f1d-5983-407a-b72e-f7a76e9d5d85,delivery_uncertainty
dbb366fa-7970-4c9d-a001-a1197bc00f8a,poor_recommendations
67f69f8a-d6ec-431a-8d44-5e569a5436b3,payment_failure
e8d61360-6459-47ce-98fa-00909d46d0f0,delivery_uncertainty
d91fa60e-2eec-4ef3-bcdd-d5f22332f873,no_friction
d2efd7cb-6dfb-45cd-809e-bb8d83f5d1a9,delivery_uncertainty
e44edf42-cc01-4c1b-bfef-a1f4b1bcfba0,unclear_product_info
57837d1a-6e83-42b1-b259-a8fa1913254b,price_shock
9951e0e6-8d5d-430d-ad58-980e29521242,no_friction
ebbf9ba7-49c3-497b-9ad5-ab81e782463d,post_purchase_anxiety
4a6abd92-f8f1-4d03-881c-71b44632329b,price_shock
225a540c-d6a7-448f-ac49-53d3aabc9331,no_friction
70742eca-1b70-46cb-ba58-7e2aae3928c6,payment_failure
c2213ad1-fdd0-41d2-a125-071f377b8858,no_friction
3719e23b-9a56-4f47-8c71-ad4a7ab9f549,unclear_product_info
5265b729-ce36-479e-abdb-629ad62e2e34,no_friction
b10d55fe-503b-4e2c-bd89-136150b8e86a,payment_failure
824ebd48-e452-4905-bf43-8dcaf8463506,no_friction
5c61c9d2-ad2b-4c4c-82d2-fe0047c72eab,poor_recommendations
eff594ad-e153-4cd0-90fe-751cdb7754ad,poor_recommendations
c7c0de47-eb3f-481c-8c21-41718139924f,post_purchase_anxiety
99fb9cfb-ff19-40f5-a9f2-c79628dfa76a,unclear_product_info
a7f7fd19-c588-4b98-8af5-2b90f1b550b5,post_purchase_anxiety
0b7ed2dd-ad93-4b49-9231-956691b2274c,no_friction
acdae328-35fa-4b7c-82b6-de8573d072b2,payment_failure
2d93d71d-b8e0-44ee-a49b-8e6f557bfd3e,price_shock
337c0b76-5081-484c-a99a-cdeefdafc5f7,no_friction
1ac2836b-ad4c-47e0-bd8e-8e4ad97e1f38,delivery_uncertainty
07c1da78-1816-4344-ac62-6c637cb2cf02,no_friction
cdd26f4d-5278-4793-baab-fc0bb7c65ad9,no_friction
e065b801-d879-4d17-b642-23ec35e69863,no_friction
4d912e42-4cd6-4bf3-8299-58e85ada76dd,no_friction
90a19a1e-2732-48f8-b315-a606cbb1fe8a,no_friction
7057d009-c3d5-4f6f-a37f-4f10c6aacddd,no_friction
67d0e165-a005-46ad-b219-6f08c16ccdd4,no_friction
2f2bd504-c01d-4824-a417-084fddea7b87,no_friction
6f4f71f0-839c-4a59-abbf-e00013c4d500,no_friction
a7719991-0e04-4114-a1ca-40bb8031a330,delivery_uncertainty
7d00b51d-2d4c-4e7a-ac6e-715ca9bf22fd,poor_recommendations
da959c0e-ea16-4880-b9ab-def0dc8c61dc,unclear_product_info
f97d4fd2-bdf8-4992-9071-e187ef328e56,price_shock
53be3a65-1544-4005-87bd-2fbb264b890d,price_shock
95a63fae-f772-4a9d-adbc-a80c384865f8,no_friction
19afbe03-2906-4c1d-81a7-17345d54a644,poor_recommendations
599375bb-01ce-466c-8563-c4f06b551d4a,no_friction
816dc10d-e985-41b3-a19b-5dc374981057,unclear_product_info
7f15b8e7-bff0-410d-818c-61d0a9e5bf07,price_shock
28561ebb-fece-4484-86ca-089743a31725,payment_failure
e528af20-0ef1-415d-aece-65dfaa62edaa,no_friction
913c4b18-d23a-4105-b40a-68b15447a28f,payment_failure
89574ba2-20fb-49e5-aa7c-d734eca65edf,no_friction
b497a297-54a0-4659-bc9b-ac035e3c3c78,no_friction
637a6db7-7d72-403b-9049-4e4f36f627f9,no_friction
3c5f6bd8-71e8-481a-b7d9-b9e9c2a92140,post_purchase_anxiety
41a518e2-1e72-46fc-86ea-28bcfb0c1f2c,no_friction
9f480b25-c7bf-4fc1-a3d6-12701f2cae0f,unclear_product_info
176ede0f-d2d7-4855-b157-f752d678ac60,no_friction
d495c402-f764-42e9-a93e-b3a6398f1571,delivery_uncertainty
1777f8c0-d473-4d16-a041-05d60c88b2d1,no_friction
d330f044-f2bd-4b4c-8c88-9e2d64f4c9fb,no_friction
e09dcd45-3633-497a-9819-f890bd01e112,no_friction
964d2667-c578-45c5-b0c1-d5f0f30f4bcf,no_friction
6ca02d43-feee-411e-9b43-0c4f2eae181b,no_friction
7453b8d9-2991-406d-ba68-a8737016ff35,no_friction
bf138d20-bab8-4c06-886a-4934f4c92516,no_friction
886748ca-3f0b-4138-bc98-709fd4ad1a24,poor_recommendations
ef3bab67-ea09-4fb6-83bc-9fa35b1c51b4,unclear_product_info
6dd023d0-cf60-410c-bb24-126db3901571,price_shock
6556e8e2-6e7b-47eb-b1d1-bc4ec5320468,unclear_product_info
b19e3b24-d845-4985-b566-2081822c20ed,poor_recommendations
902aef22-24b8-47cc-a85a-ff2a92635e29,no_friction
872b0665-be40-49b6-b1b7-45d42adee1e8,no_friction
381d49f6-ad7a-43c9-8f4a-1f430c300863,no_friction
da18b731-440b-44ff-9dc3-3bb73fecf414,no_friction
bce0af83-7ff5-4c88-b12f-c51ced28335e,post_purchase_anxiety
12e4df8a-a240-4d2b-bdb9-efd081bae6b0,price_shock
87a3507f-4c21-46a9-807c-3e1e03da9aad,no_friction
f55db502-7940-44c9-b7bf-6a520e96007e,no_friction
66b4c431-8ec3-475e-a98b-6caf022344ad,no_friction
090b2549-e2f0-4fe0-a9a6-a9a1d883ee80,unclear_product_info
a87c8d5c-e534-4450-bf23-95109fb6252e,price_shock
68d8dced-b57e-4db6-bf47-f40458cbdfb3,payment_failure
d1fccbea-18c7-4dfb-8fbe-702a4b7a9793,payment_failure
4b95fca3-2178-479a-bd52-df44cdf5dc1d,no_friction
ee637ccd-cbb5-40f2-a3f1-337a78bd8dfc,poor_recommendations
017deb85-0de0-4b0e-9682-afbfe8afa78e,delivery_uncertainty
b54b3c37-4a83-45af-b70c-95dd417c1cde,unclear_product_info
e4a8c9b4-bc2d-4a66-ad73-02630405d043,no_friction
063652a6-cf77-4d08-9b9d-4cea57e7b19a,unclear_product_info
c5ffa452-3f8b-410d-ae60-0056f4627444,poor_recommendations
9cddb06c-796f-489a-a2bc-700db2bee1d8,unclear_product_info
d033c245-41d3-407b-a239-2a458d8b89f5,no_friction
71d0c565-eed2-46e1-ae94-131bb3bc5d77,delivery_uncertainty
2db68522-be14-4eee-b016-d0be1e913daa,no_friction
bf382096-5bc2-4bbb-8cbc-0bc3c6dfcd93,delivery_uncertainty
165b5878-7df5-4554-9019-7a1c4733f079,post_purchase_anxiety
93740ddc-2427-4ae2-9daa-e1928b643bfb,price_shock
f2b04b69-cf7f-47f5-952f-6f719600c124,poor_recommendations
29055e3a-e8b2-4221-8ade-9c7c8357a941,delivery_uncertainty
76764b5b-30c8-4ef2-b33a-2f36ac4d9b86,no_friction
2c2597b7-3f19-4975-ba5d-119b01e013da,no_friction
a202a94c-1789-4d3c-9874-b8145feff166,payment_failure
486b25de-819f-4bd4-a256-2010f440f2fb,no_friction
46ccd65d-b0e9-4d61-a9cb-1c47fc04bdb4,no_friction
38f06b3d-dd30-491c-bc96-8a6b94a340d8,no_friction
2540f3f0-1484-4208-8b22-6394e9be85ce,delivery_uncertainty
e5c28a3d-986b-461e-8cf2-290200464b4c,price_shock
8d5419bb-c84f-48c3-a44a-60bf29b70f2c,post_purchase_anxiety
a36ab1d1-b0f6-467c-a783-6c6d09ccfdaa,delivery_uncertainty
996e5dda-e3a6-4a27-a4cf-d0775ccadf20,poor_recommendations
156c9bd3-015b-46b6-9b04-ffa61f5f53be,delivery_uncertainty
7fdb8d2b-f15f-48ed-ae74-c1bdac7b9973,payment_failure
e8ae08f4-0353-4d54-8517-d56c33619ca9,no_friction
620361e3-029b-4cbb-b161-0302ade15cc2,no_friction
cb76afb7-ffb4-4b37-a3bc-1675ba9217f3,no_friction
7990ffd4-8e68-4dc6-95c1-5d80afeecc01,delivery_uncertainty
dd0ceb39-96d2-439f-afd6-548f6c3e5172,poor_recommendations
7c4efc21-f203-410f-89e0-9e21c31270c7,post_purchase_anxiety
cabfa781-8fe2-4243-af92-55ab3ed5d207,no_friction
a769b841-abdb-4d7b-bda3-dafff898f507,no_friction
63d49ef5-9777-47c0-978d-3bf04eb4baef,no_friction
311c8da3-4027-436b-809d-b18ae90c2039,no_friction
b5b48be8-c1cb-4a15-bf75-7aa11c34e8a2,poor_recommendations
26bf2f56-cbea-4957-9877-f14b25742f99,no_friction
33d08b77-130c-4521-8fda-03f2b70f6856,poor_recommendations
145e51b3-1976-4d4a-9c85-db9fce7d2265,no_friction
dd0eacec-3742-4661-bac2-f8cb974b4be4,price_shock
26d31c0a-9a0e-4f9e-8c02-742d0ea9ed6f,payment_failure
ebf8a075-7708-4e77-bf46-a47676c92776,no_friction
64734471-3d94-4fb4-a0ff-74937cac189a,post_purchase_anxiety
3b267d8e-3df7-4bd8-a229-7192c475f6d2,price_shock
fb66981d-e9be-4fc7-af79-2c7999bca5a8,delivery_uncertainty
ef051e27-da54-41c1-a9dc-46dda87bb046,delivery_uncertainty
839a6df9-863c-4918-958f-90c4920150ff,poor_recommendations
5f3ee28d-a068-4b3a-97c1-bdd6b6f23373,no_friction
c9cf3c32-04bd-4519-a4fe-e70803e77c16,poor_recommendations
e2288a2c-27a3-47f3-98fb-6e52f5c3e3e8,payment_failure
21c9e402-97a1-451e-ba4d-abff33ffec83,delivery_uncertainty
07b88048-f7cd-48a4-8613-664d756a8558,no_friction
84bb4c1f-7ddd-47d6-ae9f-5cd60c8e7527,no_friction
f8473efe-c5aa-4a89-a1e9-ee3fc1386313,no_friction
b82c792a-89c7-402f-bec1-124fbe130e21,poor_recommendations
e57d6eed-8a57-4811-aa61-6a265e72b35a,unclear_product_info
368e3189-3dd5-4b12-b1cf-d118cc1dcd88,poor_recommendations
45fe5f05-6b6e-435a-befb-e0b84b0e0d59,no_friction
f377b20d-6ba0-47af-af75-0d9b870a85fc,post_purchase_anxiety
f2f1946b-c126-4eb0-9c10-c0e8a24851a2,no_friction
cabd9366-8d73-4ba8-8f7d-b41d50655f75,payment_failure
c27bcaf1-2773-4d20-8562-34e26378f5d4,no_friction
8974a003-fdd6-48f5-9ac2-a4cb85184ef3,payment_failure
917cec5c-0db1-4f76-b61d-2e1a4364b0ef,unclear_product_info
d2aaa3e4-19cb-402e-9be4-1e404b11d7f1,price_shock
b2e7f98c-09ec-4131-9cec-e915834e774f,post_purchase_anxiety
d1d95847-68b6-47b8-8762-48b5c8e29f7d,poor_recommendations
35927cdb-ed08-4d7f-8bb7-d65dcc66b733,price_shock
97fbbed6-84dd-40e4-b9c9-c029a884e661,unclear_product_info
ab6d5df4-d438-480c-8302-890fa83bea7c,payment_failure
871e7877-fa51-46ff-9ca5-f983d43a29d7,delivery_uncertainty
22b5266a-5dff-4354-b49d-06adf207ee6e,payment_failure
0a2035a5-b3a3-4cfb-9662-1d810939a618,price_shock
dd00ea50-a124-4581-b372-ce98af746123,no_friction
0afbc846-0ad4-414d-9775-b19e8d506c76,no_friction
779440b0-0122-4031-8e07-6e5d3df40af2,post_purchase_anxiety
5f6e047a-9e4c-4f9f-baa3-8d08a3d909c7,no_friction
472d2b3c-d642-41a7-b5ed-c3ab7e5a5316,post_purchase_anxiety
30fd2272-d1b1-4f0f-b1ac-c416caf7227b,no_friction
5aa7cced-a815-4326-bbf8-514c6c5be268,no_friction
c8c9fd17-4132-44c1-91df-ded189a9fec7,no_friction
8dd4aab0-eaae-46bf-b89d-d246b1ff262c,payment_failure
fbf4dd4a-789f-4571-a370-97bdce0c6c77,poor_recommendations
03dcb27a-3aa5-401f-8a79-be6aba91f3a1,price_shock
03d7e0ac-d3aa-4424-81a0-ae9dd853097d,poor_recommendations
ddd37332-6d06-4f52-9d4b-7f2785bb4fd9,post_purchase_anxiety
d6d832d6-1b91-4b79-97de-874479be7260,no_friction
f0008a5e-a72d-4495-87ce-6692f67cd733,no_friction
2e44c9a0-236b-4972-be05-d70b2b73113d,price_shock
e7dd008f-399a-4967-8419-eeebcf256626,price_shock
147cf058-565d-4e43-ac34-189441505254,price_shock
a3ed4fce-7b28-4292-95c0-fb51365d66f1,post_purchase_anxiety
a9e4f7f0-22fd-4ca1-bbfe-6b174f7814e9,no_friction
0ec327d2-41f5-40e8-bb24-b4893e9c0ef1,delivery_uncertainty
70ce3ead-7f21-4f28-82f7-4959a0759202,no_friction
05ebebb3-2415-41a7-a57c-25ce6c897e28,unclear_product_info
b361f49a-c1fa-4c89-9aa1-1c6d87bf425b,poor_recommendations
0009b3ad-3000-4766-a54a-4decdefe9407,poor_recommendations
e757b89d-f2b9-48fc-8b31-ddee6c329d3f,delivery_uncertainty
0d522487-de24-4571-b1d3-064b4a6c85e1,poor_recommendations
083dffdf-ce2e-4783-8ac8-41abc57eb407,payment_failure
d76dac81-34ca-404f-b209-8912d54ea21c,no_friction
5daf3747-f472-46fc-9125-b6fdeaed62e6,post_purchase_anxiety
69cfe393-e9af-4e68-a303-c28f5f55356d,unclear_product_info
09bee171-2b50-47a3-a712-9f79a6d5adfa,no_friction
fe2ebe3c-df3c-4681-9fe5-72904bec671b,poor_recommendations
99e9ce78-508d-4469-b0ce-b095db1c988a,no_friction
d223a9fd-e3f2-45df-8403-7f4b32eebdc4,no_friction
f9c22d2e-b0fb-4d97-8120-ed35d525445f,poor_recommendations
9903d2b4-0b9c-4032-9241-88bf78f4c003,no_friction
75672c34-2024-4e8d-b422-fbf0e6631418,no_friction
ceff5506-7c98-48cd-9cdf-ddff458d92e0,no_friction
9687a12b-f390-4e5f-b8a6-6345c483bcbc,no_friction
a536ef0a-a711-42bb-9715-17d7bdcd5712,no_friction
7ccf6ccc-f9eb-4838-8824-3c5e9ae0abd9,payment_failure
ecc11daf-5396-4911-bd9c-b7a125299c14,poor_recommendations
f1113867-579f-4dfd-abf3-e71b82e6a990,payment_failure
326c01fd-9fde-48d1-bd62-a51cb90ba987,price_shock
b2027120-6cd2-4166-8f4d-816e767a4108,post_purchase_anxiety
3714bf05-eac0-471a-88be-cdd5729fea92,no_friction
df4f6bc4-0875-4063-9593-159ff2e46375,no_friction
82e722ad-b27f-499c-8855-8342926180ea,unclear_product_info
dfbd45bc-888a-4830-ae36-37a02f1e8071,delivery_uncertainty
043bf562-c572-4bf9-8646-380d42fec2d5,no_friction
8fc66156-164e-410f-a478-0835ca283925,no_friction
f841932a-9b26-4fbd-9836-209233e697c9,price_shock
3f82da78-9bad-4ef3-8961-533eb4444b39,no_friction
da306eb0-972d-4095-9e72-6ab58ce9ae71,price_shock
50cd6f15-89e0-45c8-911d-e9cedc103446,no_friction
7a85f097-1ddf-4442-8cfa-534fe2d83405,unclear_product_info
e2e853bb-6fbc-4a7c-a7e1-509c9d3d4a29,no_friction
a187267c-2b6b-4880-89c0-ca81dd47e57e,poor_recommendations
30f9a405-c7b2-47a5-bf78-decb8c5fc436,no_friction
b7fa9036-edda-4138-8a79-91587436564f,no_friction
f0f1470c-12ad-4faa-92e5-f16f605f2dd2,no_friction
76f1a4b2-c409-4889-b956-9bc38341a979,poor_recommendations
503e66ab-9898-4944-8267-902a71634428,delivery_uncertainty
a353a69d-5bbe-4d2d-97f5-f050571f111d,post_purchase_anxiety
7462cd6b-9ff8-482a-a343-397d7e8a4dbf,post_purchase_anxiety
5299cccc-9aba-4051-ac06-abcf4233f353,post_purchase_anxiety
bd8770d6-6b82-4829-9da3-2c49247fc73e,payment_failure
05828a26-d212-4ae6-a568-7ea6893d0c53,no_friction
80aa3d0a-dc60-428f-bb43-53c0c64cedb3,unclear_product_info
18ce86e1-f63b-408c-99ef-d9394c2f548e,no_friction
41cb61db-5cee-48e5-bc91-17d943a7e285,poor_recommendations
b4aaf8c8-e3e1-42fb-8306-91f9968e0fd2,no_friction
2b2b643f-5c68-425e-9de3-b5b747bed2e5,post_purchase_anxiety
d15fb485-cccc-4ceb-ad6a-d88564f02b8b,no_friction
2ae62308-e4f2-4370-9088-59bfb97638b2,delivery_uncertainty
0ad04020-71ee-4f44-a2cd-4a6ba6f0ccfb,payment_failure
43224e35-a404-4f17-8479-79471e7bf024,no_friction
5f4c5517-48e1-4d8d-94c6-38c500ab9e0b,price_shock
59d1ec01-cb61-4364-b8e0-b7793845c4a5,price_shock
705a03dc-859f-4f4c-832d-0d91e69efea5,post_purchase_anxiety
65ab177c-c2fd-465f-aa62-ac32cde99da2,poor_recommendations
6ffae57a-f704-4ad6-bc1d-25e324511d3a,post_purchase_anxiety
d5a242cc-102a-4c23-b792-9b0e89c797af,no_friction
37af4719-fa29-4a95-95ed-ef6ef9130e5c,price_shock
4196ad8b-b3e5-4879-895a-70b1d6e77a06,price_shock
77c76d26-2163-49b6-8745-f5500785370e,payment_failure
7a105697-26f0-46a4-8b3c-6ca4905dd6c4,poor_recommendations
e01e0dfa-fa42-43b2-ae97-2ad4b05d58d2,price_shock
b36efabc-acf9-4320-afa3-0c33051acb48,no_friction
1bd4ea29-2186-4f75-a9ab-2bfa30306ba9,delivery_uncertainty
4c76aae1-418d-4f36-a74a-0f7a818a1a1b,no_friction
d1b00e60-3f51-4461-afd4-056ccca50bec,post_purchase_anxiety
324f6475-7863-4568-a55b-d837bf597cef,delivery_uncertainty
2e3227bb-cfb0-4166-97e1-347f744042ab,no_friction
87e4c999-06a3-4703-b729-0e26c812f700,post_purchase_anxiety
258de9cd-513f-4a36-bcce-c28ef33914a1,delivery_uncertainty
35ee6637-effd-404e-b5f0-d76f4dcd9177,poor_recommendations
36e2a47e-8271-45bd-ade4-f621b5575f42,no_friction
64c2369a-d35e-4fab-8833-ade996f33393,price_shock
68603c19-9c6c-4afa-8416-af166eba16a1,post_purchase_anxiety
82ef0dda-987f-435f-9eb9-b4523a22442d,no_friction
ddb24e84-6b8f-4cfe-bddc-f1fba064bd68,poor_recommendations
