order_id,session_id,customer_id,product_id,status,placed_at
ord_54764506,609e2a07-4fdb-42a7-a749-d23e3fe65fa9,7f9348d635c6748c,prod_199448,delivered,2026-09-25 19:27:23
ord_76275267,314e3467-03da-41d5-84db-3e604c7c33bc,74a030610d2fe6bf,prod_74441,delivered,2026-07-19 16:26:32
ord_73360838,c7123c43-e0ae-4c89-b6b3-e7589c3d38f0,73bc004927fac62b,prod_992842,delivered,2026-09-30 10:08:13
ord_9658994,eced67cb-45af-4975-ba37-6f6a62c874f2,0ab0aa6364fc27c7,prod_672097,delivered,2026-07-24 06:07:45
ord_45729498,ad010ad1-0250-4ad2-8ab1-df0fbfcf7f8f,d651be779c64bd63,prod_277932,delivered,2026-09-22 22:11:26
ord_24871129,0d59668d-e25f-4a98-855a-76720df7bbaa,aea3a4df6ddfc506,prod_59942,delivered,2026-07-15 05:13:32
ord_91584970,92bcc1e2-9a0b-4c86-886c-3cba7fc8de22,14076646163c9b13,prod_82627,delivered,2026-09-08 18:13:39
ord_97975869,68014a86-67ae-4de5-8b57-a95216586e59,762542586e6f1c10,prod_968114,delayed,2026-07-25 19:33:19
ord_97748559,71400828-5739-44ce-98d5-3d908375f9ea,9c45393f484fab13,prod_903565,delivered,2026-09-14 04:04:18
ord_86198970,cfb9021d-3fb5-4140-ac2e-b99718835a2b,bff2069e99d0d1fb,prod_556926,delivered,2026-10-04 03:09:49
ord_70887697,c5265483-d24d-4c34-af2f-aba2cadda675,c7a9928b5c43e1ed,prod_988210,delivered,2026-10-03 23:22:01
ord_66595544,fcff3981-c16f-4825-a87c-fd29f3e7a1c0,7d55d4e947b80807,prod_194851,delayed,2026-09-24 18:53:56
ord_27846793,ed4047b7-0841-42e5-82a0-3d6b0130494c,b7572248daefc177,prod_517488,delivered,2026-09-16 05:20:32
ord_76553774,8b2c990a-6c3a-48f0-9be6-757c52c17f6e,5933103aa8252c87,prod_798975,delivered,2026-09-14 01:03:02
ord_63583349,24912f76-2d6b-4ba2-a8e1-b44e808e1f36,77e8a19ec758cfb3,prod_66613,delivered,2026-08-20 18:31:14
ord_67222987,2d7ea39d-2edd-4fea-973d-7b518a23990b,e4c8243ee56ceee1,prod_60738,delivered,2026-08-03 20:36:50
ord_47258874,cd080be8-0375-41dd-b21c-ffff39cca5b4,52a6e8a8a2661e45,prod_566847,delivered,2026-07-16 07:13:22
ord_47846632,e72c5df4-97fb-493f-b336-fb09497eeee4,57f4d9f6986573cb,prod_523481,delivered,2026-08-09 14:28:49
ord_83010827,683158d8-e600-49c0-9de9-eb3ef26a6caf,2bf3aaeb877cb508,prod_981188,delivered,2026-07-28 13:25:20
ord_74987083,9262eaa6-be0b-4d89-bbf3-21b295781693,e895ec319f96f2de,prod_244098,delivered,2026-10-01 23:32:50
ord_18505072,1a289548-8496-4649-89a5-9c5a1a70b372,7ce5f78f3735a3f4,prod_392077,delivered,2026-08-14 06:50:57
ord_9013348,58de27df-d7fe-4c48-ae30-935bdd94abaa,5a844230c296241d,prod_562275,delayed,2026-09-19 11:46:27
ord_57379655,a15ac9de-dcb7-41fd-a9cc-b4bccea274e6,1c466530bb6e72a1,prod_235612,delivered,2026-08-11 10:56:01
ord_83949256,2ca404e5-26b3-4a89-8ebf-b802022ac57a,3af3d338bd58449d,prod_126882,delivered,2026-09-09 18:10:19
ord_50481733,39a0f334-16fe-4ce7-8692-c9e5074981ba,b33ee54188d76a3d,prod_485100,delivered,2026-08-01 11:40:56
ord_9511690,592662a2-d172-4b48-b530-bd2cbf847508,3cd43cafee3bd47a,prod_970342,delivered,2026-07-23 06:32:33
ord_76390345,ed1d83dc-93fb-441b-93bb-f95dcab750ab,5ef21eb4fc6c3cec,prod_470405,delivered,2026-09-14 09:20:38
ord_10488284,77c88c30-d613-4f5a-acaa-a8669d766be2,d44568b327609c28,prod_894141,delayed,2026-08-07 18:22:58
ord_69423699,fd881351-5628-4b7a-a0df-e1100d820251,0167e3abbf81a2ef,prod_847272,delayed,2026-08-13 21:59:33
ord_13544314,5a55e2a2-848a-4cbd-86d7-c431bf09ab4a,3d168fc70c5826f4,prod_354508,delivered,2026-09-01 10:11:01
ord_15827960,15daf850-3811-4936-a8d8-1fbbca6b32c3,08acd7c5fa4fe765,prod_414850,delivered,2026-09-09 15:08:54
ord_66936024,38e8465e-f7a0-4e1e-8260-08be696d1df9,cfdce982372a573e,prod_131869,delivered,2026-09-21 16:30:36
ord_30947052,a172cf9f-fe5e-4793-9981-3a25a8bf8bef,169447cfda214f12,prod_105907,delivered,2026-08-24 10:05:21
ord_6909395,345f35b7-fed3-4376-862d-b67b15f78fab,966f6d4f11db003c,prod_687277,delivered,2026-07-11 06:20:45
ord_80730565,663d37d1-d073-4fde-aa49-cb6cd4f58703,dc411b578d885a64,prod_784309,delivered,2026-08-04 07:13:23
ord_72549785,50faaa68-c4a1-4c1d-b2dd-1140b8223786,55ee4468dac3c335,prod_861722,delivered,2026-07-27 00:39:38
ord_44415303,4a800027-8999-4d54-a680-8e03507e2af6,affb66b670022f7a,prod_224130,delivered,2026-08-11 15:15:04
ord_3025600,14d7caef-f74b-42e7-bdf0-0b969c2f20ca,04b15eb10cd4df73,prod_693384,delivered,2026-08-01 21:17:03
ord_30067619,51a679b2-3e14-4db4-adea-076286937a3f,7c52fe0b5cbd948d,prod_495631,delivered,2026-07-20 02:02:56
ord_38909246,eeff15b8-ef09-4e39-9d72-eed6964a3912,24e725e2608a295d,prod_382554,delivered,2026-08-24 11:43:55
ord_33739900,6b658493-5ec9-45e5-9145-d3b339f91ffc,5f45208187278d3f,prod_617889,delivered,2026-09-20 06:52:33
ord_52402145,15dff211-454b-4790-89af-bdb88ab5593b,9f83ef1900e3c601,prod_356778,delivered,2026-08-12 12:22:44
ord_94391746,bb5dd20d-1c9d-4930-987e-ae43d7fb95a6,23b84b92426ff5e3,prod_617889,delivered,2026-08-29 08:05:35
ord_48037222,8fe5fa60-8a56-460b-a028-96f2d8a6eaa6,95093da37fb1984f,prod_755731,delayed,2026-08-31 04:53:14
ord_21188015,d7a06266-1cc0-485d-a931-82bfe82aed46,9f1124ea35c4bf4e,prod_800581,delivered,2026-09-30 03:25:40
ord_38663966,6a7eee19-1be7-446b-acad-86671eb96cc0,41186f2ee6aebdbc,prod_280746,delivered,2026-08-23 20:39:15
ord_10036415,b5d92815-0c9f-4f75-9c62-37a03d57159d,8919fc714738fd1b,prod_607040,delivered,2026-07-15 16:05:16
ord_71729149,c062e6c0-ef1f-4f77-b0b7-97ca5575c84b,2c7c18b9e456ee7f,prod_97251,delayed,2026-08-06 23:27:29
ord_32399944,ce3be30d-ce30-4d7f-8f9d-6d570dc64503,5b596588c642db9a,prod_20422,delayed,2026-07-28 23:11:31
ord_69492537,3f8a6eef-ded9-4fe1-9ade-6ca6f6a187a4,fe23949f6d123ab6,prod_565579,delivered,2026-08-07 00:03:00
ord_82040231,641a72f4-25d0-44bf-8ec8-d923c7faad7e,3f659baa8b4b23fa,prod_256787,delivered,2026-07-26 02:21:37
ord_67115173,eb13f248-362c-400f-bbc1-51a1fb930fd8,61b75763e13d23ba,prod_219684,delivered,2026-08-17 02:59:33
ord_41908052,9ee51043-77f0-4dfb-ae8c-f532e6ab6748,a174c62da1f83c63,prod_355784,delivered,2026-09-25 11:12:34
ord_53582355,56621a8b-60c0-46f0-97c2-0f3085204856,48df96e679fbfea8,prod_713536,delivered,2026-07-26 16:34:02
ord_83033115,ae34dc3a-04c2-4f96-b5c9-c556eca28073,334728dff332ff36,prod_980957,delivered,2026-08-20 00:20:57
ord_7603192,72cc3137-ff6d-4e1f-8ae8-0fd8f80ca0e1,f7a719dbdbb69d59,prod_992842,delivered,2026-07-11 06:44:09
ord_73275043,a15c9c14-9699-4f27-a4c5-b0fe4bd77be5,11e60595a3695e7a,prod_542717,delivered,2026-09-15 09:22:28
ord_93619268,d8ebc084-ce82-49c1-8c05-2e12421486a1,fd7273457c941d57,prod_98246,delivered,2026-10-05 23:35:03
ord_14881319,0f637f69-aeef-49b1-a69f-8b83b9ebf11b,a60cb4d4f59677b9,prod_509597,delivered,2026-07-15 06:08:30
ord_78218402,07b79e17-3ff8-4fd7-9c4e-84c3394b9df5,ceeb07047b8440c4,prod_821414,delayed,2026-08-10 11:25:55
ord_35306385,e9dd3a77-59d5-4a22-8857-9658f24690a7,f3a27f2634b6e3d8,prod_443692,delivered,2026-09-30 11:40:41
ord_87675315,555ed03b-e5ce-4b30-8f5e-2d3fbf7ee44b,cccb2dc92383e628,prod_241292,delayed,2026-09-29 14:07:24
ord_4331840,debace05-daba-40e1-ade0-b1f5f4a4e720,baf4853b1ed493c8,prod_872064,delivered,2026-08-14 11:47:56
ord_45371664,ae4e86be-8167-4319-966e-de7a9508d8bf,ebfb8d803ca43e4a,prod_241292,delivered,2026-09-16 14:53:29
ord_56560115,d1785f48-bbb9-40ca-8a19-942fd0cd2273,0cc2a3b09049466a,prod_790170,delivered,2026-08-10 08:22:32
ord_35014869,6e8a8951-1fe1-430c-9655-d96a48fca4f8,e818b69b4cae2048,prod_657924,delivered,2026-07-25 23:01:22
ord_26912165,1f206562-e2fc-4591-a37a-b072a4d92956,3c8f79f7c8c18e7a,prod_532496,delayed,2026-08-25 19:06:47
ord_7971455,05b1a7ad-fca4-4c58-921d-b8cbab1c2a1d,0c4b73decb38d252,prod_423389,delivered,2026-07-27 19:40:29
ord_18695003,4f189557-35fd-483f-bccf-97c39ea2da48,19137fcad3b7799f,prod_426156,delivered,2026-07-18 19:59:12
ord_27411730,35deab4b-6af6-4b60-aab3-bf1c8138bdd6,8cd5286e599d9144,prod_690993,delivered,2026-09-02 06:52:01
ord_73428820,fa088856-a98a-484a-a1fd-deca4a25d758,fd27b70b4eb97ce9,prod_397382,delivered,2026-09-05 08:29:43
ord_98498722,13420c72-b8ef-4e65-8758-eb3df2402f61,af9e1f8988030dd1,prod_594731,delivered,2026-09-24 08:05:52
ord_44239393,abb4f4cb-7f8a-4308-8d9c-a227044d1514,db01ed0f5af386d0,prod_418801,delivered,2026-08-11 16:25:46
ord_89031467,2dfe6b0c-0934-4e31-9d93-3620c441b1d6,e94cf26e3e61a548,prod_173148,delivered,2026-09-12 06:46:25
ord_8365590,7d4f0d9e-a4a0-471c-9643-d917f1a06da0,5f8ddd75616b6625,prod_199448,delivered,2026-09-27 20:55:38
ord_31624005,fd6d1ad0-b52a-4d2e-a1b3-0e7513842288,ad90d53e4eb33bec,prod_594731,delivered,2026-09-24 13:27:59
ord_66243846,349907d1-458a-420b-85bb-bff17887adec,7d0c79cac043c7fa,prod_9767,delivered,2026-07-19 15:49:35
ord_9786069,d2cb8fdb-da1a-418a-a7c1-8ea434c232ab,a9ee6d3fb205f6c1,prod_765990,delivered,2026-09-19 16:45:44
ord_75679497,b625c373-0124-45c9-a22e-306528f798fb,ce0ba54f33cc04eb,prod_612024,delayed,2026-09-23 05:53:21
ord_81873043,fe9fd86b-82ea-4527-a4ce-6189ce49fadf,df634e24bb8f4a02,prod_792495,delivered,2026-08-13 13:03:20
ord_94367253,7ee7e0b0-02b4-4881-9dbc-2dbf5538c342,c760d90266de2c43,prod_941435,delivered,2026-07-10 21:46:45
ord_4746217,9007be2e-8be1-4d0c-89cc-4bc20ad014c4,d53dbf87851e1b1b,prod_888662,delivered,2026-08-21 12:32:03
ord_46418606,44bf9fb9-058e-4902-9bf8-302614fc7b47,2a1ea1e29de9a410,prod_396922,delivered,2026-09-01 07:01:29
ord_9497661,5f28aa23-a4b7-42fd-8cb5-539dcb4ebf6f,92882ebc59d89bc2,prod_234053,delivered,2026-08-09 09:04:24
ord_55866810,691d298e-a8d4-4792-9f16-47fe98fd8715,a8c77d3c2b051d77,prod_624834,delayed,2026-09-04 08:12:17
ord_99225742,b2e8c1bf-dab7-476d-a46b-12b22c08deb1,411bba454eae24fa,prod_396922,delivered,2026-07-21 06:35:23
ord_82199318,8fd9a573-86c1-416f-b2f1-f8440688bd20,ba86dfbbc7e13f85,prod_481141,delivered,2026-07-20 18:49:54
ord_10817074,13cdfc88-69a6-47bd-adc8-8cc025040c4a,2b4aa022a3f11bd5,prod_72132,delayed,2026-09-18 11:47:44
ord_74011044,e3f3aa68-ac4e-4b97-86aa-1ab9ace638ac,1b65a2f99bf44f05,prod_527276,delivered,2026-09-08 22:32:46
ord_64259620,c7f53cf4-dc39-4b39-960a-e36a1013241e,27a62b40e23e455c,prod_617024,delivered,2026-07-22 21:06:09
ord_17376441,03b85951-eb2e-4255-9735-e9a95383b466,0426bd8871a57f8d,prod_101414,delivered,2026-09-03 07:28:21
ord_36307023,146aecaf-8510-4ff5-bdf5-42ac079b6f55,785e2a99cbfb8f7f,prod_916964,delayed,2026-07-19 14:04:14
ord_5602379,a808050d-94da-4ee2-9b3f-49af186b0f19,acd3545df258d228,prod_582765,delayed,2026-08-21 07:39:28
ord_4778162,06527a72-e471-4ae5-bc20-70a296cefae2,a5797c1dae1250ad,prod_798975,delivered,2026-08-13 15:47:51
ord_66652083,9d8358a6-b66b-47ba-9aa2-cf8439948ffa,e91bd5fbeac02057,prod_31244,delivered,2026-08-11 11:17:04
ord_68129491,f6f6a405-aae7-4da0-8c46-a00680e9e18b,25174520b6f26583,prod_846335,delivered,2026-09-28 13:19:36
ord_30231877,56da445e-ad42-4ef8-a671-dc0b2a4c5d68,835856dcbb8cec66,prod_556926,delivered,2026-08-03 10:39:54
ord_87286750,cfa8805b-b414-4ad0-ab9a-2bd639dde474,77874ef1dd786f0e,prod_481741,delivered,2026-07-11 10:54:45
ord_47010790,434a724d-3ee3-4bac-8197-b92d09e1f623,2f80eacbf8596237,prod_251083,delivered,2026-07-13 14:03:13
ord_57917038,bd6edefe-9a62-4341-bf97-6dc2b2e66ddc,286df66cdccc6103,prod_708011,delivered,2026-09-11 21:56:28
ord_64101392,fde6ffa8-1c57-4a37-b7c4-670a59da130a,f02605eb16877bf7,prod_607040,delivered,2026-07-29 21:18:52
ord_40724121,99051f4a-9bf2-4681-bad9-bd8a867f994f,d0f6eb36d2009e0c,prod_847272,delivered,2026-09-20 23:31:06
ord_30568777,b29943cd-7a77-4bf4-9eb6-e4a5f95aed6c,0f26a1b3c85ce343,prod_63918,delivered,2026-07-25 12:52:03
ord_2878065,d502a3fe-3e12-4e7a-b6ed-bc21b9404c9a,05b90db95aea8806,prod_33326,delivered,2026-07-21 00:29:47
ord_7429830,687b9631-c5f4-4780-b831-45ce904f1814,63b2d1da02c5dd69,prod_105907,delivered,2026-08-11 20:43:57
ord_3537149,7879db30-216d-4c45-8b57-390581eb0792,a4c26d1d9e8a5675,prod_921406,delayed,2026-07-12 14:02:21
ord_26330066,6acff5e6-9c2f-476d-8d5f-eda2f25dfa60,70d9bd179c47e6c3,prod_27824,delivered,2026-09-30 04:20:02
ord_71697212,7f9b65d3-b0d1-465c-8cb5-14b2547735b6,2cd52be676b9d8e1,prod_22056,delayed,2026-08-16 19:15:17
ord_50920647,5bc01daa-3c9e-46fb-820e-fb3cbd7c85ab,936fb3f5375147ba,prod_562275,delivered,2026-09-28 11:15:43
ord_91528600,c346b84c-d664-4461-81a6-80b473c1829a,d49f0ce1ce4973d2,prod_732052,delivered,2026-07-18 18:08:43
ord_91750576,164ab5b7-2e74-48a1-b4b3-bba76afa103a,9d3f889224c22cb1,prod_229258,delivered,2026-07-24 19:14:07
ord_99042425,02e7aa5e-2b25-4ddb-ba8e-6611e4496676,89b8bdefb147419a,prod_508993,delivered,2026-09-10 02:55:02
ord_2428651,ee50e32d-5e7a-4eee-be8d-3a239df8c503,ed997cabaff60102,prod_777572,delivered,2026-09-07 10:40:58
ord_74154752,73f0f94f-f04e-4dea-8b66-061ca2c83c68,39cea073c8163373,prod_194851,delayed,2026-09-01 06:49:54
ord_6998168,209a834c-84c8-4619-ac2d-9e4e1bb14d49,a806ff1155cc8822,prod_967242,delivered,2026-07-23 03:13:19
ord_51959009,8dec132e-8647-4019-8e9a-a082b6406509,037b51d7301d429d,prod_512340,delivered,2026-07-13 22:21:42
ord_50630659,5dbcbf76-60d1-42db-87df-3d7aef5a30d8,70c7c00a466d47f4,prod_987335,delayed,2026-08-22 07:24:33
ord_16809078,b0bc2ec3-49c1-4c16-b93c-353570c8426f,152523a9b860b4ba,prod_116739,delivered,2026-08-09 23:15:04
ord_57675860,ac6d5309-a5a9-4370-a682-8487dc9bf3b9,49d61458d80f5309,prod_116739,delivered,2026-09-29 03:45:09
ord_94131964,f07c3f82-04da-4673-ab77-e4b1f3d16eb6,1d6b2379016f8737,prod_747581,delivered,2026-09-10 05:22:08
ord_57288633,2beeb333-d71a-4c04-87e6-d05ae5343286,86dd065b3d0edcbf,prod_98246,delivered,2026-09-26 23:04:30
ord_73758671,4e5beac7-a7dc-41a2-9bc2-a553c87a68d4,ba7e4af86e91f62b,prod_372528,delivered,2026-10-05 01:37:29
ord_18491234,e6eb4d37-c248-4f83-819f-0f5f7b9f8c1f,3b8abf1a41a11a02,prod_431071,delayed,2026-08-26 20:20:05
ord_58781037,3f93f663-4c3d-4a9b-99f4-e153c63cf4c8,66109a56c0c3f193,prod_964047,delayed,2026-07-29 06:34:23
ord_82631573,eb1b3a86-ba40-411a-b745-cb8f8020b0f1,082492ee1df0833e,prod_224643,delivered,2026-07-27 02:52:03
ord_49353022,970290d6-7e05-4c8b-986c-6e1ec8949a09,cd6602dc1d14db41,prod_967242,delivered,2026-07-21 20:00:57
ord_47216333,ee2ce7b0-dfe9-4e89-a316-a3c485a238f2,f4d87c0c366d640e,prod_689305,delivered,2026-09-22 23:54:54
ord_25990676,72c2826a-79d7-4cf5-a37d-c95ec55a9d2a,dda2e165d635c004,prod_352944,delivered,2026-07-21 04:50:00
ord_46053543,dfeb8644-6130-4444-974e-5dd16e627ca2,b23bfbc1cc42038d,prod_800581,delivered,2026-09-22 13:50:50
ord_58589370,152a9180-eaaa-441f-8014-9c8fea855eb9,766d1cd6977604e7,prod_805635,delivered,2026-09-24 23:41:48
ord_7774227,97f08d13-2045-4173-9cbf-4a2c3ae4e192,a8cf1f7e7dc0bdb7,prod_617889,delivered,2026-07-24 05:05:38
ord_31966664,bdd2e8e3-8df0-453f-a35b-4a3d6e90f75f,e8e25a850aaff23a,prod_588508,delivered,2026-09-25 18:31:16
ord_31142999,d0255d81-e945-4f33-b3c5-850b4c5721a1,451153339e4fb782,prod_103198,delivered,2026-07-11 01:36:46
ord_12346797,4107dc25-c768-4561-a0e4-c580311acb43,4b0bca3957bfba5f,prod_352944,delayed,2026-07-22 15:47:18
ord_1348841,1230b707-3fd6-4257-a551-c3fa660a75fc,9319041e943b8b20,prod_61733,delivered,2026-07-21 20:05:25
ord_30484320,1451ffe2-6b02-433f-a417-4cdfdadb7cab,d5119a70fd37e1a8,prod_619176,delivered,2026-08-23 00:34:19
ord_55440710,6739b2a0-a194-4112-a5f9-3493b869305d,62381b4db866b25e,prod_594731,delivered,2026-07-22 23:52:07
ord_71969904,c478014e-e3f9-46a1-8311-20684d829df7,721626a4969bd506,prod_225772,delivered,2026-07-31 23:12:58
ord_76242194,cf326332-3164-45be-a3ce-3730f2833e58,c8a8c0916e160061,prod_33659,delivered,2026-08-28 07:16:52
ord_6144449,e46d576b-2d81-4346-bdb5-b2c7f561dc5c,42ba5f01fcd59392,prod_58655,delivered,2026-08-26 18:18:17
ord_1999650,e9f7dccb-9002-42d1-b526-47ebb334c884,1120dfc9892349a8,prod_611878,delivered,2026-07-15 00:53:05
ord_96613524,b88b9bdb-8721-4d5d-bce1-e560b4b45071,45e18e87c73f5d34,prod_278082,delivered,2026-09-21 09:12:03
ord_33544016,ad8a7916-d05d-44de-8c03-5a6a6f09ce94,bf268cf13455bfe4,prod_713536,delivered,2026-07-21 10:19:49
ord_7634795,8b9e3cbc-e607-46d2-a099-cfa6a69d273a,bc5509af74084bd9,prod_846721,delivered,2026-07-26 04:11:53
ord_10282645,7cec3493-1f9e-468b-ba48-93f0b5cc75b8,3418e8a1131c97cf,prod_114975,delayed,2026-09-21 20:07:12
ord_17007519,e0b7e03c-c1a1-4105-8d8a-787099e448ed,2f0c988bff84541b,prod_398382,delivered,2026-07-12 13:06:52
ord_58861974,06c12bbf-b2a6-430d-b359-e084cf41bb1e,4cca0e1bca0a3809,prod_120116,delivered,2026-07-26 14:47:20
ord_24238846,20cfe473-46b1-4813-acf0-5e6d7c087fbf,4dbe6fd11fd4fd00,prod_382554,delivered,2026-09-17 01:41:32
ord_37929390,4e2cc001-14bf-4b46-ac34-8c81557c69b7,e21ea895160d871a,prod_765179,delivered,2026-09-26 07:39:49
ord_5867922,b0777f9d-603e-47a0-9b67-a64e8d28b925,8033ef194091cc92,prod_713536,delivered,2026-10-04 23:39:43
ord_42161262,d8f5b346-f443-4a39-8cf3-0b073343a968,96d8b80d4ca7a0c9,prod_231148,delivered,2026-08-12 18:02:51
ord_46931572,23a537bf-0b60-4478-aafe-f9f42b1a866d,5c2b6a5c169b97b8,prod_882554,delayed,2026-08-20 13:55:20
ord_87940656,bb43e644-6729-4834-8fc4-1856539cb3ea,49632417f5bacadb,prod_754639,delivered,2026-08-28 21:11:42
ord_32781920,e32c59c1-2015-4635-a6f4-ef2968c03615,6fad2eec6c0e921b,prod_625380,delayed,2026-08-13 02:31:16
ord_17410219,a87cac6f-bfd0-4f71-972d-7416c97f2e07,8863d7828fa1766a,prod_208496,delivered,2026-08-21 08:48:07
ord_81352565,32689397-d6c2-4a76-bc26-2b147a350d60,e6cb06671044757d,prod_275504,delivered,2026-07-17 00:02:07
ord_53394315,9b4fce3a-a39a-4320-81fc-074e67312c14,95be383f17ac571f,prod_628038,delivered,2026-09-29 03:17:06
ord_64250209,8f106f09-1855-4028-9df2-d0242838d9e4,b7c7ac3776e9c5f7,prod_397382,delivered,2026-09-14 11:06:04
ord_88259272,0fff96f6-4226-444d-8a54-5d03a94ec222,bc6aa2ec665e7128,prod_326858,delivered,2026-09-23 05:10:13
ord_16425076,a91bee70-1fd5-434e-ac92-9a31cbf184dc,00b5039494fcb5f6,prod_813694,delivered,2026-07-11 00:42:32
ord_88126056,959ea2cc-062e-4101-a3a6-f6251442a07a,a9aaca207994eb82,prod_91161,delivered,2026-08-22 20:36:20
ord_10308436,3a6d66d9-70c5-4004-9326-f62df801361f,3621b0065d209b18,prod_146316,delivered,2026-09-05 21:24:24
ord_10251264,60b592c0-2bc0-45b6-a7de-42bc2dc00ebc,646b58954ff07661,prod_473417,delivered,2026-09-02 07:05:08
ord_33581121,6df318e5-6cde-49cb-b9a9-7df046a997b4,b23dc5b8c1f9eae2,prod_165080,delivered,2026-07-15 16:17:39
ord_72966957,2017fd38-8cf8-4cdb-9e51-f0f14fd6150b,85e902761764f57c,prod_192401,delivered,2026-08-19 11:31:59
ord_27630190,359d6f88-4b30-4b44-979f-8c5875b502f9,26a75dc493e3daf3,prod_26225,delivered,2026-07-24 11:08:26
ord_66428279,fa0b1b2d-797f-43e1-b39d-054a4ab68605,e87c2fe57af79ff0,prod_691798,delayed,2026-07-30 08:51:11
ord_98679373,c65c8d71-0776-4e88-b42a-b1963ead4a7e,0ac78fd76a1a2330,prod_431071,delivered,2026-07-16 08:44:11
ord_47910133,75345e9f-91b5-4925-b14e-568c7d0d8df2,812f937e4f8a3426,prod_970342,delivered,2026-08-03 04:09:46
ord_29566459,cfa26be2-5a90-4ca1-855a-f4e2150a275a,51e3150beb7ede69,prod_571412,delayed,2026-10-02 18:58:59
ord_95715206,324b1dd9-ee13-4b63-95de-cebd397075af,9ac1fe102134315d,prod_498369,delivered,2026-08-06 19:23:57
ord_40630244,f35bab7e-449a-4d35-b608-5b79abd8b9a7,6c4fcf37136a3048,prod_713536,delivered,2026-09-30 01:13:19
ord_49248998,85027bd7-d2bd-4f21-89ba-316f38945eaa,0dc5ead766653bb0,prod_355784,delivered,2026-09-16 11:49:32
ord_74008439,f6f43686-0da0-4f86-9988-a351e05834cd,d801f8d3cd29a692,prod_798975,delivered,2026-08-25 18:25:44
ord_39283302,20f24904-1d32-4470-b18f-430fc67ae2be,c2f04c734db85dab,prod_623939,delivered,2026-09-03 02:45:31
ord_87730595,ae62f85e-ea82-4ffd-bda7-70440c2d7573,62dc1bfb64bce061,prod_352944,delayed,2026-08-12 16:13:04
ord_70711829,0c89c599-60c0-48ef-bce9-c051a56581c0,8c9f5c2ad700797b,prod_883794,delayed,2026-08-16 10:45:58
ord_35907973,ed007315-ef3e-4eb5-a9dd-8c3a9a923360,83ec619963521177,prod_830555,delivered,2026-08-27 12:41:03
ord_42796523,abe69c3b-758f-4992-81e1-3359e20701ba,e7453d8451c12ef2,prod_738797,delivered,2026-08-26 17:35:12
ord_93653330,ca567442-e81f-4166-9a96-d17efa93b5a9,2e4fe5a329d30b6a,prod_89814,delivered,2026-09-03 03:10:07
ord_72668051,73d0c659-d5c0-467c-84fc-3373d87f5af9,d72993f219341125,prod_810620,delivered,2026-07-28 14:36:27
ord_67571298,1f7f40cc-2db5-4468-9970-51a84856ef93,2bf54fe5b8a87d92,prod_869693,delivered,2026-08-23 22:08:55
ord_14009401,3bc12da7-f0b4-41bc-9a80-e675905d347e,24dfcdb86c19e733,prod_382554,delivered,2026-08-22 02:33:36
ord_7247426,1b90e211-7a21-401a-9755-033c19022f40,4eb0d3732d4ee18f,prod_803035,delivered,2026-08-04 13:36:08
ord_46524622,3dcbe87a-e0fe-4006-b80e-ebafaa56eca0,685816ff0db0273b,prod_273432,delivered,2026-08-31 15:53:54
ord_55141186,e32d173d-9e3d-4a2e-bf51-836be17f06e7,5d199e819d088f36,prod_499948,delivered,2026-08-06 08:58:01
ord_94690831,bdcbfb96-0608-4820-812d-1a9e57e3fc16,04d4555c404561af,prod_322451,delivered,2026-08-11 08:14:41
ord_83466217,62e434c5-5c00-4165-94ea-aa333d55f9a6,92f9337a6f895485,prod_130889,delivered,2026-08-15 18:47:57
ord_65257692,985aee97-c0e5-4039-8196-a59d8eb59d3c,174fae1abf3aab2e,prod_753305,delivered,2026-08-02 09:01:54
ord_37551952,2000413f-cf43-4609-9c72-5f5baa43b891,a7f02d952a5c01bb,prod_571412,delivered,2026-07-31 02:01:23
ord_10528854,4bff384f-d321-491e-abb3-80cdd0d68b3a,ae94436a74f1075f,prod_883794,delayed,2026-07-21 19:47:33
ord_18405476,2199d94a-a900-4855-adec-ad0ce8961e57,ff11ca0b9ad13590,prod_672097,delivered,2026-09-16 16:27:34
ord_69926758,104d0ccd-73a6-4d55-ba75-f870caa65267,04f600af993dc7cf,prod_459381,delivered,2026-07-25 13:05:01
ord_30942008,b18dd666-3b41-403d-8897-c2a740dadc71,5cc9cf737d534b7d,prod_846335,delivered,2026-10-01 14:25:43
ord_40928246,c3b50f50-2705-4a1f-971b-b59f16b089f3,de9a582b7a6aa443,prod_713328,delivered,2026-07-12 02:46:07
ord_99577294,42abf1c2-562d-4c9e-8f6e-b2bbdbd3a138,64355f62271e5c6f,prod_594916,delivered,2026-09-08 17:50:17
ord_74217795,8cf46272-6eb6-4c10-930d-45e05df75d9f,cdce39def8abcc8b,prod_713328,delivered,2026-08-26 10:21:37
ord_28289021,b7451395-e516-4ded-923f-3a952e2a7b09,5a5b990ccb0e6d4f,prod_810620,delivered,2026-07-19 09:57:18
ord_16474964,538fcd48-5e7c-4c53-b90a-87143be5e50b,c463ecf25a5c3774,prod_443143,delivered,2026-09-09 10:05:01
ord_49981337,9a187e38-ceb6-4fce-a783-66d6eceb523b,eb5289969c65f77a,prod_278517,delivered,2026-09-01 14:29:14
ord_97295874,0e117943-af6b-4ae6-94cc-f402f6ffad42,09705217025641f6,prod_671088,delayed,2026-09-29 14:26:17
ord_19053714,e4610829-5402-4a1c-8445-38c0288b42c0,841bc327ed37032f,prod_754639,delivered,2026-09-08 11:48:11
ord_4814077,302964c5-452f-46d6-94f3-6c651896e308,beafe182d1ab0314,prod_146316,delivered,2026-08-27 12:09:04
ord_31555291,2b917d5a-38a8-4296-b48c-1a5f4575da9c,0e34d71002c2920f,prod_59642,delivered,2026-08-16 20:09:14
ord_93729868,6e700e70-9541-47e5-9c94-efc126416d19,f7c8b05664ca9679,prod_495631,delayed,2026-10-02 16:11:52
ord_87229186,b5704c08-e410-499f-8690-03b0e22622a4,884b0493cd5ad375,prod_754639,delayed,2026-09-02 01:57:54
ord_60903036,61e72817-0a79-4219-9272-ebda15908c51,486398103d156b1a,prod_222955,delivered,2026-08-29 13:58:16
ord_15332850,768b0702-ae47-4e95-8a3a-f3518e4424ed,f3865af4ca7257bd,prod_485100,delayed,2026-07-23 00:39:01
ord_66962229,c74d1677-485a-4970-bc5c-02308ba54861,da3c49837f273cb4,prod_771476,delivered,2026-08-20 09:02:16
ord_4530678,5ef73f70-0778-484a-9bc8-95cd0c599a7e,856055d8fad95541,prod_201629,delayed,2026-09-24 23:51:17
ord_37308143,efdda93e-0f5b-498d-92f2-43f5e48e7255,d1cfafd4646fb444,prod_15474,delivered,2026-08-21 19:52:51
ord_78952257,7c5abe10-6a6b-4142-add2-dbe0fa6d9ced,7e2558208ab26b45,prod_565579,delivered,2026-09-25 17:56:25
ord_51563318,3a0c2083-e81b-4215-ab57-0dc87a5b6207,20933192e18a83a8,prod_902592,delivered,2026-08-30 00:28:10
ord_40320729,c70cf9f4-d5eb-4922-ba7c-a8bf5b76b46e,97c1c114a5d1a39d,prod_628038,delivered,2026-08-14 03:05:19
ord_11340498,6e93c4fa-08e7-467c-9d59-740595d96342,e0f1d2591a1d270b,prod_56802,delivered,2026-07-30 02:22:04
ord_8015488,35e6d3b1-ffe1-4ca5-a87c-4df865da6267,97253bd24306985f,prod_149811,delivered,2026-08-01 12:13:10
ord_37459158,6520fa20-2f23-49c3-b4c3-2da7beac72b7,42689c7aa0e5266f,prod_687277,delayed,2026-09-25 01:41:45
ord_81838954,ee04ba1a-4863-4811-92fa-c5712104cb1f,13ca48526a1f4ddb,prod_251083,delivered,2026-09-10 13:50:51
ord_51531052,babfc6a6-a242-4ca4-9a48-d84bf33b5682,df967f21e53bde2c,prod_783300,delivered,2026-09-04 03:27:44
ord_66485758,8d74fe31-7f14-41bf-8cf0-ce39a74fd21b,40cf4d09c23eb80b,prod_114975,delayed,2026-09-02 09:54:33
ord_51350116,3e279f08-0e4d-44f6-972e-5a4ceda60ed1,776cbb139c4d1831,prod_800581,delivered,2026-08-31 10:41:39
ord_51628627,f6a55f28-84af-430c-9c19-e42d4b72b329,2bdf33cada96cc16,prod_612982,delivered,2026-09-08 22:30:30
ord_59595320,36bd06db-3fb6-4cc2-b3b7-1534923c8656,04a51fda0ca8792e,prod_584004,delivered,2026-08-17 21:34:26
ord_5961354,340cbb0a-185d-4b51-a669-924996ccb255,9abae5193f902868,prod_229258,delivered,2026-07-26 07:55:53
ord_30124961,09898f41-3c74-47ad-bf5b-84328cefa475,5f222495af326d36,prod_82627,delayed,2026-09-19 17:23:25
ord_50912405,e76f39ef-b916-477c-a442-0ddcf02d993f,635c573622d41074,prod_292004,delivered,2026-08-17 22:00:03
ord_24753345,f10a389b-b323-4d38-ab92-c2d71e15a559,a11b4bb5e34563ba,prod_964047,delivered,2026-09-11 21:14:27
ord_88573727,860a32c6-9d89-4dad-b35a-76777f7095f3,6dbedf5a74b2423b,prod_784309,delivered,2026-07-15 13:03:52
ord_57859244,e758ae23-1733-4a8e-bd16-f61be6dbfeb3,1f49fd5d181f60f8,prod_556116,delivered,2026-10-04 17:34:22
ord_71469858,8a7daee7-7406-4d7c-acd3-16faf96a5121,53ff25d85307602e,prod_59942,delivered,2026-08-22 17:54:54
ord_7014171,3a0c7c2c-5087-46e8-bb5a-14ab3cfb2ff3,81c6238191a59123,prod_107175,delivered,2026-08-25 18:12:27
ord_88637717,1c139729-4c2e-4534-84ef-7890899a6504,23424370ce5bd2a1,prod_912804,delivered,2026-07-10 01:15:38
ord_40956281,9b558267-92b5-47eb-8c10-e6e6fd710190,cb11e3b640dc460b,prod_70674,delivered,2026-09-23 15:53:51
ord_4201833,55cfcd7d-fa0f-427f-8db9-24c4299dbae0,ad491e2a2e21ff33,prod_747581,delayed,2026-07-23 03:23:30
ord_46681534,1dd01d6d-738b-457c-98bf-c4ca575e7996,65b6ec7264787903,prod_941435,delivered,2026-08-13 17:05:35
ord_3488600,82338ffa-16d7-497d-ab6a-ac81aa40f1af,1407eeb426b0d7e2,prod_558582,delivered,2026-07-09 02:53:00
ord_81703604,8d5907bb-1177-4523-8687-c73f39ccf07d,1fba2d888f2e464e,prod_717870,delayed,2026-08-29 03:36:52
ord_45126455,b68a9867-a4f4-4618-b590-f8667affc53c,65c6364f12a0a2b5,prod_805635,delivered,2026-08-06 14:27:26
ord_35236547,bade2b7a-d9e8-47f0-8ffc-2df778ff4788,ebbfaeb25890bd23,prod_172634,delivered,2026-07-13 22:13:41
ord_79317124,ab1c6d59-1c0a-4808-adf1-6723918cf98f,c133859322048754,prod_442374,delivered,2026-09-22 15:11:59
ord_29064063,647fcad6-8fa1-4d3d-a3e8-657c515caa70,0413839e055122ac,prod_9767,delivered,2026-08-09 15:23:16
ord_3670202,9c9fd788-0a49-469b-9e5b-cc6767837d53,21361284184e75dd,prod_396922,delivered,2026-08-23 15:28:16
ord_45760780,7f1ac4b6-3a36-4355-8724-1f7a5bb1ed2d,88e8218c1e5429d9,prod_199659,delivered,2026-07-11 16:07:32
ord_97413385,808d5069-1730-439d-aab0-b265e6ecf06c,24d794fbc98e5e9f,prod_169396,delivered,2026-07-09 23:56:57
ord_83420414,bd76c47b-0d6f-4ae7-978f-20d536a926c7,5c618253fa0a24b9,prod_444154,delivered,2026-09-19 12:20:57
ord_58260695,61b2affe-2ccd-4f2f-8181-9f8c9da61baa,0f36f2215884e4a5,prod_167414,delivered,2026-09-26 03:49:05
ord_57384680,86ea35f3-2152-4203-b7da-3d9bc34c1e79,95cf75b994d14a30,prod_292075,delivered,2026-07-15 22:44:30
ord_97875074,502d1338-43fb-40a4-bfb1-f5c23c720f20,23677416e22d38c9,prod_509597,delivered,2026-08-09 16:27:04
ord_98705661,1382bc43-5534-4d79-b309-a909e02f01a5,6c26f8af193039d7,prod_331737,delayed,2026-08-14 09:06:25
ord_7666327,65279b58-dc58-4434-b0c5-8842037613ad,2facd0b8230d837b,prod_605397,delayed,2026-07-17 08:43:29
ord_14657945,a63bac31-7982-4ee4-b38e-5ac95cb8ad8a,87979198ac1e88c8,prod_813694,delayed,2026-07-08 23:34:01
ord_52091317,78df8399-c5e2-4fbb-b78c-fe47b1db53c5,00e6578628ad5ca6,prod_481741,delayed,2026-08-07 09:47:00
ord_96810847,9aba132e-93d6-4092-8178-de323927f240,ba6991b8b4d3b131,prod_307419,delivered,2026-08-17 02:16:21
ord_90995529,4a27acfc-de84-41fe-838b-a33cc0b932a5,53fce22e855fd37d,prod_451989,delayed,2026-08-08 23:26:54
ord_71774457,477b3472-58d6-429c-ae42-d56c52521a2b,b82525252b31ae92,prod_594916,delivered,2026-07-21 22:59:45
ord_62210257,134eeb93-b2fc-431f-810f-65d01f58b794,f953c1fe8ae30f6a,prod_872064,delayed,2026-07-18 20:44:01
ord_76853413,3afaf933-57ef-4b1f-ba54-206a584530ac,66a710cfe42778d7,prod_971366,delayed,2026-08-06 15:31:58
ord_76276344,09de4511-4ec9-43e3-a4ec-ef723c228a9b,88039a3ca066ae07,prod_509597,delivered,2026-08-08 14:40:42
ord_69647305,2f70dcb5-6add-4d54-99b8-ca73f052081a,9de8375e71fc2e06,prod_331535,delivered,2026-09-13 23:37:32
ord_34910126,10f0943f-4828-4009-bde9-a963023eebbc,f3c809af1aa7e5c0,prod_512340,delivered,2026-09-22 09:36:15
ord_21816939,4fc39755-a8a0-4b2d-9871-1b206dde1fb1,0878e3fcf43b4ae3,prod_12038,delayed,2026-09-01 05:20:18
ord_62724302,6a0564e2-9ec0-4e29-82e8-56182e7663c8,baf0923f9dd7a6c5,prod_235612,delivered,2026-09-11 19:37:36
ord_31974274,3228f2f4-77a9-4317-8703-24f28d3728d4,a84dbe1a78d053f6,prod_131869,delivered,2026-08-26 15:57:13
ord_17699655,29d22f02-b5c4-47e6-95d0-a3c2d79ecd36,cfc4a2a6f4b4af37,prod_117301,delivered,2026-08-19 06:29:56
ord_2037883,339825d4-c7c0-493f-a4af-f535af410f0e,8e583b6d29aea81e,prod_222086,delivered,2026-08-15 10:53:08
ord_37674933,d7dd3540-e343-4d97-8e99-1ee4467e6fc8,b806057e2d38945f,prod_52578,delivered,2026-08-26 01:38:13
ord_91616850,2d4cca9c-45c7-458e-b932-f68054b88b0c,0573e56be9f5ab43,prod_566847,delivered,2026-08-11 07:07:53
ord_36828381,4c84c330-fe95-4085-ae22-7076a0c62929,85316bf275419aab,prod_249565,delivered,2026-09-18 08:56:04
ord_11480563,5b46bda1-050d-4bf7-87a4-d33c04cbf930,f1f08590b5a7e657,prod_517488,delayed,2026-07-11 07:29:30
ord_72853994,135f1687-e490-40b1-9fdb-4929a0bc0085,4ce6cd7d25423514,prod_278085,delivered,2026-07-29 07:58:40
ord_39704948,127bf721-fb97-4236-83d7-567f91d17266,e09e27e34326cf53,prod_713536,delivered,2026-08-29 14:30:31
ord_45302825,a9a1ae8f-e351-4833-9e83-fbc20ecc3874,4d995034217b5945,prod_442666,delivered,2026-09-03 11:17:13
ord_76649413,4bde2253-ca5a-40f0-862e-0fc0d6d8a902,24d47cff00c27a0b,prod_902931,delivered,2026-08-06 08:33:50
ord_52962477,2bab0219-bd27-42e1-b474-984afb14e004,8590297bf4651d02,prod_612982,delivered,2026-10-05 16:08:46
ord_5181637,adf9eac3-84a4-4824-b535-49237db9f128,c2fcab2acbff13e7,prod_403457,delivered,2026-09-06 03:19:37
ord_82617353,99594b29-d581-4fbd-9876-675faab99cb8,dd453751051dd4cb,prod_855662,delivered,2026-07-21 20:43:08
ord_36811880,63ae0dcd-6a35-406b-86aa-3683ff3c09dc,bc7daf211435f019,prod_104837,delivered,2026-08-31 08:29:50
ord_48545863,2372a5db-041a-4790-a8b8-3f221ed9f4f3,2adc2db0ed0d6e79,prod_117301,delivered,2026-08-26 13:13:12
ord_36070658,d50c1fde-e1ca-4d62-8395-8e08cb63fefd,2401e4fb5ee6ec91,prod_72933,delivered,2026-08-25 05:16:43
ord_88480345,06d0a797-80be-4ec8-9eb7-10e031d9e18c,fbae6ce8f4055cca,prod_388162,delayed,2026-08-17 19:56:58
ord_87648351,249e2e9f-bb8f-4152-a55b-e5c3274919ed,b174b346c3eb5160,prod_636059,delivered,2026-07-29 21:20:28
ord_81604268,bf4e9787-beea-4a23-9d86-4fe52e1b2636,26cdeaaab26b8b38,prod_201629,delivered,2026-08-05 12:07:17
ord_1656128,5db2df48-6a96-44de-bcd6-808d12fae889,bff3c183e9c15fbd,prod_234053,delivered,2026-09-18 13:39:25
ord_16684124,78bbfe37-86e2-4c5e-a9df-a47668eb4d6a,de5d4abf004a427a,prod_669987,delivered,2026-09-02 01:59:19
ord_41190770,f6df7fd3-0bc2-4c0e-a6c6-468deb65771c,797a786fbcc473a3,prod_20422,delivered,2026-09-19 22:54:20
ord_76294869,2b9d660c-a516-4e7a-a0f8-8ea7bf9a7151,63ad3c6e4278031f,prod_240174,delivered,2026-08-30 12:33:22
ord_88687917,1b96a936-78df-47e8-a68f-0b45a6b0c7e5,d0b2b9f7959d359f,prod_735392,delivered,2026-07-29 16:42:08
ord_43082466,b93e4aed-67ae-48c2-b027-d0c9e36a9c02,98949bc649873ad0,prod_356778,delayed,2026-09-25 18:35:16
ord_35502943,617793dd-f869-4822-abd0-ee7d17882b84,0f8e5fa8d23ceb8c,prod_194851,delivered,2026-09-18 02:13:24
ord_23996035,3e58ae1d-db0e-4e9f-98ce-b8cbdee3fe86,f8c118204aa4db7c,prod_354508,delivered,2026-09-05 17:28:45
ord_59566993,22005bfb-4d12-451b-9b65-ab692472566b,d6adc6983d76f8ac,prod_172634,delivered,2026-08-29 18:53:12
ord_62105800,4238e7c3-3966-4c90-8f85-aa6c726502df,cb299fbde4ae71f0,prod_439898,delivered,2026-09-22 18:15:06
ord_2317495,cdfe0b29-f894-495a-8d72-2f76bda62c24,981ee75161079ae6,prod_131869,delayed,2026-09-30 13:34:27
ord_1190605,06704f14-bfac-45ba-b30c-b61d8fa105b4,e7153b6d863d503f,prod_908573,delayed,2026-09-07 21:04:08
ord_4966560,31cbad86-bf20-4de5-876e-9147114e076a,72b1f47e351378a4,prod_563054,delivered,2026-07-15 19:25:28
ord_48147073,8a178097-b0e6-4313-aa73-b347f0dc89f3,ee2e0400d3af8577,prod_892697,delivered,2026-09-07 23:55:30
ord_64452414,08b5bbd5-4e96-4a6c-b93b-419f938e7086,12c98a1e66600ec2,prod_903565,delayed,2026-09-08 02:45:47
ord_74706716,6db1fe4a-4d20-4702-b6e2-938e1bc29aaa,81a4cef83403dbe2,prod_160265,delivered,2026-09-23 17:31:29
ord_29238325,0e612ee6-720b-4316-ae95-8b7a94c985e4,79a71047a9a3b617,prod_231148,delivered,2026-09-02 14:09:08
ord_54842825,ea0c3611-3787-471c-8108-20f20482cd0e,1096ea3211f6ce9c,prod_243962,delivered,2026-08-10 20:26:16
ord_7863123,1fda2b1a-82d0-44c0-b3a4-57147f3bd303,24933e6021c016bc,prod_82627,delivered,2026-08-21 19:13:42
ord_77788611,68bd70c5-379f-4a06-9174-e34d31bd0fe8,b47bae89477f06ef,prod_356699,delayed,2026-09-09 14:04:02
ord_10676603,06c69739-94df-48e0-88e4-3472b3b5451a,ab4dd0f3732874de,prod_63918,delayed,2026-09-16 23:08:37
ord_81916907,76542715-35cc-4f1a-a7f5-dc981b79ddb1,9cf2656789cb087c,prod_70674,delivered,2026-07-17 07:58:45
ord_74014080,a1fc2911-1c34-4f74-82bf-3fea211ddb6e,6fa858304c123663,prod_683823,delivered,2026-08-10 20:03:03
ord_42147927,ea1abd47-f70e-4ce3-ba23-f5024d0377d5,ac12a3b4ef3c6a11,prod_134628,delivered,2026-08-14 16:04:34
ord_8595771,213b4e6d-ae7d-4ff5-ad1f-cff1848cbaa4,c2d8bf103edfc24a,prod_896865,delivered,2026-07-16 21:27:55
ord_59114791,5fd99f20-bb8b-4011-9752-c14781b23288,46cbfe5454b51073,prod_588637,delayed,2026-08-19 04:00:34
ord_34629107,87d6d2f1-2381-4ed5-941b-8ed20e8b5529,59898f5319c862fe,prod_553306,delivered,2026-09-04 19:54:20
ord_37063466,dc3d327d-3099-48fe-8de5-1113ef619606,e4bf562ba5949874,prod_565427,delayed,2026-08-08 04:53:54
ord_66428236,dcc62c5a-7821-42c2-b732-6fc0f1b1a8ee,2e2a2dce2eea0bab,prod_672097,delivered,2026-09-20 22:57:30
ord_17075512,5d13b87a-4437-4ac5-beee-e3162c5a4537,8462dd329f6f168d,prod_328838,delivered,2026-08-17 19:29:59
ord_30523650,58eaa5de-9758-4924-8e6b-cc9e2965cd92,37b3e8ad8eecbf14,prod_876638,delivered,2026-08-29 13:20:33
ord_84602558,5bb65c6c-e065-4e6c-a4a5-719eaa33df17,d1df7c826d316166,prod_912804,delivered,2026-10-06 06:00:21
ord_23420365,1c93fcc9-fbcd-45c2-bda0-34064e43314e,072dd24029caafe3,prod_104837,delivered,2026-09-19 06:34:54
ord_19716823,84998899-971f-4546-b704-f1bfe84c0b7e,2946932baa564ab4,prod_354508,delivered,2026-10-02 12:58:09
ord_82939751,b390d9c9-4c58-4f96-8a49-372b236dfbc2,eb8dbc36a4855268,prod_201629,delivered,2026-07-15 23:03:37
ord_88043897,c15bdb4d-8257-47bc-9172-1f321fcfd284,7d14f80dc83fb540,prod_464656,delivered,2026-08-13 04:14:55
ord_6654471,85907d49-70a1-4f3c-8663-e99ad29ba6ec,0d44333f1e6bbbea,prod_558582,delivered,2026-09-30 06:13:49
ord_31228768,de984d8e-4ab6-4ee5-abfb-d256733dff77,4cd60a8c501e8f51,prod_882554,delivered,2026-09-29 17:33:03
ord_15360757,3c04b181-5f13-4933-bae0-def10fc79cf4,d5f93a7a8d84d806,prod_303445,delivered,2026-09-30 13:27:35
ord_87859036,2bdbc628-3dca-4b6e-bc61-9b2fe4613c80,3ca822c634a896db,prod_823267,delivered,2026-09-21 13:54:47
ord_5167621,7a03c17e-059e-4646-bfde-52763fb2492b,c00f816802abb21f,prod_475763,delivered,2026-09-01 05:13:26
ord_24730353,d0d012cf-8373-45ff-ba1a-234376b2bac3,c4a638d8d2e75ee1,prod_681453,delayed,2026-07-08 14:52:41
ord_68010697,c215a2c5-c16b-4f9c-a7a3-8f27b3991b7e,c602e11863acd46a,prod_58655,delivered,2026-07-14 07:02:15
ord_59097257,e1b7905f-bad8-42a3-8d0a-63398c9ecfe5,cd2ae461573b780a,prod_241292,delivered,2026-10-03 14:17:47
ord_77831614,deb2d8e2-3bda-4a5b-9664-f69c9994884b,2dafa9ad3cb1da81,prod_160263,delayed,2026-10-03 10:19:03
ord_5631183,f3c99b90-eb03-49c1-960f-94c958224455,844631ab9f330e51,prod_657924,delivered,2026-09-08 08:17:25
ord_74277127,ecab0ed8-8d15-420b-998e-03cc3f65a7e6,27fd663ec34bc446,prod_131869,delivered,2026-09-22 04:50:52
ord_96282120,4d1e3420-d700-4f3d-bdcd-f7dba8d32f38,ce8c619256c39f4c,prod_598782,delivered,2026-09-21 06:02:10
ord_30595256,29c4b0b2-8ddc-4514-bb02-be5af0f0768f,3894e174908c0c99,prod_475763,delayed,2026-08-21 08:30:31
ord_95905218,bb2d3433-9ef4-4fff-9192-746f75411a62,1f55368f4be67af7,prod_331535,delivered,2026-08-07 00:20:36
ord_34769739,60cf72c6-875b-460c-b7a9-a3e71748f60c,180d969dade35714,prod_767460,delayed,2026-09-26 17:05:35
ord_2163344,6d5afff0-4ab2-47ee-828a-44dac286741d,7ab05039c4b2cd10,prod_174389,delivered,2026-08-27 07:54:55
ord_91051671,535dea5b-8d87-48db-a4d1-0e59710c4b94,45b449811115d01d,prod_71262,delivered,2026-07-13 05:31:43
ord_47423826,4cc6b76e-d6c0-4edf-93e2-6e57eee57ab8,af64bffe6d9ff649,prod_449245,delivered,2026-09-09 01:41:16
ord_72536810,554e53af-612f-46a8-ba06-7bfdb79b295c,78447b17454026e8,prod_694022,delivered,2026-10-05 13:14:07
ord_96411184,ab64b99e-1c89-461a-a8f1-a6260946f964,10d237aea40c2c99,prod_607040,delivered,2026-07-14 17:41:54
ord_6003970,98c8d805-3205-4873-9b70-fe6e10d2c62f,647e843d0287ad1c,prod_439898,delivered,2026-07-27 16:16:01
ord_80608327,d6b213d6-8172-47d3-9fd7-98da0eeef46d,d0849d0992ba5585,prod_903682,delivered,2026-07-20 23:34:35
ord_31500479,821d26d0-7428-43dc-be2d-966b124cd197,a87d199016e2fcaa,prod_908573,delivered,2026-07-20 08:58:08
ord_46939919,86370d69-6e52-472b-9465-0e5e59809c72,03f6b4e64e98e25c,prod_111579,delivered,2026-10-04 15:58:15
ord_14651674,cbdb3fbc-c898-46a9-a2ae-db2db39041fd,03154718891e6730,prod_307757,delayed,2026-07-22 21:48:29
ord_68040058,bf8573e9-a957-45d4-b83d-f2f1dfe116da,bf51f35595a26de6,prod_677568,delivered,2026-08-01 16:01:37
ord_59567530,7b7ef369-3f75-44e9-b02c-24b97bd6ead7,c08b17a33fc25741,prod_735911,delivered,2026-08-24 12:51:02
ord_15191106,2a2c3370-7444-4950-a9fd-9e59aec351dc,b4d37dcabc586d41,prod_172634,delivered,2026-08-23 06:34:30
ord_68590026,6840a6a2-7604-4c81-9f9a-2c65ff6ebc67,93c58188a1127c30,prod_920659,delivered,2026-08-08 08:27:51
ord_10395193,68afccd7-4653-4e7a-875b-daad77a9005f,ce271996d1cf2d74,prod_758490,delivered,2026-10-05 05:11:55
ord_31806744,27ae9f84-c7ec-4f52-a384-dee383807145,6c30baf603d202c7,prod_398382,delivered,2026-08-30 02:42:44
ord_27386042,d9ff2a4f-3366-4a3f-83af-e34db0fb7674,4e0560e09aeb29da,prod_876638,delivered,2026-09-04 21:26:45
ord_43726665,eb37c6be-ed36-468a-a249-22841d44dc0f,9894c80f29819fbe,prod_116970,delivered,2026-07-14 06:14:53
ord_76553214,f13b9d5d-4e10-468c-8672-47c0ed6f4fe1,7710880b988b5640,prod_208496,delayed,2026-09-21 15:52:09
ord_91404455,c16ab73d-9497-42f5-bf79-e013f42a85fc,b9ba6957c0effaa5,prod_607314,delivered,2026-08-15 21:16:15
ord_55830504,ab627ccd-ffc6-4419-92bc-fee5f0c91ed4,39b447ef1b97dba4,prod_534277,delayed,2026-08-06 01:45:03
ord_86152618,27390f7f-b7a3-4b42-a7ee-09262dced621,faccd09a8e20631a,prod_974146,delayed,2026-09-14 15:16:09
ord_37994945,4bcada86-51fa-417c-b603-b3601e89ef8d,cc08850a91e659c5,prod_772246,delivered,2026-08-09 15:09:06
ord_19203803,a0afd921-525f-4ade-9421-0a396eef8157,8d76f213d695c29c,prod_713328,delivered,2026-10-02 13:31:01
ord_3314453,9055da1a-ada0-4e3c-be33-37b54b1df10c,b4246a5d2fa64b43,prod_694022,delivered,2026-08-20 00:35:52
ord_43827529,85db3797-29f1-44c9-93cc-a330572b9263,6f6457b7a36fbc6b,prod_822733,delayed,2026-09-20 02:18:26
ord_48356895,f593b839-4ce0-4e10-b987-e3e462640c2c,bfe5fb374b8244e1,prod_391559,delivered,2026-09-24 01:43:46
ord_44961030,d885852c-fe9a-479e-a877-bdf6f437ed75,ca62678282e0830d,prod_291476,delivered,2026-07-17 12:25:10
ord_54779294,a5f720dd-d088-442b-b3eb-8132150b681f,8ba730d111f8e32e,prod_442374,delivered,2026-09-09 22:33:01
ord_87507034,b012f5e4-a48d-4d62-9b9d-fb85e92b2586,8949571ee8cff6a9,prod_464656,delivered,2026-08-06 08:28:14
ord_50293477,4c18098b-8fb2-4873-84c5-1138a5a59a2d,2059d333225de507,prod_755731,delivered,2026-09-01 23:46:44
ord_63174275,992de754-805d-4503-97aa-2cf00abd08ed,67dc13e4b24e9a5d,prod_735392,delivered,2026-07-13 18:28:18
ord_39468472,c6c5f08e-bc3f-45c5-84bb-58441498eb0f,27830dbf68b16b6c,prod_638720,delivered,2026-07-08 20:21:53
ord_83472202,6eecd67f-8071-465d-bb06-321f04a895e2,866778e6a5e412e9,prod_495948,delivered,2026-08-18 23:51:53
ord_4181876,62842a72-8225-4575-9be3-c936ad3119df,b28c2b943023854c,prod_495948,delivered,2026-07-25 01:32:05
ord_21516822,1aaa3a94-8883-4807-ba6b-6e77145ad115,26e7c2846128ef18,prod_329445,delivered,2026-08-23 10:58:04
ord_49432646,8c3f7f4f-9e27-4a6d-b3df-998f9f64f1db,b3351fd9a56584d9,prod_508993,delayed,2026-08-16 01:37:48
ord_39040263,4556ed58-ce58-42cb-b2b9-d388598cba32,74e39b0748c4ddc9,prod_571412,delivered,2026-08-23 04:50:27
ord_20141148,8082c888-fcab-4371-8bbb-ba6e59e62551,85976cc7e72261e7,prod_331737,delivered,2026-08-24 23:08:42
ord_79353203,b348eef7-e334-428e-8758-db7f0cb46ff8,03332ebda0c1dcad,prod_388162,delivered,2026-09-27 18:00:08
ord_3427288,641ead48-3c3f-4638-86a4-9b11aaa4e8e6,b9415d4c6433bc94,prod_735392,delivered,2026-07-11 20:23:33
ord_14258231,83669cf1-e237-4916-a56d-28d9be4fc00e,9c4bacf206f9cd51,prod_314569,delivered,2026-07-25 06:18:31
ord_81743716,a6a8e77a-f660-4960-b2e4-870b1f696869,68b9451587001637,prod_104837,delivered,2026-07-16 02:04:57
ord_28384317,62bd5611-b505-4c3d-bd56-f3211aa6e5ce,f44f6980a7cd220c,prod_631262,delivered,2026-09-26 08:10:47
ord_42024344,0385faff-6417-48ba-bd51-b91b5ffb60d5,dc68e1bd3d6e5eb8,prod_968114,delivered,2026-08-21 23:03:08
ord_68557897,0195e888-488f-4745-96a2-1d2d3a1dc37e,425f904521c80598,prod_530458,delivered,2026-09-03 12:37:13
ord_96068750,76feb11f-9d78-4c8f-b283-3023b371d350,5febef845a0a8791,prod_683823,delivered,2026-07-18 06:47:33
ord_99595381,b99dba3e-109a-4cc8-a162-37d493746542,9bad95bdb8ab4aee,prod_925245,delivered,2026-10-01 22:19:34
ord_68207069,25c5af66-0d7f-429d-a117-9d2d35cdbf14,4cf4d8b3a55997cc,prod_276183,delivered,2026-08-14 16:01:01
ord_78045796,5abae887-cad9-4121-880e-8349a446c60b,3ac7181f44602171,prod_810620,delivered,2026-08-10 06:44:30
ord_95675797,31b77874-e7a1-4205-8415-66bfcc0b1b8e,997d81b979478364,prod_45561,delivered,2026-09-27 08:19:50
ord_46177977,e67116d4-e2d1-4476-b83b-6e6d16df886f,8b83defa8a36ed8f,prod_903682,delivered,2026-07-29 06:52:28
ord_28839191,9d1827a4-98ae-447a-ac38-8bd435c79585,cd18a3ae1ed4078e,prod_888662,delivered,2026-08-22 01:00:44
ord_50847002,bbe23b06-88c6-4222-accb-e2c77b0fd53e,f2c6056bf7c447d5,prod_261941,delivered,2026-09-03 05:25:42
ord_78206824,70a63075-ff37-490a-baa1-620057d80caf,9d4364eb5b3daa09,prod_231148,delivered,2026-09-10 18:52:14
ord_4375434,1a76ed6f-fd1d-4991-91ec-588a1099061f,f1b2b2e06d9b4a8a,prod_258607,delivered,2026-09-12 13:45:03
ord_88189010,1f0060e2-c5c4-401c-9b59-cc85cad310af,e9468192db1eb74f,prod_241292,delayed,2026-08-25 18:25:59
ord_20142683,85cda0ec-f583-4a67-9ada-07b001826a76,69f0ce8cbe8441d2,prod_165840,delivered,2026-08-06 04:16:16
ord_51148988,322b88ef-9526-4057-af45-098f1a4911d8,d6ab187aa5ee356e,prod_130889,delivered,2026-09-18 00:10:52
ord_87135770,cc669c06-6972-47ba-bfe9-a899edb205b2,20f0061a01e2d98f,prod_616886,delivered,2026-09-12 11:18:42
ord_10528705,c2a73651-d6a8-4857-a418-b2a3fc3d6833,39c8fa0ba74f6ac7,prod_764544,delivered,2026-09-03 07:56:30
ord_10376565,71ac2bd0-86da-44bd-a90f-e8427b340558,ee0799df32306310,prod_901393,delivered,2026-09-30 14:18:16
ord_30142752,9ef36457-d2df-4a77-9f9f-8393a04ac841,8f95692f83cc003e,prod_82582,delayed,2026-08-26 01:39:59
ord_67578073,55781b17-0b84-4ec0-a597-af2e5c5d7dbf,f664b78c3a422b6b,prod_307757,delayed,2026-08-28 22:05:02
ord_84600705,2c8b3794-4aab-4949-b8c8-41e22ac1e750,a367eafe865ad99f,prod_169396,delayed,2026-08-21 08:50:05
ord_98509269,59899657-3e77-49aa-9fc7-3aae33ae7a56,bd7ad475e144f311,prod_946279,delayed,2026-09-20 14:42:34
ord_72338977,adcf6d24-318d-465e-bb06-761c251b235e,48b94294c216bab5,prod_114975,delivered,2026-09-22 04:25:26
ord_98387723,428debc4-684b-4e78-bb73-035dbd4d5997,9dc8b1201e0b2caa,prod_542717,delivered,2026-07-09 20:16:13
ord_16272875,ac96d159-f650-42e8-b7fa-757dbf5191ef,925177648f3d14df,prod_146413,delayed,2026-09-19 23:03:12
ord_70834264,5445ec0f-b408-4f77-9ce9-db6b7969cfe4,8258670ae2305a15,prod_576510,delivered,2026-09-12 04:24:00
ord_6903019,cb873046-c68a-45d7-8135-b8466c34efde,1d7a8833c4de8f97,prod_623939,delayed,2026-07-20 23:53:30
ord_63394946,cc582c83-275b-4dda-82e3-6bd45cb92a6f,3bbe91ac0ea8e0f8,prod_813694,delayed,2026-08-07 04:46:10
ord_70390228,8aab2c50-6d67-44d3-a9f2-179598588187,5cf4bb3b18b197b1,prod_681446,delivered,2026-08-06 10:19:51
ord_69838315,8d35aff9-c544-4997-a4ab-ee586bb9c1ba,01bc4e5b622cc3a6,prod_905798,delivered,2026-10-03 23:50:17
ord_59192355,b2435db1-6741-4e38-bcc3-ff597ea170ec,800bc046eb8350d5,prod_649468,delivered,2026-07-30 06:09:55
ord_42538880,0714974e-67ab-48c9-91fa-f2e32020d528,797073212dfbf67c,prod_508993,delivered,2026-09-03 17:33:02
ord_36129093,9794ac68-9295-4ae0-8aa6-83eab15aacb6,981091608428d03c,prod_280746,delivered,2026-09-15 12:28:19
ord_26175623,f23e34f9-be28-43d8-9593-e92ab8a18410,4ab656dc48557a13,prod_732052,delivered,2026-07-18 23:23:27
ord_77207907,3cfd6bea-6bb4-46e9-b718-223656aaf269,8cf836111a5e6ca5,prod_604201,delayed,2026-07-23 08:16:24
ord_32753017,aa318e50-8670-4662-a42d-8013c0856f04,404b1fc5319f81bb,prod_795667,delivered,2026-07-09 09:08:51
ord_44115287,dc066661-a0ff-4fef-9edf-788a8e76b3a3,5b78d34e16de6ea3,prod_170555,delivered,2026-08-25 16:03:28
ord_32624751,e72fd0a0-d3fb-49b6-85a4-7ea8f1cd40e2,4a81a004daaeb2e8,prod_116970,delivered,2026-08-02 07:44:16
ord_48582114,e77b92da-6f7b-443c-ab85-e07a2adf2653,bcb63654a6563fc6,prod_504740,delivered,2026-08-18 20:06:24
ord_30989625,1192ca1c-9413-401b-9a8f-12029250d5b3,343d6711fe9dfd9c,prod_556116,delayed,2026-09-18 04:23:07
ord_42253938,71ab82f6-a16e-470a-a18f-d4138b813f72,c239c027634b5942,prod_679514,delivered,2026-09-09 07:32:56
ord_15490996,7e360d74-a2cb-41a8-8764-9ad4b1109464,86098dd607f988f1,prod_670487,delivered,2026-08-19 23:24:29
ord_93022701,e5aaf4bd-7518-45e1-b03c-605698f695d7,5b572011ae25ddcc,prod_314569,delivered,2026-07-11 06:37:05
ord_32352710,2c17b46b-f129-4b92-99f7-3db896473fd5,60f8d8f750e22cba,prod_754639,delivered,2026-08-24 20:52:15
ord_59727893,bacf7c69-f6c9-447d-b916-775d539fd1ea,1144c596408dbe32,prod_892697,delivered,2026-07-12 22:35:23
ord_98354526,9292d2a0-c8ee-4e35-912e-7664721e4f6d,f8631f7475085b53,prod_279786,delivered,2026-07-23 17:07:57
ord_55019311,57529113-d944-44ff-8e7d-ebef88c30ebf,1809bc92c5046725,prod_672097,delivered,2026-08-25 05:05:15
ord_48570867,ed26abdd-5703-4c4b-a0e9-02b6383bafde,f6cf07bdcd622bf3,prod_935518,delivered,2026-07-13 08:46:51
ord_10695820,40d61241-34a5-4450-84e4-2027e1f8e854,61cf55be23931f0d,prod_764491,delayed,2026-08-14 05:45:21
ord_75223282,5cade9f2-4103-451c-afb3-1c525dbf3b88,57598905e5ffc33e,prod_625380,delayed,2026-08-25 20:57:28
ord_10260108,82fc38de-006b-496f-8a72-39acb7f3763b,1c5981732cb354c5,prod_565492,delivered,2026-07-08 11:51:36
ord_48626679,49ab7de8-ac23-44ba-8f55-a6c864e764e8,4f2c9d4a52fde3c7,prod_27824,delivered,2026-07-13 17:55:55
ord_87688458,ea409570-2406-4ef6-bca0-1a2a002e7139,7f670e173e1facd6,prod_59642,delivered,2026-09-25 18:15:29
ord_64982119,33f34dc5-3a1e-4f22-96e1-8d0b705cab21,b5d36fda631afd1b,prod_170555,delayed,2026-09-06 15:36:29
ord_30917031,8b73ecfb-eb72-49ae-9030-309985d1c175,5fb717e87468e0d1,prod_208496,delayed,2026-09-15 23:39:40
ord_56217126,b1206fa6-7d9c-491e-b75e-cd9f10971c03,40f6bcc5bb3b6423,prod_799550,delayed,2026-09-24 03:23:33
ord_76415823,44e30144-5115-40f9-9162-438fa2d787a0,127ef9f50484cdb5,prod_958972,delivered,2026-07-22 02:44:01
ord_16814965,cb0a3120-d449-4d35-a1c9-c9429c53d18c,9cf806cf6687e344,prod_669987,delivered,2026-09-26 06:29:45
ord_72157584,85ef8f1e-5281-48fb-9e49-02a4354c6195,b3874f7f4dfc771c,prod_116970,delivered,2026-07-20 10:35:03
ord_32875817,707b1c45-6d5c-4d62-b0c0-cf02497c2134,d3856b4e36f41e18,prod_279946,delivered,2026-09-10 09:47:12
ord_54709486,db0a31f4-6b4d-4c53-9823-ec8e21861ce3,0f1eefaae0b1c872,prod_708011,delivered,2026-07-25 16:22:55
ord_90476858,b83f226d-90dd-40be-a14b-73a607724241,c4aa5203fc6328f0,prod_982153,delivered,2026-09-25 15:06:59
ord_78484532,fb160dc9-f139-417b-9b93-263f81fe5369,6a9f176a819624e7,prod_101639,delivered,2026-08-14 19:47:48
ord_89375941,6faaf3d0-3895-4e7c-b1ba-030484187585,fedfffbf62c1ca2e,prod_200896,delivered,2026-09-20 11:56:11
ord_18540857,3c2b012c-3cde-4207-8011-f76c72b1e813,1333694d94112cec,prod_98907,delivered,2026-08-10 18:22:51
ord_81274963,1f6fac14-cc67-4ae3-8dba-20c76a9446f7,5042859ee8b23e89,prod_933533,delivered,2026-09-11 06:03:25
ord_34934049,d9212237-5696-4c2f-9a12-e260f59fd05a,ebd7545cb2124ad3,prod_409386,delayed,2026-07-18 19:33:18
ord_38505078,0639ca87-f359-412f-a53b-36c0d1858832,f21143264e5fec05,prod_288389,delivered,2026-08-14 10:57:33
ord_45844991,ed117a43-d4d6-4e6a-8739-2c82505a9b72,9e1cb00f918eacd0,prod_117301,delivered,2026-09-19 18:59:08
ord_42123474,9415ce78-52cb-46b8-8c03-bafe04125b37,476216110efaea1f,prod_689305,delayed,2026-07-15 16:58:55
ord_10939544,6ea3cf32-9138-4a1f-9a37-24e5daade6ca,4ade7ce147a22f9a,prod_443555,delivered,2026-09-28 14:49:08
ord_54828316,58bf4635-0f6b-4e8b-8a9d-54583bebfef7,5570ac861af818bc,prod_240062,delayed,2026-07-13 09:58:15
ord_67783433,e1789c4d-97dd-4d49-b967-3a108ba7c647,d5e232a19072521d,prod_714825,delivered,2026-08-11 09:38:04
ord_19917719,7796a504-5ea8-4a5e-8cc9-59b2d8fa7445,40587d3c515833e5,prod_935518,delivered,2026-09-06 12:09:26
ord_77310988,def6cde6-8676-4fe4-bb20-f192827a1e84,105ed4f9370dc49d,prod_278082,delivered,2026-09-26 10:48:20
ord_66330432,c8f6b5e9-d40f-4c51-86a6-a03ab2bb5d69,4b10924ce65b2797,prod_765990,delayed,2026-09-26 07:07:14
ord_26589097,726d6d58-5f49-4d8e-b35d-314be18a2e7a,0d8e0f9bf5248029,prod_172634,delayed,2026-09-21 06:50:48
ord_24147877,b272df75-5320-43c3-b32c-6ade4ca3b196,2de0bab286042b4c,prod_888662,delivered,2026-07-27 04:03:21
ord_60944129,dac4b359-07d7-4493-b146-fe70cb04dda6,07f7a06256a5844d,prod_920659,delayed,2026-08-29 17:02:47
ord_22383617,f90fe7b8-6715-4a63-af91-d9dbe5f0a028,36d3b8655102c6e1,prod_855662,delayed,2026-09-07 14:20:35
ord_56186977,aefac788-74d6-406f-9479-7c3093e6d2cf,7f3785c846bdb79e,prod_810620,delayed,2026-09-21 17:49:38
ord_74434303,601041c9-92b4-4d3c-ba1c-eedd95dcbf20,847b85da950c9b65,prod_872064,delivered,2026-08-19 17:38:42
ord_95480058,c38ebce5-7834-4c1d-8ca5-8fdaf25a599d,ce77a8bafde6d49a,prod_105907,delivered,2026-07-25 18:13:25
ord_63063577,13171ced-3bc8-4f6f-9403-c033a2867c75,9ad1b63a73eaa6d3,prod_957492,delivered,2026-09-02 07:13:43
ord_99704175,7ad8d10b-7d75-40f4-a983-fadbcdf0454c,a819b46a6a7444d6,prod_946279,delivered,2026-07-10 02:49:15
ord_13555369,1aba204d-cd2d-4388-9812-d95f82706be6,2bee881108e305d2,prod_750981,delivered,2026-07-16 21:01:56
ord_16964845,81a06ba7-936e-41e3-860b-ddd7e420cbfc,192f55ee58ab1364,prod_855662,delayed,2026-08-14 12:13:23
ord_4573558,08bd9db2-dbc9-486b-8ef9-dece6e6cce9f,800d507ae2590049,prod_67136,delivered,2026-09-08 00:54:04
ord_57904194,da09de65-d0a6-4e68-90fd-22d3c7b9b108,386b30d18ecd5c50,prod_918938,delivered,2026-08-13 16:55:22
ord_3212026,c0e11a70-22f9-476e-bc66-6443cee0c1ce,aa063bd2cbb3d804,prod_765990,delivered,2026-07-12 12:48:51
ord_92616482,d373fa8f-7107-4933-b990-e911a1de921f,81ff6447757e363b,prod_442666,delivered,2026-08-30 15:17:32
ord_22405721,4e83d1c8-0a9d-4e9c-bb99-c16d290399c1,bac735d97d2042f9,prod_82627,delivered,2026-07-26 08:12:01
ord_9799868,9ecf60d9-6416-4d6c-8fa3-a85b112de050,6acd18cbbf73fa8d,prod_278517,delivered,2026-09-09 01:40:10
ord_17767441,3557588e-0c9f-4d5b-b55c-53ecd615abe1,fbf62de849752ceb,prod_717870,delivered,2026-08-09 14:24:06
ord_69108317,6c3069ca-a91a-4cbc-b428-32e03f5bd21c,8039a25d68787c6a,prod_921981,delayed,2026-09-03 04:41:16
ord_71042742,bd0affda-011f-4390-9921-df7831237eae,5d36ad0f0d457f12,prod_114975,delivered,2026-08-08 04:34:45
ord_52091796,9b53eb48-3eff-4b27-a863-1dc0f2fe4de2,bd02bc04716d4b0c,prod_847272,delivered,2026-07-29 23:40:03
ord_56688023,b9a5fcfc-15e9-4aed-bb8e-185b958eb4b7,f6f4917c527c5e68,prod_532342,delivered,2026-10-01 17:05:35
ord_47562437,69a737bc-4af5-4bca-8814-62eb2f980042,38aa8bd77e9d3b1c,prod_633052,delivered,2026-09-21 16:48:30
ord_17106450,4177e5cb-3ebe-41a8-8b49-d9484e2d9a6d,14f6cbd32388a0f5,prod_254801,delivered,2026-09-05 09:00:40
ord_53998141,a37f1947-c0c8-4af7-a0f3-e028063d8839,26e50c07251dca5d,prod_442374,delivered,2026-09-02 16:24:14
ord_93540186,e747000c-1fad-473d-bfef-5ad18b49b2b1,ce5a631fa455d3b0,prod_414850,delivered,2026-08-02 18:44:44
ord_74751326,ea577cdc-b9eb-4157-b74c-6e86709dcbed,61ef4e6109923992,prod_219684,delivered,2026-08-30 05:50:18
ord_32404844,ba18e74a-6e2e-418d-b81c-799633e669d2,8b5be33a9aee7b0f,prod_927767,delivered,2026-09-29 16:48:11
ord_95560809,9027ff8f-75bf-40f3-b018-5c573dacaa99,e63f946cad54a445,prod_243962,delivered,2026-09-19 23:52:49
ord_39378393,4e0d488c-d530-4c70-aee9-46d6cc4b3bdb,7cfa8d84b34922bb,prod_970342,delivered,2026-08-24 10:06:50
ord_15975888,da80f9eb-d4a2-48c7-adfe-02886808857e,4d483493b6229fbd,prod_200896,delivered,2026-09-20 09:49:45
ord_45205643,bfdac59d-3a15-4c34-9b74-b6e132e9473b,bbcceaba0e06136d,prod_74299,delivered,2026-08-04 00:45:06
ord_45183120,f13fc639-bf21-41ea-afbf-86280a18e84e,f0b423d0ab11c68b,prod_229258,delivered,2026-10-04 13:29:22
ord_79386833,0d5427a9-f76f-4320-9c2e-fa879ca57324,279042354b293872,prod_693384,delivered,2026-10-02 02:45:31
ord_81706040,4fb416f8-bc23-4686-b982-4d9094b8f855,e58b392b3a25075b,prod_723378,delivered,2026-08-20 04:30:09
ord_82762623,a624e927-3a2a-445d-92ae-5e4b40423bfa,d48657addfb6c530,prod_228275,delivered,2026-07-24 13:21:25
ord_14464884,da11cff4-9b16-4ded-b24e-fdb588aeb418,2eca623eaf0df272,prod_565427,delivered,2026-09-10 15:57:53
ord_96929303,1197561a-911b-40cc-8006-aee1f0a589e9,4d6b789e730823de,prod_576510,delivered,2026-08-02 13:15:26
ord_6071701,9abb3549-6985-4f7c-bca3-d29eeed634b5,75e6cb03b1357116,prod_261941,delivered,2026-09-04 16:04:43
ord_9898898,e7fa3418-c93c-43d6-a5fd-29c83671b64e,348fd9cea2311c4a,prod_146316,delivered,2026-09-27 02:21:17
ord_99153134,1d391c08-6176-4331-8809-5988d103aa1c,21fdae70b5591d91,prod_776646,delayed,2026-09-10 12:33:08
ord_47641606,acb15160-c69a-41fa-837f-a227944171bb,4bc52aaac32e95aa,prod_927767,delivered,2026-08-14 04:46:02
ord_60249712,235711a9-0761-4ee5-bab7-217b19c96a93,6032ed1e35afd9f2,prod_542717,delayed,2026-09-04 17:07:39
ord_54878236,6138c141-5033-4e89-9435-fa823ffe8091,b46c022cb2cbd827,prod_619176,delivered,2026-07-21 03:09:12
ord_84668837,e49b14ed-f582-4184-843d-1d3beffba78d,ddb7b83a471b3ca2,prod_146413,delivered,2026-08-14 11:48:48
ord_60364921,941de5bb-a529-46ee-ac27-7262afcc70c2,8dedd13f9556e07c,prod_63918,delivered,2026-07-17 23:10:04
ord_99414732,627fb6a0-7a46-4e2d-bb0f-25b11ec160c5,96041073358f11f7,prod_892697,delayed,2026-09-04 13:35:07
ord_58477341,a8f1e273-c08b-40d9-9c1c-901b663955f3,b4132fd1d0dab051,prod_846335,delivered,2026-09-02 14:16:24
ord_38827999,6a92747e-5604-441c-aaff-173812a9b363,e46c2c0a0ea5692e,prod_418373,delayed,2026-08-08 03:34:36
ord_64036089,9567a639-04d2-4ce1-b6d4-fcacfb411b60,421a4fe8b6a51ac6,prod_97251,delivered,2026-08-17 04:08:41
ord_93967669,7577e496-66dc-46f5-ae41-68420c6f4904,b4a783a5955a6569,prod_767460,delayed,2026-09-09 17:45:06
ord_98441071,97b10770-b7a6-4024-93eb-acab7d603dd5,b57591ac3a1689d1,prod_420521,delivered,2026-09-03 07:28:14
ord_24622346,445fd09e-a73a-459f-a853-eb12b69e6f5f,310d4f91f74d9c2a,prod_210922,delivered,2026-09-12 13:23:30
ord_97134371,f55b7841-51ea-44aa-96b4-ba7c01173a3a,fa5ca36452b0864e,prod_839482,delivered,2026-08-13 10:07:46
ord_79129152,2d413bef-2ee2-40dc-9e97-179a08b45b13,7ea59616c2cfef46,prod_403457,delivered,2026-08-16 03:10:09
ord_68367019,5bf0d50d-9725-491a-82a9-b9f04887f3ff,5eda1f3969658268,prod_259947,delivered,2026-08-27 18:51:19
ord_11246035,1620232d-2c8e-4eb4-9339-1e818c4a2be4,33045ab5a2242687,prod_48050,delivered,2026-07-24 22:23:27
ord_20435507,3162aa00-9cd8-42c4-ad64-051fe9354189,2156f1c9bd8c0d34,prod_732052,delivered,2026-07-15 12:08:42
ord_1044716,cd4c114e-5b21-42cf-91b2-0ce475ed0f78,293f90de014b8196,prod_340035,delayed,2026-07-19 20:07:14
ord_79597592,2e97a1d2-5f7c-4966-a186-4a1b12d50b42,ceb96c0af8940b3e,prod_74441,delivered,2026-08-01 18:19:53
ord_49643635,74afe4a9-d819-4fcc-bbd9-a4ab36c66a9d,cc3298c3260ec050,prod_553306,delivered,2026-07-30 19:14:27
ord_90450278,24e857f5-afec-4bca-9da1-7b10eef2da52,cbd4a76664ce0d48,prod_187330,delivered,2026-09-24 03:58:42
ord_87161631,fb2753c7-b295-49fc-b44f-8115f723df9b,19c015fea15286c4,prod_60738,delivered,2026-09-26 04:42:50
ord_60871384,c7534367-8032-438a-9d77-2717029d5ac1,926999e717b9e9c8,prod_222086,delivered,2026-09-02 04:19:02
ord_50918794,9d5dff22-e788-45a5-a602-bf6800c1893e,e581e91df91782f8,prod_633052,delivered,2026-09-17 21:08:41
ord_43008309,359e85cf-94fe-479c-aee3-92567ba283b3,a12fd7f4cf4e1a42,prod_676856,delivered,2026-08-08 02:26:53
ord_58866156,74c11243-2e8b-42c7-a0bc-5808c30a2ee3,eba26641d6dc4b39,prod_72574,delayed,2026-07-26 05:35:10
ord_68272154,d2550677-cd07-48b1-9786-c3cb7c033f4b,49c15c38fcadd042,prod_442417,delivered,2026-08-23 22:02:18
ord_96976762,6decd957-818f-4d8e-a3f8-2a2e3bc6ded4,f28910c0aa37eed6,prod_974230,delivered,2026-08-22 03:30:47
ord_78930879,4d25a446-a281-48da-a20e-f7fe2cbd7bd0,ed820f0daf471bcb,prod_165080,delivered,2026-08-12 14:03:38
ord_37486955,aa18d709-9254-4172-b732-342b75f08040,d490565afe3054de,prod_22056,delivered,2026-08-30 17:43:00
ord_13005510,fa08cccd-af4c-47d9-8744-79553c13bc6b,ba75a87537454016,prod_971366,delivered,2026-09-06 00:03:38
ord_31173885,92768405-efdc-43c8-87dd-03ea1a772f10,f5b7993a56e92f85,prod_967242,delivered,2026-08-18 15:19:55
ord_39909444,4e0795d5-7d18-4ff1-8aa1-cf155fee3b53,fe46305c683a93b4,prod_398382,delivered,2026-09-13 01:59:12
ord_66208728,f3adfaaf-f573-49c4-a256-417600cb515e,6a10244f4189016b,prod_261941,delayed,2026-08-03 16:29:35
ord_6481098,3697b68a-9948-4888-a1c5-3785abf6c30e,05919019f0304d65,prod_283060,delivered,2026-09-24 13:07:39
ord_75716426,39415a81-46a4-4e4d-b7af-9e07b82dfb24,1b2e523d6b1c9a3e,prod_379201,delivered,2026-07-27 12:19:58
ord_69481516,e43786e3-489f-4b7a-8ad3-ef07ce4136a8,27001eac8a80d8a3,prod_114975,delivered,2026-07-22 15:18:26
ord_70490297,69872e27-702a-4d52-b2cc-8ad2e3fae72b,280bef32ab03c204,prod_822157,delivered,2026-08-23 09:37:00
ord_77823224,42cb6816-fc56-4b65-aa75-e7681135c45d,204ecc5524c77143,prod_131869,delivered,2026-09-22 17:25:32
ord_68213192,4ce8362c-ae6c-4513-87ee-dea0c2d4e8d0,937f2ae208e2080f,prod_869693,delivered,2026-07-13 02:37:59
ord_57269299,fae97d9c-e9ad-43a6-8087-df0445ab8c52,97acd4afa29d80d3,prod_681446,delivered,2026-09-07 15:09:25
ord_38286573,29f4b341-b330-4c26-8a0c-581f8011b31c,65a5a3a0ac21557d,prod_59642,delayed,2026-08-12 12:34:13
ord_51548700,a7ebc798-dab4-4308-b6f6-bb2487b82fbd,b3356904ee8cf9ef,prod_278517,delivered,2026-09-25 02:56:33
ord_42758855,65e15a83-0ea5-4cb6-8e96-74a94a26a535,aa5ab7a59b2b3112,prod_224643,delivered,2026-07-20 05:58:27
ord_23946564,4147ecc7-5633-4cce-88d1-e9c1fd302105,dfd87cef085f4340,prod_250280,delivered,2026-09-09 12:03:12
ord_19219517,418a5a8a-4e1e-4836-931d-65ea4c672bf3,fb75f6c5da1a29c9,prod_619176,delivered,2026-09-06 01:24:42
ord_5628343,7c67f48c-10c5-45bf-93b8-2a8a7847ffbb,ad17c2d6f195747f,prod_669987,delivered,2026-08-16 18:39:19
ord_98599798,ab3b78cc-5b6d-4ccb-a90d-af622aa1fad5,1495fada486d30b8,prod_927657,delayed,2026-09-09 21:06:23
ord_98111130,1321a159-d149-486e-920e-34dd50b31819,12a9bc5d23615b3c,prod_278082,delivered,2026-08-03 19:31:21
ord_28277083,567aef73-e08e-4c6c-9833-3763d50c1b78,e61d0a497666a27f,prod_480547,delivered,2026-09-19 06:29:11
ord_57785785,f0da0296-5ed5-47b4-ba5d-3772c1f7bad9,eaac0892455db57d,prod_980957,delivered,2026-08-16 00:33:54
ord_69677116,9b7dc893-5e32-4ba2-a6ae-071e31f5f368,dce9dc3999bcc370,prod_111579,delivered,2026-10-02 10:45:56
ord_37346918,0ddd35eb-40bf-4e00-8ec2-96aaa26ec5b1,9346eb4b731ff446,prod_273432,delivered,2026-08-28 14:52:05
ord_77193691,23c215ff-30d1-4040-8827-3e1e1da5b71f,c42549b9b48072a2,prod_594731,delivered,2026-09-10 21:38:46
ord_82607991,432b495e-4c81-4a22-99c8-6aca290d4f70,5ae19b09b1758128,prod_221231,delivered,2026-07-08 11:40:56
ord_42193677,5154f132-8880-492e-8607-8be7c3633a81,7f9680886ec7029d,prod_624834,delivered,2026-08-15 19:18:49
ord_13350172,3ca2ee50-2da1-4442-89e5-f0377c94f749,8b23011dffe5b4d6,prod_872064,delivered,2026-09-09 04:44:12
ord_46619939,722b012e-79ab-459a-b998-f9911239d999,9e1e848af590d680,prod_31244,delivered,2026-08-15 07:35:07
ord_38223995,2582f964-d8a3-4d49-ad9e-175eb277edd8,4b461290a9139537,prod_935518,delayed,2026-07-16 04:01:52
ord_15911656,852ddcb2-55a8-4d08-a461-a47476bdd57a,6545cd7ab13f6c94,prod_354508,delivered,2026-09-25 00:08:01
ord_38633655,047bae01-0ce5-4c90-97e7-a65e59301c50,c81ef4afb621d403,prod_392077,delayed,2026-09-08 07:31:53
ord_65315141,d756d49e-b0ee-4a84-ad75-2fb566fc8a47,f2ff5f5a70f01245,prod_27824,delivered,2026-08-30 05:11:54
ord_58910408,cd3eb180-1c84-405e-a0aa-a4e9e5d83ca9,507b826cdb24901d,prod_631262,delivered,2026-09-28 04:23:35
ord_30015561,3d9a4d6d-26c6-4a6f-8339-d86d5ca26882,dd037b8fc3316f00,prod_795667,delayed,2026-07-20 07:39:42
ord_22725849,a556bf00-3d27-4afd-980a-cb0855a18b99,024c1ba78c3266a6,prod_254801,delivered,2026-07-11 17:32:54
ord_38718971,9fc4bf28-ff91-40da-9920-6852b6fcd088,deacc6266d614171,prod_477110,delivered,2026-07-17 14:24:26
ord_34819972,9cdd4f86-8328-486e-b9e4-7b1608f25646,bb70f0f3158bf43d,prod_52578,delayed,2026-09-18 18:48:04
ord_14243111,6f18f1cd-978c-4a48-973e-9c4103318b90,c9f13127a2dcc94e,prod_58655,delivered,2026-07-17 08:26:50
ord_31094836,0b2e2ade-582d-41dd-b94e-6dd9c5a6485e,2f2a0c7d585d5f6a,prod_322451,delivered,2026-08-20 01:45:40
ord_89447205,12cf7884-d16a-4ff6-9efe-247dfd5ef181,196b50a2a14fbf28,prod_61324,delivered,2026-07-17 19:46:17
ord_37396912,c648ae61-91e2-49a6-b1d9-50447422a03d,d7bf0e144bc96423,prod_963110,delivered,2026-07-27 01:58:09
ord_18925119,260e693d-1703-477c-b181-c378512f7202,82ef92634b15b66d,prod_27824,delivered,2026-09-05 07:26:35
ord_12881682,cce1f397-ced3-4ada-be9e-af4b5912eb5f,093283df1b3e2ee9,prod_582765,delayed,2026-07-16 01:04:16
ord_74110122,1afb466d-680c-4ef2-8369-308c6e53ded1,51abc19b3b224f15,prod_607314,delivered,2026-07-24 16:09:48
ord_68276312,9ec3e8b1-3815-40e7-9ff1-2e3b302725e7,820609b53fdd976f,prod_598782,delayed,2026-09-28 12:07:25
ord_22662988,414c445c-b254-4b77-ba8d-c4b903d38beb,87ffd068b8225a8b,prod_576510,delivered,2026-08-19 06:48:35
ord_3670871,752d9d15-274b-4016-bd7c-0590031740ab,6be310c58ddd7e9d,prod_927657,delivered,2026-09-18 18:27:23
ord_80314752,6a601a0a-7027-48ea-b796-65823349eb27,4373e4bc480fe696,prod_179451,delivered,2026-10-06 09:01:08
ord_5334488,fa325244-e0f1-4902-8bc9-a93cbb63b4df,cb9832a7b20fcc13,prod_967096,delivered,2026-09-01 23:24:48
ord_72454722,3e1311ee-a7a1-47aa-8858-43069b8ead09,bb52daa86e52cbfd,prod_772246,delivered,2026-10-02 20:25:57
ord_72197852,b8ab107d-72e6-456b-8234-35f0bb433b15,08ca134a1cb5034a,prod_414850,delivered,2026-08-09 00:03:07
ord_26190263,947917b5-d4ab-425c-b686-9f2e3acdee23,2090c37c67c3271d,prod_179451,delivered,2026-07-17 17:40:19
ord_894575,d99ea7d5-aa00-47c2-bd86-6a14d8e43fe3,afaae5624587a87b,prod_941435,delayed,2026-09-17 10:19:38
ord_3459771,23588067-bbcd-4d6f-ab2d-ada04692d02f,0ae51c7e915243d8,prod_278085,delivered,2026-07-09 14:06:24
ord_49598894,e9f3a8ff-a498-4f91-a972-c2ca183a9120,240833ed4bacd60b,prod_240174,delivered,2026-07-13 17:35:39
ord_27265115,73e60b21-2034-4863-b0f9-62d0b05aa1f5,96e54d3eb4ae1b5e,prod_241292,delayed,2026-08-16 05:38:40
ord_76660490,cb344345-bbef-4692-bbf4-a12676bf1a43,afe9b1cca39d227c,prod_580099,delivered,2026-08-28 09:03:13
ord_57244204,ce9d75c4-1928-4758-87bf-623aa0894446,1bd08ddf553b325d,prod_683823,delivered,2026-08-19 05:35:52
ord_98259378,fe133a28-d517-410b-9e42-5ac0bc268650,250bedd30871f062,prod_111579,delivered,2026-07-19 09:40:45
ord_59703357,a597bfa4-d899-4b8f-b655-4f478fae80c1,3eab227524ce60fa,prod_439589,delivered,2026-09-06 07:22:19
ord_69913195,e483c675-d37e-4cee-9604-7e8ac8c2e003,d6436b310fb68c56,prod_442666,delivered,2026-08-07 02:26:28
ord_16935418,e69a5d80-6d72-44c1-a773-036e0218e4a4,84190d7abff54728,prod_508993,delivered,2026-07-25 00:20:00
ord_60914632,1d065f81-b03b-49c2-8c78-485ca004a27a,e1715fb3a5bf2197,prod_346479,delivered,2026-07-14 07:32:04
ord_39586388,27d52c00-0576-4003-ac0a-35042b2439df,9bc5cae5ad4be2bf,prod_355784,delayed,2026-09-29 04:57:42
ord_14712259,c7614a01-a6af-45c0-b3ed-028293ff392e,bc5455eb163dda42,prod_714825,delivered,2026-07-30 22:07:45
ord_96133569,d67424d6-85f4-4581-a0b4-ed01e967777d,72cf1f0b05ca934d,prod_566847,delivered,2026-09-30 15:11:40
ord_94800960,6236b7e3-2092-475a-a96e-ecf50b1fccb6,ead4a010c4f194fd,prod_214181,delivered,2026-09-04 10:49:07
ord_16098153,fb114440-985a-47ad-9a72-1d59690c6452,d88be714eef8fc4a,prod_442666,delivered,2026-07-10 13:32:36
ord_59647037,ae2d626d-0855-4fcb-8880-cf0a90f736aa,56dab86eb9da90dd,prod_927767,delivered,2026-07-12 08:06:00
ord_58017753,438433e7-32f7-47d0-82bc-eee45908b925,fd8f1fa425189762,prod_750800,delivered,2026-08-09 20:44:06
ord_66203639,c8ce7494-afd0-4a4f-8381-890c3eebcb6e,c5e5f947dea47bc1,prod_214181,delivered,2026-07-10 06:16:59
ord_35306850,96e3addb-fb3d-4fec-a71b-54e2543b831b,1021900c39a6ce93,prod_72933,delivered,2026-07-23 04:58:28
ord_11658665,1bc18aa2-8e91-4f35-a956-63c1ef301fb7,b3722561cb03e04d,prod_382554,delivered,2026-07-17 00:02:08
ord_18363405,fc08e94d-0db4-473c-ad4d-574f35443cad,3d21eabd5ab621b7,prod_246629,delivered,2026-08-17 23:55:10
ord_37373355,62691a4e-4c98-48fd-84eb-4aa7fdd1cfaf,25081c536c194be1,prod_529903,delayed,2026-08-30 02:58:02
ord_89753485,2c7b0851-9228-4b5d-960d-a0b87eacc877,969946b3b1a21efe,prod_517488,delivered,2026-09-02 21:21:52
ord_15631350,dda1c35d-3983-4db5-ac05-7fd9192e2696,3e9e50769f40184e,prod_397382,delivered,2026-10-03 17:27:42
ord_47475650,c6ba2ddd-2934-4704-9b7b-b7efe03894be,982e369b10ada49c,prod_33659,delivered,2026-07-31 00:28:57
ord_10612203,4d930721-c3d8-4de4-86d3-dba4d263d18b,458efd6d07800354,prod_326858,delivered,2026-07-16 04:40:04
ord_99895239,dbf9013b-d692-44a0-9ada-ce4cb113231d,dbc40caa95f3422d,prod_803035,delayed,2026-10-06 07:53:27
ord_29855629,251f74b5-2d8d-4779-baae-16617a14c02f,83a79a1b98e61371,prod_396922,delivered,2026-08-03 16:17:30
ord_97624820,f1d960c8-1cc6-4ba3-9a91-412b9edc2646,3623ca0463592577,prod_26225,delivered,2026-07-14 21:34:33
ord_9979132,6534cad7-b74f-4c05-9de1-bbe01b736ef0,007abd7e122c442e,prod_126882,delivered,2026-08-09 00:32:13
ord_43904728,f03207dd-ed1c-48b3-ac6c-6bc7030268fe,d51c91965c41cfcc,prod_61483,delivered,2026-09-30 15:11:51
ord_21035567,7cd7582a-721a-45d2-9dbf-c86a90750894,b88658d6dfeef6f7,prod_941435,delivered,2026-10-01 16:50:16
ord_68056464,e1d28224-50b5-4c97-9868-4ac9392f45e9,04b2717f30f3e969,prod_278082,delivered,2026-07-13 06:19:57
ord_45008192,0b3681a4-ec5c-4e4b-9335-f4a751edbb83,d68abb6778de00a4,prod_958972,delivered,2026-07-24 15:24:22
ord_37058592,2b016bcd-49af-487b-8b57-9140ff8258e4,3c6fc1b96bea0a61,prod_661759,delivered,2026-08-22 11:41:12
ord_60862915,819e770d-9a10-4459-95a0-4b5be2396958,75bbb2b1f476af00,prod_249565,delivered,2026-09-16 15:21:35
ord_84640912,1b2d42f2-5cdd-4dec-a4c0-604c777d7aa0,3359ad0bc2fa1a6e,prod_97793,delivered,2026-10-03 07:23:39
ord_98720057,4fa9a68e-3e93-48e8-83e6-5f0b07389470,7d53ec6ce8370551,prod_677568,delivered,2026-09-05 21:41:56
ord_68832771,fb8c5874-173e-4a5f-93ff-418f06d33c4b,13a7d6f4fa534ebb,prod_280746,delivered,2026-08-14 10:20:37
ord_90205248,47d219f9-5e46-4f14-8d91-6a50511355a1,5a0254387f66b178,prod_422179,delivered,2026-07-13 11:01:39
ord_9943990,1f89fe99-1a80-472f-8791-15a425694d52,d5b70541ccaaf831,prod_876638,delivered,2026-09-05 12:10:39
ord_94866405,e53d0b14-891f-4e93-9210-b3c0c174ccf2,7ee9bea22f057aa9,prod_578856,delivered,2026-09-03 15:36:53
ord_92333418,adb7ab72-4509-4f9d-a053-4c6f29e02167,caebac1afed7f5ab,prod_918938,delivered,2026-10-02 03:03:24
ord_42253072,8e516062-5503-4b18-9907-a5bf5ec0ffd9,6ada7a4914b04843,prod_704314,delayed,2026-08-31 14:39:18
ord_5148168,84b657b1-aa8d-4bee-bb67-94a36e17aa38,f6b7307aafaa6630,prod_980110,delivered,2026-07-22 20:55:25
ord_58166960,3062c313-9af8-486a-80f0-e50e7da10637,a8b6d81f7922714d,prod_927767,delivered,2026-09-14 10:13:50
ord_13480667,51665743-c5bc-4019-98c1-a50cf7efe4b6,4ecc854ed8386917,prod_694022,delivered,2026-09-05 21:39:27
ord_94637414,f63bc845-47bc-40b2-95c4-cdf54b74ac41,5b721c32572572eb,prod_420521,delivered,2026-08-28 20:00:35
ord_69967272,fe950cfe-0c93-4129-a5e2-0f203b9bdd6b,abd275d9777d95ee,prod_372528,delivered,2026-08-02 16:31:23
ord_42617779,2b4b8fc3-cae2-4422-8961-e501b129e630,72e88220cbd1761a,prod_499948,delivered,2026-08-28 11:43:04
ord_25554877,b526d124-91cf-43de-a32f-437615fccaf5,28e75c8a723e7813,prod_883794,delivered,2026-09-18 01:53:25
ord_74916347,03963d7c-71f1-491d-aa26-2241c3ccb0c1,9709a233d2c8b599,prod_560086,delivered,2026-09-24 17:41:54
ord_88735423,e2dfc86b-ae01-4a2a-a157-c3a36ce3f55f,be7abb4eaff136b5,prod_380612,delayed,2026-08-23 13:07:21
ord_84031142,2bd030d2-9f93-4eef-84ad-b06f0ec6ea6b,d10ae3259b3c14c2,prod_379201,delayed,2026-07-11 22:19:18
ord_85160766,d762717a-e60e-4616-8d9f-b1813d3674cb,40fed997bd0ec4e9,prod_114576,delivered,2026-10-03 11:07:36
ord_84192774,4f8ad927-6414-47d3-a44d-ce353bd00f02,977087a7f03ac0fe,prod_903529,delivered,2026-09-13 00:47:04
ord_1069794,914dca7f-5775-4bc9-b3ac-4986132d8e42,6fc1286581ee0096,prod_800581,delivered,2026-08-04 16:59:09
ord_33005982,20ee8e92-4d96-48b2-98d9-1b3bcafad8b6,4e1a2643a22fff60,prod_882554,delivered,2026-07-19 08:58:55
ord_18371007,fe2bfc04-e5ea-4052-a499-52c4334b90fd,38a1c9c451167ec0,prod_107473,delivered,2026-07-23 10:29:40
ord_78697675,d72658e0-b8c0-441f-a8b9-d4d1c08e4725,ff468e47e82157c5,prod_101639,delivered,2026-07-22 09:22:06
ord_50493924,e7aa5e29-44b4-4234-bf72-803fce5bd965,255bff3edaa03c4b,prod_481141,delivered,2026-09-30 10:37:31
ord_29556025,0e5858ac-70c1-4291-9815-814a3631ae57,ff800908e1c5df93,prod_396922,delivered,2026-08-28 00:30:09
ord_90375189,61dfb00d-7cde-4677-bba9-09252393bc5e,c8f758f1674fdfde,prod_98246,delivered,2026-07-10 15:51:00
ord_26263497,b69dbfbd-2696-4371-9b4d-0ec8d6b6630b,efd7f33460adbf9d,prod_523481,delivered,2026-08-23 04:21:04
ord_35606090,2e898f70-68d4-4030-a09a-fc6fae0ad813,b6ea2ced9ed3f709,prod_612554,delivered,2026-08-09 17:51:17
ord_63097822,bfcfeff3-7784-4002-b2ad-fe2a789456d1,dcf73cfb01af3002,prod_299105,delivered,2026-10-06 01:42:37
ord_20325007,407aeae1-fd5e-433c-b753-e2f5bfb7ee43,efbc5b5656cb3472,prod_584004,delivered,2026-07-21 06:34:28
ord_65029451,f5d6c8dd-7e82-401e-af17-2eeb53b0f173,17427a9e171a8596,prod_971524,delayed,2026-08-09 13:11:07
ord_25112788,9c3b1c54-c5b2-4d2d-aeee-38c02f20e8a1,a657ffad4d249a5c,prod_174389,delivered,2026-09-15 19:50:14
ord_98456848,d59b02c1-9653-4046-b438-4d5565ba5323,934015dcd26a9167,prod_889921,delivered,2026-07-15 08:44:14
ord_66669489,462513aa-0d3e-4fd8-99ee-87345801c861,ac321f9f7ebfea40,prod_481141,delivered,2026-08-10 16:51:27
ord_37929886,dff5c206-ae21-4fdf-b5d9-9e2b479d4ca2,ec65948c3edf7634,prod_278085,delivered,2026-07-17 23:01:01
ord_17688813,393351dd-82ff-42b0-a1b8-f8acd525e0f8,477d7392cb260770,prod_912804,delivered,2026-08-16 21:01:28
ord_26652012,6b83974b-ea71-4589-babe-1fbcc9c1cc59,d86600f5d98122ed,prod_307419,delivered,2026-07-29 14:32:18
ord_85197752,b6c6668c-f111-4770-b42b-62cfaad007d5,b21976f724c4b098,prod_495631,delivered,2026-09-19 18:43:20
ord_11906683,ab6b9e81-e9c9-44e6-9430-f3efe1eb1238,f012c4e8c5938c83,prod_278082,delayed,2026-09-08 05:45:36
ord_69297448,4dcdfbd9-7100-4abf-bbba-116370206b5a,fedbcd04d0caf06c,prod_409386,delivered,2026-10-05 03:23:12
ord_97077481,a8762d75-e008-4774-bc4b-16d00058033b,2de81f617d7b46f2,prod_562275,delivered,2026-07-17 03:31:05
ord_28747971,8584907f-816b-4d76-a238-efbe8e8e08e1,8e1b37ca2edf6411,prod_79046,delivered,2026-08-12 08:33:37
ord_429189,1e752a9c-5c8c-44a7-98b5-147ef33cab36,add40c4b7ccb10e0,prod_354508,delivered,2026-09-15 14:01:22
ord_58293280,87715c9f-4a00-4c9c-bca4-70c42706f651,954c481de898a765,prod_314569,delivered,2026-08-21 18:05:30
ord_9027654,63bec8b4-d2b8-48c6-91c3-453baa19f67a,d85ffb61053688bc,prod_821414,delivered,2026-08-18 15:44:33
ord_65859451,bceab397-fc1d-4782-9c0e-d80792b75951,d688e8ff205da3a9,prod_534277,delivered,2026-08-11 23:23:31
ord_74858214,6d8746c3-7b88-46bd-b20f-2bded8503002,778f3fc05d47320f,prod_340035,delayed,2026-07-09 04:46:33
ord_27990700,4278ab62-58c6-4e52-ba5e-d1e823547960,188e4a3e82643a9a,prod_322451,delivered,2026-07-31 11:08:19
ord_95293313,b6c18208-2f44-469a-8767-c82e74f2ef7f,f187cdade78d10d3,prod_165080,delivered,2026-09-01 15:21:02
ord_23906194,18f6f26c-df3e-4a92-977d-058b06a282b3,108ef40f32b9a1a7,prod_897546,delivered,2026-09-02 19:35:17
ord_5209356,d1c9049d-cfc7-4a44-81cb-2d7c63b68366,b2c44831a7fde943,prod_916964,delivered,2026-07-22 06:33:38
ord_56124397,f793b387-d9f5-4e5d-a38f-cdfcd1350b18,0940b6de653738f9,prod_750800,delivered,2026-07-16 01:24:56
ord_92339335,ef50cba6-4c06-4415-a903-99a4b1a0c3df,b72154efd1b61d93,prod_208496,delivered,2026-10-04 10:43:45
ord_35309169,74f929d6-f9ac-4714-aa29-f47ec0dee693,115b51235bf22043,prod_98246,delivered,2026-08-18 08:30:34
ord_82326231,5db84d4a-7bd7-434c-85a9-14b2de399c5c,d41bf91a9b3e9643,prod_170555,delivered,2026-08-06 01:58:46
ord_51041690,ea0a43d1-1723-4199-a29a-dc72dac3f9d9,0aad42b556c302e9,prod_111579,delivered,2026-09-02 14:38:16
ord_84694927,486d4c47-0fad-4b4f-8c89-ceb09b129552,6bf486f18e4f11b9,prod_527276,delayed,2026-08-13 09:04:55
ord_31503019,74471961-c293-49b9-8d20-651e69362df7,d2eca951820673ad,prod_563750,delivered,2026-09-17 18:39:10
ord_85592608,8465f6b0-45b0-4049-b7f6-aad651b0ec90,ebc4df976ec0526c,prod_379201,delivered,2026-08-03 03:32:49
ord_46802228,a2292b6d-d777-418e-bb18-e16612831f1e,9d2e9d8dec5ad0b8,prod_423389,delivered,2026-07-24 18:00:38
ord_64992661,8bb03350-fe69-4034-9abf-328cfdc7bd78,56b789d3f393bf72,prod_676856,delivered,2026-09-18 22:07:08
ord_71197288,2b4a587a-2993-44b0-9076-dce3e51f5777,f0b212b8306eb6d1,prod_848749,delivered,2026-09-19 12:44:48
ord_88173123,3d1bf862-b2c2-4985-85d3-c5cdae701626,4ef253093594e28b,prod_974146,delayed,2026-09-12 20:09:45
ord_40278816,1c45848c-6425-4f68-a39f-a21dfea450fc,223eb40901bf0826,prod_974036,delayed,2026-09-12 08:28:49
ord_31124196,87c78796-a2b5-4e88-a30a-4cde9318abb0,99aeb68c79737d13,prod_980957,delivered,2026-07-12 11:03:29
ord_39207134,dc984220-5231-4c5d-af06-6c86ef0d0e57,c652197ef308d8cc,prod_847272,delivered,2026-09-28 10:41:34
ord_89654194,8baea0d3-8791-41f3-a3cb-b09b95d5a5f5,24f0ede44840c4e5,prod_498369,delivered,2026-08-19 09:36:13
ord_65103644,5ec36755-ef7a-4598-a171-2b606d6ef0a7,ad8305d3a73f239d,prod_534277,delivered,2026-09-21 06:51:06
ord_65796479,302c1522-eac5-4da4-b3a2-85934e803b3d,ea6b048a08845bbe,prod_2260,delivered,2026-09-13 11:55:27
ord_84560859,c316cdc5-f7d8-47c6-95da-4f87a2d55620,1d65ab3c7aec46e8,prod_594916,delayed,2026-07-09 12:06:53
ord_80241009,3ff872ef-b12e-437a-9c01-41aa4d074f52,dccce194de537dba,prod_307419,delivered,2026-09-13 00:47:35
ord_47932891,26a4a2c1-699e-4e5e-8bb9-e2e0a6f19b4d,65603dcc8093aa23,prod_69403,delayed,2026-07-17 09:42:08
ord_64553231,beea4008-805f-4228-b378-dec4ac4ca42b,dffb9486a205d473,prod_943313,delayed,2026-10-03 06:33:40
ord_12956471,82e5a1a7-135f-412c-a16a-7ce22e1ee223,3fd99467976527e8,prod_542717,delivered,2026-08-06 01:51:32
ord_29384358,f38fb8c8-2e81-48a2-b5a2-0aba371119a6,e79730bdb6bad967,prod_713536,delivered,2026-07-24 04:52:33
ord_15081699,7d63328e-908d-4c14-a504-d326ee508ac5,fc88a85565703152,prod_616886,delivered,2026-07-14 07:24:46
ord_38556908,39ee3d0e-3e38-4846-972e-b6349dc766e7,1d107fcfba3c4aaa,prod_246629,delivered,2026-07-27 23:04:11
ord_56316956,cb35d06c-f107-455e-9486-ff19b46716e0,db0c1ed15a00a4e6,prod_611878,delivered,2026-08-19 08:21:35
ord_60018532,b68e228a-25d1-44a4-89d9-22075242a4c3,2ecf53912434a909,prod_84002,delivered,2026-08-25 19:11:51
ord_43674052,3b5af804-b1eb-49e8-b3ce-789953e39116,ee891e01e6ec73a0,prod_221231,delivered,2026-08-09 12:01:35
ord_33204963,2fb4b0b7-a74d-4614-b40b-b1366a18c6ee,bfc1bfa3f0e5b45b,prod_105907,delivered,2026-09-20 21:33:23
ord_88908264,2cdc0528-9967-48f1-a0cc-ba3debba2421,f8f25b5550222017,prod_299105,delivered,2026-08-05 15:07:45
ord_57024453,0c9ab83a-119e-450f-834b-6866d77c849f,8fd0e0063d1e566a,prod_687277,delivered,2026-07-18 20:15:44
ord_15544987,a2a3110d-b109-4c76-bc33-30a265f95bc1,edeec59631271cac,prod_199122,delivered,2026-09-07 16:54:56
ord_23648417,96384541-aa8c-4f20-96e2-7f6767e45c01,08f68f2f7cb58c35,prod_918938,delivered,2026-07-22 01:33:28
ord_62375800,0fb4b30b-f5cf-43db-92df-8fb2a5e06232,b588b3f43d25df20,prod_391559,delivered,2026-07-27 05:24:30
ord_42802832,3be69e30-4e58-4ad4-b185-98bbe8965791,ba7aca3fb8f01fcc,prod_869693,delivered,2026-08-24 23:27:43
ord_88665957,1b2fe85d-2610-467b-a366-6115842ca84b,feba65432cdfbbf4,prod_356699,delivered,2026-08-15 05:22:08
ord_15238583,9777a007-8122-463b-860b-e7d4cd80c1d5,210e5fe3e50c7406,prod_200896,delivered,2026-08-10 10:03:19
ord_46651206,f151c091-c219-474e-b4c6-1b008315fd02,ca7ec82657cc4335,prod_799550,delivered,2026-09-12 07:29:36
ord_93545539,af0b0d1c-7d4f-405c-95c8-7fc74cb85c01,498adfc56bb21fae,prod_894141,delivered,2026-08-23 05:29:41
ord_53430642,6d9fc7ac-530f-43e9-8e2e-4dba31c0311a,014432f9446df3fb,prod_278517,delivered,2026-10-04 13:21:04
ord_94599178,8068d4af-9676-4b85-af7f-604e013859b4,63a105d9d6f33664,prod_275504,delivered,2026-07-29 21:26:12
ord_17187635,ddff2d91-e8e6-4775-975b-ee0d061bc3f2,fbd181d8359f67af,prod_360663,delivered,2026-07-14 14:31:08
ord_64926313,9d9c6644-58ec-43b1-9325-5a68d8d57057,458e789954192d3d,prod_67136,delivered,2026-09-27 15:15:02
ord_65655873,b5fbba31-a4e1-4f41-b27c-ea4dab6010cd,6bfebcbd3c0b73ae,prod_903189,delivered,2026-08-30 11:27:35
ord_80672745,52b8327f-34ae-469f-bfc4-5bc1adf7fe59,f6c670186874f62c,prod_713536,delivered,2026-07-14 14:46:56
ord_55298095,b48c940e-0bef-49c1-8136-f87f000a5a6c,228f395138be4e6c,prod_784309,delivered,2026-07-09 04:18:15
ord_92237366,5ae095b4-b036-4edf-8746-0b54f76a4ee2,386d5ec19b26647f,prod_329445,delivered,2026-09-04 02:57:15
ord_31522381,e73677fb-b501-44df-8558-907ab9f8721d,6fbbfb878d1eb40e,prod_224643,delivered,2026-09-22 11:00:54
ord_3887287,616a17bb-edb0-4c1b-a00d-9d0116c6ff30,61a3824b5f6363fa,prod_53045,delivered,2026-08-06 17:18:38
ord_39047995,123e92c0-acf6-402c-a3f5-6d2f5bad4808,37ec59c0444511dd,prod_580099,delayed,2026-07-17 18:25:40
ord_68113806,8534d33a-f116-4d47-9be6-1f7d47395a3e,f02289b1202f6f2f,prod_41672,delivered,2026-07-28 16:23:51
ord_28871061,7e804da2-38e6-4856-b38f-bbf51052236f,6a307587a9b561ee,prod_201629,delivered,2026-09-23 19:42:25
ord_54895832,c887836d-ca76-4ee8-9fa1-f1a8fa3d7e44,eb34fbb26daa85a7,prod_651332,delivered,2026-08-25 18:45:26
ord_8160875,abd69a94-2205-48b9-92e0-f3918c63fc87,907da5a9314256eb,prod_970342,delivered,2026-09-24 15:36:14
ord_75464898,8f46769f-1ab2-4eed-a931-236b2ac61aae,bd4762b014686f4b,prod_839482,delayed,2026-09-16 12:27:49
ord_43378098,f0838b52-fbac-48b6-bb50-e941b988b9c9,60025ad78fd30d63,prod_534277,delivered,2026-08-20 15:58:49
ord_35112062,aa980dc1-e5f7-4700-a8f3-3e8bed47e33b,8a2902c8f7e6bd14,prod_291369,delayed,2026-08-13 22:31:20
ord_42630014,28fa0fc2-f3aa-4aef-b7fa-6ef64ac00f0a,e599c483e56ba8f7,prod_799550,delivered,2026-09-03 06:49:42
ord_55194233,c1271a1c-bf90-4be0-b47a-887076dec0a7,e5bf44e2ab5c021f,prod_104837,delivered,2026-07-22 13:12:43
ord_52529918,441bebd0-b3ae-411d-85b5-49a9098af380,4df889ab04fe43d3,prod_443143,delayed,2026-07-25 18:22:25
ord_59317732,35c77fe4-2603-4c15-8ca9-f88826bdece3,9ed3a1dd34221857,prod_473417,delivered,2026-08-10 02:09:26
ord_57069281,25409601-cfda-43eb-965e-388bb820d650,cdb7810e3275f6aa,prod_397887,delivered,2026-08-10 20:03:22
ord_53509858,57288c09-c657-472f-82ca-f75cfb3fbcc7,406b44087fe094a1,prod_210922,delayed,2026-09-23 03:14:38
ord_7332766,0ea92ac0-c5fa-4c65-9981-8bbddb19f956,d2fa86ad1f10cedb,prod_624834,delivered,2026-10-04 09:36:49
ord_36012929,be06675a-5565-4563-a452-d2e0b6542ba2,4b67a77f8f1b8487,prod_495948,delivered,2026-07-24 23:26:24
ord_65163430,9c074f30-dc49-4dd2-89c1-a690459f4417,b805b6c88b735568,prod_322451,delivered,2026-09-27 17:47:13
ord_97735584,07cb9d10-0cce-4dd0-bdde-e83a094255aa,47dced9a5493201f,prod_354508,delivered,2026-07-17 06:52:56
ord_29386729,61f91078-c59a-4761-8dc4-8ed56e300a10,a32e9f73774c5281,prod_839482,delivered,2026-09-21 09:58:16
ord_45612761,5210dfb3-a8b6-42b2-bf2c-e73df606f425,3cc3a34648a6b164,prod_512340,delivered,2026-07-26 10:25:03
ord_85398202,df6cb42e-8711-4671-b1e8-8be45cba1d8c,178407f6fa2bc7f9,prod_224643,delivered,2026-09-06 17:14:13
ord_6124158,c25a933e-a996-4c0f-b02b-ec74e956e904,56eadbb08d965c41,prod_279946,delivered,2026-08-23 22:26:21
ord_41407598,bf83d49f-e934-44e0-9fb9-f8521b64d58e,fc3e00b61dc2adc9,prod_346479,delivered,2026-08-21 09:39:20
ord_60080733,def7e1b9-91b2-450d-b0e8-e858c9dd514e,d8d54c228048770f,prod_623398,delivered,2026-09-26 14:44:26
ord_55003974,3bb73caa-3c44-4954-80f6-b88eb59e7711,5e28d89b308bc502,prod_925245,delivered,2026-08-13 05:18:35
ord_29703731,963ef7ab-84fc-4157-ba69-1d6d6cee4ae0,da65e102cf732625,prod_33326,delivered,2026-09-25 00:06:04
ord_76840413,eaa03cfc-5a09-489f-9e32-38ac96b1aabe,f0b03fab040fe731,prod_107175,delivered,2026-07-16 06:16:50
ord_22351968,1bd06812-2c9d-4713-9259-ed8a94d5b684,54cd04e5f58f18b0,prod_260735,delivered,2026-08-17 22:03:54
ord_71942460,286e72b9-b748-40f8-93e6-37335d9a5ac1,a69c1c0fe09c4d9e,prod_208573,delayed,2026-09-18 02:27:37
ord_83924534,7176ca7f-f705-497e-92cf-18631d4bc65b,c78d4daa424475e6,prod_83667,delivered,2026-09-27 13:01:44
ord_14806311,6c8d085a-30a2-4baf-9cdb-7ff83f19dc36,2ee18fba5b0b3eea,prod_896865,delivered,2026-07-30 11:54:23
ord_82316265,d7d8fde5-2220-4d38-971d-75fb25e4b06c,801b4d315e14c5a7,prod_633052,delivered,2026-09-21 05:07:11
ord_81973665,08ffd2f3-8458-4c4e-a4c5-ca3b8a10f50a,59733fcdf0f1300e,prod_798975,delivered,2026-08-21 17:51:09
ord_44249461,af324f44-c4d9-4dfc-84e0-8daa07c3e4eb,439e54bdd65a8901,prod_238968,delivered,2026-07-24 02:08:08
ord_17342988,a1a7ceac-cd0f-4f08-afe4-b4c55ec5498e,ced201ed02a45919,prod_171339,delivered,2026-07-28 09:31:03
ord_81196518,8fdc4faa-130b-4771-9692-de86247f0245,bcf1b02c19727215,prod_322451,delivered,2026-10-04 12:38:57
ord_72446342,5c742745-e8aa-4994-b0a9-e06dd7b52d69,19dfbf1c389e2be3,prod_101414,delivered,2026-09-17 12:18:26
ord_2673605,89b3ecdf-a7bb-46e6-905a-ac61e6bf5b28,acb27382e90808ae,prod_475763,delivered,2026-09-12 07:20:36
ord_96935898,76f91797-3ba7-492c-8e21-c8d0d90f71bb,e7372dee6baeca69,prod_26225,delivered,2026-08-25 02:20:03
ord_2834368,c47baae4-8e5d-414e-bdbc-ba74120f81c5,679ada8cab352b57,prod_912804,delayed,2026-07-13 22:04:06
ord_50893769,9c248294-4867-47ff-9da5-ae30cd8aa225,8f4764534aec0734,prod_101639,delivered,2026-09-15 23:46:51
ord_12113513,be9484bb-b7ca-48f9-8625-4c27c02aa75e,7472c616c5549531,prod_758490,delivered,2026-08-31 10:36:06
ord_94587329,e869a355-3d72-4ddc-9bc6-2d4664ff5c7d,3b9b5d8006c92a0f,prod_235612,delivered,2026-08-05 13:57:58
ord_44733168,3e4d22df-ac3a-443c-b449-d1078d4b45c5,02fdf008b0ecfc9c,prod_750981,delivered,2026-08-31 06:03:56
ord_47338677,6e0c06f8-29b2-483f-9f19-a31b0b285c25,7ab47af1396a98ad,prod_604201,delivered,2026-09-23 07:08:10
ord_74208202,e6fd1d7b-cadd-4dad-b0f5-ad771a5a8f59,41c5a9fe0fef3235,prod_146991,delivered,2026-07-11 05:44:21
ord_8518098,e7a383ae-ca21-488b-961f-fb5fa4bfdfc4,cc41b54dde2039cc,prod_764491,delivered,2026-08-12 00:57:52
ord_87903429,0c80be8f-cccf-4d65-b994-2e7ea40c02ba,00ec41daaf491189,prod_701474,delivered,2026-08-05 14:53:03
ord_6605553,bc431e44-5975-4046-8a42-bb801707fe3c,e9eafb84bf596cdd,prod_69403,delivered,2026-08-30 06:24:33
ord_69611890,c029e1c5-fbaf-4dfd-b762-775b86ab13c5,35499c7b810c4937,prod_58655,delivered,2026-08-11 14:49:46
ord_28247918,0cb019bd-068d-4a98-8ad8-0cbc25588363,7ca43a2072512c80,prod_326858,delivered,2026-09-26 09:55:56
ord_48599937,a4e6fb50-9815-4846-822f-ba1791bbba49,0a4935f9c3ad65c1,prod_921981,delivered,2026-08-10 12:27:29
ord_71869924,4a485981-3f85-469f-bf11-79c3719eb590,80e3573d4dc1812b,prod_146991,delivered,2026-07-23 11:36:09
ord_26634140,9edce612-4942-4a69-a545-4998402c56c7,ffe88df65afe311c,prod_657924,delivered,2026-08-26 08:25:32
ord_21071231,f07dcb4f-96b0-4679-866a-b6a5d5b5033c,193ca96783ca5272,prod_805934,delivered,2026-09-06 00:51:07
ord_71900277,750ffa49-2604-4b0f-8778-3f530b195863,c801889d8c578c72,prod_649468,delivered,2026-07-19 19:05:20
ord_53086639,280f1867-07b8-4e47-a235-9466de418082,4ffe0e3f98138523,prod_167414,delivered,2026-08-07 01:25:22
ord_96344237,e5bc0eb0-da1c-4ce6-88dd-028c7e4cdb22,7ff4a6f657b38ab7,prod_964047,delayed,2026-07-20 23:23:54
ord_38948304,efc72ddd-31af-45de-a734-659993e05134,5a96db86d21863f0,prod_821414,delivered,2026-07-16 02:37:38
ord_21663301,c82d3611-c8d1-4b34-8c06-6faa3b2b5490,2f2261a10fc0c448,prod_524902,delivered,2026-07-11 15:52:50
ord_50181317,dcecca23-e785-4a0a-855a-7c81c262197f,3432a5147927615e,prod_172634,delayed,2026-08-04 09:48:06
ord_55484975,370587c6-7fe3-4518-ace6-aea898f98b9c,50e85043c60e66cc,prod_231148,delayed,2026-08-26 10:20:09
ord_74215849,a21201d1-193f-439f-b50d-8e5b802823b2,757cc3b66a42ac22,prod_382554,delivered,2026-09-20 11:41:28
ord_98426470,203b0b13-ef39-4706-9b3e-46eafc7bf5d8,49f3dc63bd1ffc91,prod_906651,delayed,2026-07-12 10:05:49
ord_1830849,323b6406-cdc6-42fe-8f61-78c8262d36ba,86d4f1d4145424c3,prod_906651,delivered,2026-07-09 17:15:35
ord_4841900,59623217-ddb1-46af-b972-a7abe30e986c,3bcd8cdda8e3ceff,prod_576510,delivered,2026-07-18 16:32:03
ord_2688162,d8eb251e-eff9-4f9f-8884-f5c49ffaff7f,bdd0e4abf5320206,prod_527276,delivered,2026-08-10 08:32:06
ord_70673067,72252323-a3aa-41a7-a81a-99677885a42f,841840229aaf9df7,prod_107175,delivered,2026-08-16 17:31:16
ord_13760099,581a59ba-6a4a-4826-adcb-dda9e144518e,03966abd54b758e5,prod_905798,delivered,2026-08-04 12:27:59
ord_67310099,45a4f3f0-c8ae-43e7-b5e2-ae996e5631d8,05f1850b119c6066,prod_131869,delivered,2026-09-20 17:36:51
ord_53410254,d797de66-1f40-4e02-a636-dc84576d7f6f,f1287ca241187027,prod_171339,delivered,2026-08-25 18:11:54
ord_65082169,b3ca373c-4e33-4fb8-bce6-bca67d90f277,fc09e160fd8aa606,prod_565579,delivered,2026-09-25 01:42:06
ord_5675419,3018a02d-9e95-4bf3-a703-fe4ccd4b6544,df6b34b13d874213,prod_59642,delivered,2026-07-20 01:04:16
ord_21064869,6d1dd72e-5a62-4340-a6fb-039ea032857d,ceff21d2b52accbd,prod_20422,delivered,2026-08-19 07:01:08
ord_37995659,a04c6dc8-e98d-4ea3-910d-e415353b9ac4,bec6d1cdce5eedd0,prod_163032,delivered,2026-09-20 21:28:25
ord_40462140,c76cc57d-9d3d-4205-99c8-7c3ad0935a13,15747c4936701dd0,prod_988210,delayed,2026-08-05 02:15:16
ord_30870780,1748db92-5e19-4e80-b52c-dda59ca4cb34,100cd0fda65c8e82,prod_61483,delivered,2026-09-25 01:52:09
ord_84765944,c4de354d-cca8-4c1e-8cc4-e10f5d7787e6,0b76e121ae9bf791,prod_580828,delivered,2026-09-07 04:10:48
ord_92351196,f430a593-00c2-48dd-af0f-75c5cd854a07,4bf6ad89a7dc85cd,prod_45561,delivered,2026-08-10 14:38:43
ord_33193217,b2b6be01-bf86-40a2-b40c-a6a46ebfc1ba,cdedac18d252773d,prod_107473,delayed,2026-08-12 18:05:45
ord_36568726,9456a283-f781-43f6-b39b-63876d7ee7d0,db2e19b7b7a1b46d,prod_475435,delivered,2026-09-28 01:41:57
ord_16595059,d9d8f16a-0f0c-4d50-9d89-5d98fb696a3d,2377b0f7f00878e8,prod_382554,delivered,2026-09-24 14:20:20
ord_50715072,33ef7e08-256f-4bda-ac9d-2ac27bba050b,8e58e1ae5146c172,prod_920659,delivered,2026-08-04 00:27:12
ord_87949650,9c0b0b70-9461-471a-b8ae-bb7a95d360a1,558484c2aa7d8822,prod_396922,delivered,2026-09-09 17:39:34
ord_53787880,4de51cb8-5894-42cb-98ce-73d6b0d32063,02b9410b79e2f9a8,prod_747581,delivered,2026-08-06 18:49:16
ord_17608451,e96dc5e5-d6f8-41d1-83e8-c41083d94220,30c8368bfb977f32,prod_927767,delivered,2026-09-07 10:26:54
ord_99391681,68953141-3d1e-4b55-bbf9-43a4684a3306,09e6036f327b45de,prod_61483,delayed,2026-09-26 11:18:46
ord_36238606,90508e60-58a1-4838-b04e-56627f1d9819,40ec11580d2e4cf3,prod_199122,delivered,2026-09-08 09:56:46
ord_11397317,936b72ae-204a-4c1d-bf21-00d50dd33144,7647c083b21e3fce,prod_352944,delivered,2026-07-28 05:47:19
ord_10271291,bf09083d-1d79-42f6-8e62-149671c01ce7,7391e2072a6f09b5,prod_418801,delivered,2026-07-31 09:41:14
ord_9917380,38309c5d-b32e-442f-b43d-f6ac1347d04f,59d7b10013cc8e5b,prod_79046,delivered,2026-07-27 02:40:12
ord_67714140,cd3eb411-a3c9-43fc-9eb7-471ed0839e6c,42fd5dbd421ea36d,prod_968114,delivered,2026-08-22 13:02:14
ord_96920348,6a82d420-eb51-44be-a4af-9daa2451aecc,3e47dafa0b553c7f,prod_788387,delayed,2026-09-24 11:50:52
ord_98333119,e253697e-bcdd-4e05-97ad-653a43508f5d,d49e1003843c8ee7,prod_992948,delayed,2026-09-09 00:46:54
ord_2705048,16b88936-ce26-45d3-9d56-f8584ac6eb91,f38b1fcba3388950,prod_15474,delivered,2026-09-30 16:07:43
ord_1978608,abeb141b-33ff-4d0f-a25e-adc6c18027c8,537735bb2ba0e6d7,prod_194851,delivered,2026-10-03 13:05:48
ord_99677061,705a3560-1932-426a-b27d-e8d5aa4086c6,60f146c6565fba3f,prod_261941,delayed,2026-09-17 18:55:42
ord_72705468,cf6cf921-f0a1-45a0-bebf-1afb0195c981,67536196d5d02871,prod_509231,delivered,2026-08-28 11:24:59
ord_81184526,48b4703c-a6be-4692-841d-d4961f04e93e,4aabc94e1df7f233,prod_563750,delivered,2026-09-04 17:09:24
ord_20380634,10a7ea0e-a8f9-49df-a450-f10fe12b25e2,443bcbaa4fc6d940,prod_981188,delivered,2026-09-24 17:12:30
ord_12825399,c4f27ae9-e0d4-4f12-9ee4-713fd7a41d62,37138bbbc2b8733a,prod_666563,delivered,2026-08-04 03:12:21
ord_98767255,209c450a-1610-4edf-b528-937bd096f405,e688de94ac2c474c,prod_224643,delayed,2026-09-03 17:03:36
ord_52495761,bc3f160f-aa95-49fa-8647-5ec2ea19ef0f,a36e0149c087a121,prod_199659,delivered,2026-08-18 14:56:44
ord_26076367,121aa29c-9703-4c1f-84a4-af3c74a80f4a,7cd5d2df16594d96,prod_971366,delivered,2026-08-07 09:33:47
ord_81294547,9faa0ef1-6a68-4d8c-9544-791f7a43aa1a,fc523fdd872b6043,prod_33326,delayed,2026-10-02 21:53:40
ord_41901392,22fee884-7a9e-483c-8d49-fddefa3d8ca4,c6697bb75efc2d17,prod_846335,delivered,2026-10-01 20:46:32
ord_43449866,7e2e5f4d-c7f3-48bb-8bd2-ea6d0b5c8760,8294c5a0717f5b35,prod_927657,delivered,2026-09-26 09:39:26
ord_57063030,e7a97c06-5d8a-451a-a1b3-00b930e00e45,0908abed2d2793b8,prod_597347,delivered,2026-09-20 10:59:45
ord_68767208,e86112c5-9afd-414f-850c-47c1cbf7864e,f6a3d44212df2618,prod_422179,delivered,2026-09-07 15:50:15
ord_99788647,bff37ca7-f4e0-4ad9-bd5d-d0afa1f2aff8,4989c1ad999933af,prod_566847,delivered,2026-08-27 14:40:35
ord_3144983,e0ec4d61-f942-4db2-a9f6-9d4fc08b658e,e4b6e6cc71d88a07,prod_61324,delayed,2026-08-22 08:59:55
ord_36782333,8264c42e-a3ee-4a5b-960c-00a73f959a5b,ed38296f4510dc82,prod_791952,delivered,2026-09-30 03:55:13
ord_61593272,e5064376-9d57-49c5-b548-5f153738abf9,3ee7c2a5047acdd2,prod_120116,delivered,2026-08-18 02:15:14
ord_27201463,d0d36357-82b0-42a1-92d0-7a703b0cd217,cd1f8b50cec8adff,prod_9767,delivered,2026-09-06 10:46:23
ord_13378718,87fba451-7fdf-4160-8f70-24c7955630f8,ca55d28111e5ee6e,prod_765388,delivered,2026-08-23 00:02:30
ord_35469712,40e04568-4bb5-40fe-84da-1ab0ad485d4f,a5e4869880a41b1d,prod_15474,delayed,2026-08-14 17:05:11
ord_77336413,cd599655-211c-4013-bd4c-136da86f6735,b642059b3085a634,prod_442374,delivered,2026-08-02 08:30:30
ord_63270284,2498a6fb-71a5-4163-a0ae-769d53810460,136d73efba5b4128,prod_111579,delivered,2026-10-04 15:46:50
ord_50543809,3adce8c7-d707-49a3-9f6e-5905e02f047e,f5f340cf93ed77df,prod_791952,delivered,2026-08-13 11:43:36
ord_39089390,5584df9c-58cf-4e9d-9c80-74f3f78ff833,7a0afb5ca08ccfa8,prod_97251,delivered,2026-08-26 09:16:39
ord_57651154,8bac729a-c2d7-46c7-8c9f-d48316d6f167,8593ad671333ec09,prod_897546,delivered,2026-08-22 22:10:37
ord_12490623,cd0c3c16-6dd5-4482-baaa-45c49230970d,4c761e0d3d336493,prod_131869,delivered,2026-08-07 21:26:37
ord_29830286,dddbacea-d3bc-4959-94b2-3b56690bef5a,0d6f8f9b33d656d8,prod_754639,delayed,2026-07-24 11:54:20
ord_75295643,f5157f56-c561-4119-ab06-a19b0e1a1f02,f1b67ba5eaa6d8ea,prod_49405,delivered,2026-07-19 09:35:55
ord_37387408,8b174c92-2540-4afb-8391-fc5989a22e9d,ad7b0d42b56aab13,prod_201629,delivered,2026-07-20 07:43:35
ord_64874074,545f1522-394a-4b91-a6b1-71df5b8d254c,66ab1cf2592be929,prod_382554,delayed,2026-08-14 12:10:18
ord_94338884,6c73dc2a-6df3-4c1d-93d3-f469b3a543bb,700ba0780949b6c6,prod_443143,delayed,2026-08-15 04:44:26
ord_67993829,b52c6294-ca40-400d-a62b-00bfb782d775,66d767b0fba1d0c9,prod_114975,delayed,2026-09-11 02:14:58
ord_51325978,359b273b-58d6-4a15-963a-6841ac6a3af3,269099bde7c0a681,prod_280746,delivered,2026-08-25 00:22:15
ord_2310226,b552006a-6da4-4b5c-9a81-844f74909f4b,e10f851130cbc72a,prod_72132,delivered,2026-09-25 05:13:34
ord_66710893,f51acb71-726a-40c5-ad3e-63602edf9df6,ef297ca4cafdb5c5,prod_988712,delivered,2026-09-07 17:04:13
ord_97651108,c241b2c7-43ac-418a-94a9-da815636036f,0457d70d59103201,prod_67136,delayed,2026-08-28 16:06:25
ord_50028002,808e305c-79fc-4161-83a0-01236b4e0ab2,884d32ac6e83bb29,prod_638720,delivered,2026-07-13 02:40:52
ord_73360915,2c34e1c9-37c9-45b6-b1ad-27d190bb67b5,cb2e89891f710188,prod_565158,delivered,2026-08-27 07:48:30
ord_95909134,a11a5c48-0eb9-460e-b510-1656964f5b59,8dc808b8fc2e56a6,prod_71262,delivered,2026-07-17 15:37:54
ord_14536356,ed84c324-04b8-47c2-86b1-368df87102ab,1a6bc2816cdadda5,prod_923653,delivered,2026-08-15 15:07:44
ord_60702699,8891015d-2dac-408d-b0a8-f8a924fa3c70,3b39c9f9b085f6ed,prod_594731,delivered,2026-09-25 02:54:59
ord_30072939,cc72defe-1496-45d8-ac49-206fb2a63e7a,7788efea0b1e635f,prod_53045,delivered,2026-08-24 17:36:39
ord_77561671,536a39b3-7591-4e06-ad65-28734737ccdc,cfc8ee0e1441856a,prod_906651,delivered,2026-07-09 19:47:49
ord_3340930,de74cd10-341b-4ae6-bc7c-af2ad0689c84,0060a175fcf150b3,prod_60738,delivered,2026-09-07 06:17:48
ord_53331228,f471d827-682d-4aeb-9151-b77ae36a29bf,17149c23fc4525d4,prod_420651,delivered,2026-09-29 19:11:35
ord_31154021,8a2d1220-7eff-41f5-aeb2-6aa89107f846,3ada14d88d9ece8d,prod_625380,delivered,2026-08-06 16:39:36
ord_60006771,7465f6b2-0a8b-4509-becc-6facf8f20f81,91d26cfbfd5de5d8,prod_71262,delivered,2026-09-29 22:55:28
ord_49636618,1eca4edb-a013-45be-ad07-b2d849f34482,90e0fefaebe18488,prod_657924,delivered,2026-09-01 18:19:37
ord_63995860,eece1089-7aca-427f-a78d-5844ad74c2eb,37b6091bae4af19d,prod_329445,delivered,2026-08-09 21:23:39
ord_75585152,0ff31063-804b-4558-93d5-7c0718dabe1d,a8a065152c63589e,prod_228275,delivered,2026-07-14 08:55:00
ord_14622813,ad5ab714-3941-47cc-820d-c2f2731da8a3,24c844a2577b9855,prod_63556,delivered,2026-09-04 22:27:15
ord_86277647,9e3f61bd-cbeb-4a1f-9850-d0be9f8b617d,5947683ceb40c2bc,prod_74299,delivered,2026-07-27 20:18:31
ord_41689344,41754f3c-d18c-4502-b035-85235c0ccbcb,face3c6cd43ec57f,prod_346479,delayed,2026-07-31 06:23:52
ord_19296651,0f06ae2d-3667-41d6-9c8c-17c124ec9716,4eec4a4007b16dee,prod_554816,delivered,2026-10-03 07:42:38
ord_84545602,147c42c5-f4eb-4bd5-b0dc-3908bcfde9f5,bbb9ab11ae140d72,prod_20422,delivered,2026-09-05 03:34:16
ord_11225238,c40685e4-9817-4f71-9ad7-96c7118725fb,6f2c87f1f3e1f177,prod_755731,delivered,2026-09-05 18:12:19
ord_12802899,f0fac521-29e4-43c9-9d16-f81d410b4b12,e393288cdddb3e4b,prod_199122,delivered,2026-08-25 20:48:13
ord_75280767,528f8a3f-85b5-4e00-95a2-04caeda5e135,889bf72ff8984228,prod_970342,delivered,2026-08-12 14:28:18
ord_22717117,d0294193-ba13-41f6-a2ec-25426a5d9f8e,847cbf8c277c9648,prod_256150,delivered,2026-09-21 11:13:46
ord_27874581,523ac928-81ba-4964-b449-ccb47a611153,d35e3e1ad5519110,prod_392077,delivered,2026-09-15 17:44:13
ord_65741381,ec116167-c35c-45a3-9728-fc279eb12249,04bd45110d4dc2ca,prod_228275,delivered,2026-09-24 01:26:04
ord_79646079,ae5d4653-1cdc-4269-b726-5feacd12fbaa,5e1ca382d15f4922,prod_279786,delivered,2026-08-31 05:28:33
ord_33550279,2fbcce49-3cd9-4f91-81cc-195440ddcf94,9bbf8bd1c556d627,prod_163032,delivered,2026-09-14 11:16:21
ord_11259361,770f4170-1689-4bca-8756-192494571191,ac6cb4e6b47edde8,prod_708011,delivered,2026-08-16 16:42:35
ord_18969067,3e69fc13-1665-4573-95e4-2e0a95bc02d0,cb64c60d6fed9a48,prod_874628,delayed,2026-07-16 15:51:21
ord_82743681,29ac769d-6ae5-4ad4-9399-937f1fda3683,680214dcfede1e5c,prod_312942,delivered,2026-07-31 21:50:09
ord_63554061,b9923e35-770a-44c2-9fb5-6b21c15c7412,2f8d855a5f9d50a6,prod_681446,delivered,2026-07-08 23:37:03
ord_70250319,c27473eb-80b3-4905-8335-5e7d8310d675,2bfe5e5ab83fbb3c,prod_763587,delivered,2026-09-07 10:12:50
ord_97043767,8394fd92-7ed7-47f1-b8a0-cb52bd33e7b9,470d7cc81997f798,prod_346479,delivered,2026-07-31 04:20:59
ord_76053026,4d1b532c-9c51-47b3-9218-62de00d17f85,2c54bf8e5832be86,prod_326858,delayed,2026-10-02 17:50:50
ord_31196194,8e9891de-f9c1-4bba-bcf3-310bffd16efe,2c83eda092ed8793,prod_48050,delivered,2026-07-16 01:23:59
ord_7909847,f560fdd8-ba5c-40c9-8cbc-18f7c31e1eb5,5949c9c154e55908,prod_277932,delayed,2026-09-03 14:09:53
ord_66225408,74369193-c14e-4fc6-a0ba-529f63de09b3,c24665440e61120f,prod_788387,delivered,2026-10-01 03:24:18
ord_33826068,ca77a932-c37c-4a5d-9f71-b7b5b92f3fd2,3b0f7b00d07f90da,prod_709570,delivered,2026-08-20 04:55:35
ord_55278723,04d33308-a331-4a56-b885-6c7ba65d185f,0a3d6711073c01f8,prod_97793,delivered,2026-08-21 22:00:45
ord_41802776,6d259a1e-9ea7-4677-940e-1c769fe07b42,9bcfb4260051397d,prod_830555,delivered,2026-07-19 22:33:45
ord_99389721,d6ede443-3383-4beb-858f-951a65fdabb7,3ebb44b90209a178,prod_999816,delivered,2026-08-13 08:04:21
ord_45347939,34cffbb7-e07c-47da-ac08-6f99183fd0a2,73bc5baeadb18bdf,prod_397382,delivered,2026-10-05 23:10:50
ord_20214797,81561ccb-4261-4c3a-98af-2d9c3bc88800,46466384aa5c234b,prod_247861,delivered,2026-08-17 03:37:12
ord_4900250,ff677b85-146c-4243-a623-279d53065e69,4f067ba5da9556a4,prod_246629,delivered,2026-08-13 13:03:10
ord_43143346,6aff57df-8156-4a3d-8519-984aed50ea52,41ba41e8e0e87bec,prod_584004,delivered,2026-08-24 15:45:22
ord_92475692,505edbee-78ca-4775-b971-130efa02b5d1,ffc897400613cf0f,prod_346479,delivered,2026-08-11 07:52:30
ord_75874940,24dd95da-8f30-431d-817c-6b7f771adf28,512d15237155e541,prod_201629,delivered,2026-09-27 10:05:15
ord_80360192,02b86f55-849c-4641-8ecd-0e6970242db1,2674346fb15f31bd,prod_677568,delayed,2026-09-24 03:09:46
ord_747830,75e520d6-b524-42a2-a7a7-78eb44e1fcd1,a3ad69dff7d407cd,prod_160263,delayed,2026-07-12 22:14:30
ord_92663562,70229d48-2664-43fa-87f2-daa31e246c42,77893aeca9639561,prod_901393,delivered,2026-07-24 13:22:43
ord_28081593,36d30891-93b6-4eb1-a755-04ac41dad2c8,fbb33196dcc44417,prod_199448,delivered,2026-09-09 02:48:14
ord_75485324,edf3f870-be6b-4498-b696-267b22d290dd,4d262650c70dd076,prod_485100,delivered,2026-10-02 15:51:18
ord_65595812,f1fe0837-38d5-41b9-90bd-de96c8cfc5f2,3e7904ef09f757a0,prod_60738,delivered,2026-07-12 20:17:20
ord_73227680,f0f3c700-3e36-47d5-ba73-ed47353b8226,332d43e9d53e7da7,prod_690993,delivered,2026-09-15 17:34:34
ord_67084096,99fe11fe-c606-4f5e-8638-b7d15141a541,6db6eed765ed14e4,prod_980957,delivered,2026-09-03 09:01:01
ord_42012319,2f8f8351-f5b3-4b4c-9ea7-e238940eba9f,5e4baaec9171716f,prod_379201,delivered,2026-10-05 04:37:14
ord_87511116,09b3ceae-6c7f-40b2-8850-7a8122cc9125,7ff80e0f96b746b9,prod_690993,delivered,2026-08-20 18:41:01
ord_31640398,6722569a-908c-494b-bfc3-6793221ac40d,17cc60500cab28a1,prod_398591,delivered,2026-07-28 05:33:36
ord_43196359,ae9b607b-9015-4d7e-94d3-e341077590f0,a16884c8cbc16754,prod_594916,delivered,2026-09-25 09:03:37
ord_61924305,1aa9d48f-cf9e-4566-b9bf-f01ef490d6ee,c11638b74a121af3,prod_987335,delivered,2026-08-22 02:53:04
ord_95142675,7024e925-47cd-461e-a954-6341af4e536d,7d8127428293b88c,prod_12038,delayed,2026-07-16 08:33:24
ord_69045775,8b371cd6-f558-460d-9489-a338563367c8,00669ab9c8b4c869,prod_968114,delivered,2026-07-16 00:06:24
ord_74464967,16be6ec8-2be3-4921-a08c-8926be82235d,f200d95f2375a137,prod_328838,delayed,2026-09-11 16:25:47
ord_99278838,a92dff50-8cb1-40b5-8ec1-bef3e30fae2f,4f7adf16051e2b7a,prod_31244,delayed,2026-07-29 23:38:42
ord_10929927,fb24d52e-b2e9-48be-8b25-0c9c62630e3b,c494d38052862f61,prod_103198,delivered,2026-09-18 21:42:54
ord_14098750,38ef9753-c77f-4225-884f-4e2f1908cc10,d2bd2172d9a9ac3e,prod_702729,delivered,2026-07-10 17:20:00
ord_57136758,bb404bb1-8710-4fc5-bd1f-e4630e1c1dda,68c0e95c9ae334d4,prod_208496,delivered,2026-09-06 03:15:33
ord_93852493,681102fe-4471-42e3-ad1f-9c0c95ec7ac5,81ecdd76a3354f92,prod_677568,delivered,2026-08-18 22:42:20
ord_10402470,16452eb8-84e1-4e84-b1e7-13fd34499446,a9b6d8284ea8d59a,prod_396922,delivered,2026-09-11 19:53:43
ord_50423728,8e8a5eef-6492-4f98-93da-19d165212f0a,4976489309ace383,prod_48050,delivered,2026-08-08 20:06:45
ord_17083565,d5c63688-42ed-4d39-909b-62a77c9670dc,618c6ad3fd393b9a,prod_471029,delivered,2026-08-27 16:45:16
ord_1828652,0d5984f7-7a11-4a86-9cd4-b063d5b06b41,676f88296be4218d,prod_278082,delivered,2026-08-29 04:04:20
ord_21755769,0075f25f-c667-4f96-bd09-4efe8d64d999,1db52e2c0668d294,prod_679514,delivered,2026-07-10 19:26:33
ord_69785033,39fca88c-6448-4b7e-a6b2-3faa879ef01d,aabf5dcf8783d11c,prod_354508,delivered,2026-10-02 21:30:26
ord_16304459,77ef9422-49c5-44e0-aa68-fbea2df1238d,8be265563abdda8b,prod_539131,delivered,2026-08-06 17:56:39
ord_22306580,d4c72618-6aa3-4711-a2d9-19985237bd2b,182fb14ca4da6a90,prod_27824,delivered,2026-09-06 09:53:14
ord_26490232,6dfb7c05-9b9f-4398-ad2f-101a232eed12,8a1bcf98a27f6642,prod_473417,delivered,2026-09-04 16:34:51
ord_58733846,1fef5aa2-4440-412f-a8a1-87c24002c82f,1def56aca07f4c3e,prod_171339,delivered,2026-07-18 23:08:37
ord_15255803,aee72282-0a16-4bb5-b919-2292c551881d,a2c5117d606d0a4b,prod_562275,delayed,2026-08-02 08:39:36
ord_56932774,247bd4e2-577d-4261-9a3a-2c4fbc86812c,2a01c8e5c21bbf7f,prod_371507,delivered,2026-09-23 20:40:48
ord_66462542,3cc6c032-6d45-422f-bbf1-e4497a140447,885550cc0bf768f1,prod_974230,delivered,2026-08-19 19:04:00
ord_22913930,a827ec6d-a1b4-4959-a608-4a12db780304,5d94b945375d05ab,prod_104837,delivered,2026-08-12 05:04:18
ord_84042431,694ccf33-511c-48d7-97f1-bda3b9b04278,ad73c52d7964e5cd,prod_328838,delivered,2026-08-07 16:35:08
ord_70409156,ae94690c-a2f2-4e1c-849e-cccaf4509f46,3a49970b5a322fea,prod_701474,delivered,2026-07-22 14:47:58
ord_65389988,7dc9406e-faf0-4896-b003-7f2b8673d6ab,bbd84b5664038e46,prod_26225,delayed,2026-07-31 12:37:12
ord_73428512,ce106f12-c97f-49ac-a6c3-6d1bd8071a1d,876732dec085bf5d,prod_125710,delayed,2026-08-22 20:35:58
ord_53607320,76dee79c-d034-442f-8192-90a4803b0bf8,937fddafe72e68f4,prod_388162,delivered,2026-08-18 03:06:08
ord_1242658,7004ecb9-bbb0-4e41-a71a-26d817322281,dcc4d3ca9b84dd1c,prod_311120,delivered,2026-10-01 12:56:54
ord_39829248,0f2bb0ce-8bb2-447c-a3c7-49d2541d0d62,04b16d228b607462,prod_388162,delivered,2026-07-31 16:25:22
ord_15781760,bacde614-af8f-4664-8d64-f3bf68ac23f3,5d93e4932f557ad9,prod_631262,delivered,2026-09-25 13:44:58
ord_58449055,0a78c67a-672e-4e43-aed8-84dac7af81a9,839d89695d41d2ca,prod_764491,delivered,2026-07-28 09:53:39
ord_39490030,3d03744e-4e9f-44c1-9d3d-167e6ab2c234,3a0472e454b59156,prod_162316,delivered,2026-09-07 18:34:35
ord_96629112,2b276806-d23f-4ee2-8074-25a670e4901f,df48e9c9e057bbbb,prod_397382,delivered,2026-08-01 08:35:55
ord_90822876,5f648772-f2e2-4511-a119-34bad1a4bd03,4bb7b5c27d9b5070,prod_592683,delivered,2026-09-27 04:52:41
ord_36387450,6d4cf9e7-a6c6-48ee-a74e-b88b4e41f487,e5883af52d290176,prod_275504,delivered,2026-09-22 22:16:14
ord_70126092,6679f1dd-1646-4fb2-a199-2021a602a85c,b185cf11b930b7fa,prod_339902,delayed,2026-08-07 02:20:01
ord_82557389,4b4035cb-7868-4d43-b109-d499df2d982f,190d84e7e39c40aa,prod_750800,delivered,2026-08-13 15:06:40
ord_49879577,c29ac0ed-f2a5-4629-9a40-b86a9464dd92,dfa7a44e19c13899,prod_426156,delivered,2026-09-24 01:19:24
ord_75673348,87a489f6-7cf0-49ad-84f3-faf984455d68,07b19958a0bccc63,prod_277370,delivered,2026-08-01 05:18:32
ord_87271147,257942fb-c47e-4d18-b06e-f53f3cf53795,035d13e45a9f5ef6,prod_713536,delivered,2026-07-22 21:38:55
ord_22272851,1c787add-556e-4b0e-a60e-af3cd786ba6e,ca682c25c17d5b78,prod_104837,delivered,2026-09-23 17:22:25
ord_18994170,39c875ac-434d-4531-b586-59a3ec4147e9,7cdf0dc59af68d9b,prod_687277,delivered,2026-09-17 02:11:56
ord_38949552,8aa6aa1c-6668-4797-8a58-4387d948df79,d85db2a59ce1efe5,prod_594731,delivered,2026-10-02 03:39:33
ord_70229592,7fa02002-45e3-4516-8eb1-38abb6abd396,647db75deb4b251a,prod_451989,delayed,2026-08-22 13:16:31
ord_27442403,cd5380d2-9047-4cd4-b7dc-0aa623aae7a9,54d8e1839a226d76,prod_933533,delayed,2026-09-08 10:21:40
ord_82409660,1eb1cbf6-8939-4206-8089-da145ca67ac9,b07bb11ef6b8da0c,prod_59942,delivered,2026-08-07 04:29:41
ord_95895184,e113ab92-9071-4e1b-8fbe-04c07fb6fac9,e684fe03a5034be3,prod_648564,delayed,2026-08-19 11:17:00
ord_69709974,8ac1e7ff-e129-4b38-bc6a-1f7767303135,d23905b00f7ec1cf,prod_765388,delivered,2026-08-08 06:10:03
ord_81137003,7e03ea60-276d-47ea-b266-393d8c4ec505,e6a019ec15e791b8,prod_927767,delivered,2026-08-12 08:12:50
ord_33720776,ddf03ab2-6f6a-44cf-9a66-4388fb01c9da,7dc31efbda908018,prod_685197,delayed,2026-07-19 23:47:38
ord_62126724,9cf9cf7d-56e0-4999-b388-3517141ee4ff,ec815f380a72518e,prod_228275,delivered,2026-08-12 10:52:50
ord_28268552,3bd270f0-730b-40f8-8f6e-c315cf3f917d,a62c00759baa94a2,prod_687277,delivered,2026-08-01 18:03:52
ord_44315629,5b90d531-a91e-452b-a92d-35c6e42e28d1,883678f95e5e4498,prod_426156,delivered,2026-09-05 02:58:01
ord_96654246,e8ec3c48-885c-4e77-af07-654d3d55a606,9d3541a6a138f946,prod_999816,delayed,2026-08-04 20:12:22
ord_18164926,868d2275-e30b-4245-b57f-122455eaf5e3,a1a6adc26a4a3a95,prod_704318,delivered,2026-08-16 01:43:39
ord_22043679,6fc36be0-48d1-4d42-adfc-2a89b95d4020,7b7337c6e45a818b,prod_160265,delayed,2026-09-14 05:47:26
ord_95976604,584ec266-21d1-47a6-afa0-1943bdfc79e0,fa86d8ea617a0391,prod_443555,delivered,2026-08-10 11:18:25
ord_63601811,51ba3576-7922-482e-9866-73735a03a9d7,aa26f9e5f65f0890,prod_532342,delivered,2026-07-10 17:37:20
ord_1318177,f94cdcf2-5200-45e0-ae6a-2a26faa3a2d6,05c44b82904e9ce7,prod_753305,delivered,2026-09-01 14:00:36
ord_42639365,2c57f392-ceb0-461d-ad1a-586acdb2ea26,6d927348ceb1a5f7,prod_848749,delayed,2026-08-15 10:17:48
ord_24055277,ab8f3f39-4ce7-4419-98f5-d4e95584e747,92ddf390b7cbbbe6,prod_398591,delivered,2026-08-15 09:42:51
ord_20179511,b45066be-27b3-47b0-9f28-d6c5568e4905,6ca82857c314baed,prod_291476,delivered,2026-08-21 14:55:02
ord_63148560,51b2e423-378c-43fa-934b-3663a4116fbc,62d789b79c6d982c,prod_114975,delivered,2026-07-25 03:50:51
ord_8999031,54a6da07-f6df-4d53-a47b-46e3d65448ea,0a797cba9bc2b031,prod_925245,delivered,2026-09-18 15:07:06
ord_751945,847d237e-418f-4464-863e-aebe147b8cd8,6890e0c07c415d2a,prod_170555,delivered,2026-08-23 13:47:22
ord_41854524,2e289f14-5c53-4686-b5ae-0f549537b95f,1660adc10820fe7c,prod_578856,delayed,2026-08-07 14:32:51
ord_25189235,e5025c68-f704-43d1-9ea8-4ff3bccd14d9,ba759d5dac060286,prod_224130,delivered,2026-08-05 10:21:15
ord_26745249,eea6f9ba-ee0b-455d-b7c1-e97146e3a2af,e097a64a3b1ccab4,prod_7540,delayed,2026-08-11 03:32:03
ord_12596044,55a4ed35-0d89-4aaa-8704-29783a8d2e4c,bda714dcf9d637e0,prod_170555,delivered,2026-09-20 21:37:44
ord_72173099,26abdd89-8b7a-4eac-b8aa-bf1f6e57e314,cbdcd3918d391284,prod_303445,delivered,2026-08-02 00:27:07
ord_61551388,7925a9bc-3c11-457c-94a7-f2a73af29427,0c819ce3259ef383,prod_97251,delivered,2026-07-15 14:01:27
ord_44430783,9cca5ecc-2069-4505-910c-fdeb3ba4c44f,f6c060db1ee4e260,prod_15474,delivered,2026-07-18 05:40:43
ord_12712374,97b03656-04a3-4d4a-8265-4ed00b342a5b,0f5b793080521a6c,prod_765388,delivered,2026-08-28 05:51:36
ord_8201748,731c6efd-cab2-4783-afae-ff53a8d89568,f9c8b9aa8c58ead9,prod_638720,delivered,2026-09-23 20:26:38
ord_83882424,d5fea956-55ed-411a-8144-2f7dd722bc6f,7d17e603f743faff,prod_623939,delayed,2026-07-24 16:43:07
ord_79786327,6781ea57-c096-4491-b817-9c7c4bd58fb4,5177362e30061bd4,prod_655674,delivered,2026-08-29 12:51:41
ord_20998769,c9018740-c86d-4e1e-bbc7-db2c3e6098ef,ce7099f6249205ab,prod_187330,delivered,2026-09-01 17:49:14
ord_8961986,03d436e2-9cf1-4bd7-9b4a-d91e79c0f5ec,028eee7680f65b3e,prod_199448,delivered,2026-07-15 00:47:34
ord_47036977,71c166d3-e36b-4726-8410-12b49a9530ea,bf90052420782af4,prod_9767,delivered,2026-08-19 01:56:18
ord_85408582,798294ee-d38f-432a-bfb0-7f22a3d5eb02,45d1970ce7a87ae3,prod_41672,delivered,2026-09-18 06:04:14
ord_75048659,2bbb6628-21f5-4e21-8de1-8eac993cbf72,def74351dfd45481,prod_229974,delayed,2026-08-08 07:23:18
ord_30337167,4d9b47f7-5857-47e2-9dd0-1f5f97cbc461,b9d6723dfe6ee4f6,prod_241292,delivered,2026-07-30 01:47:50
ord_46299404,398fccff-2dc5-4f11-bf4d-42f9691ff336,9408bb802eca9331,prod_765179,delayed,2026-08-18 15:29:32
ord_1896427,5d2cd44d-92e7-4268-b002-059d90e89d8e,c76edb10197278ed,prod_776646,delivered,2026-08-14 03:36:48
ord_25855792,128c721d-b92c-449f-b1a8-73a9c2954753,b089d43751b8c9ff,prod_967096,delivered,2026-07-23 14:41:42
ord_36853586,6a004d95-04d8-474e-8284-d03a83ca8396,b5d89ab163371c7e,prod_116970,delivered,2026-08-14 09:58:34
ord_38143010,46815190-39d6-4c84-a2a1-018f9191df02,c344ed4296006477,prod_423389,delivered,2026-08-07 04:08:47
ord_57198985,7fc6f7a7-1ff4-4da9-8174-0da48a744620,d8089e563362185a,prod_105907,delayed,2026-08-24 03:54:40
ord_97888091,c7c8a597-a292-47f5-bd84-60ac48ec4271,175599cbcf820d7c,prod_651332,delivered,2026-08-23 00:55:24
ord_41037113,e9d3148e-7861-48ce-9b15-8c34590beddd,75144bf05c686d25,prod_107175,delayed,2026-07-27 11:31:03
ord_83819096,fa5500ca-56cc-4332-aad9-f60ea29a7af4,e48e63d7c1d0036e,prod_970342,delivered,2026-08-13 19:33:34
ord_54125762,c7759b22-fba2-4cb2-963d-afdf87413ac9,3c3e848e91dbf13e,prod_431071,delivered,2026-08-25 04:38:41
ord_34191883,26196d4e-288e-4a63-8163-55a8b7e0e924,4ccf0f1cbc71054a,prod_74870,delivered,2026-08-15 19:04:05
ord_75311217,acdcef8a-64d2-41c6-bee1-a1dc9f81ba5a,4f6d28a18c76664e,prod_882554,delivered,2026-09-08 17:13:01
ord_72614071,edc4a458-82e0-48ff-a18c-57948ba2cba2,cfe1de9db35eb7d9,prod_798975,delivered,2026-09-20 13:15:58
ord_86114007,8c1214ca-0b50-404c-9049-c036b7b72fbe,3dce95c73fb10a52,prod_280746,delivered,2026-09-14 04:41:35
ord_88498817,bacdc805-dedf-48b1-8ce5-14892f318f27,e7abd9a27490161e,prod_355784,delayed,2026-07-16 06:41:09
ord_10398669,32563b73-4046-426b-aae3-de75b267935f,c628b9787d159469,prod_943313,delivered,2026-07-24 13:51:56
ord_79542677,bb3857a6-20b9-4250-92fa-2f664f21383d,3e8df1adce39b867,prod_379580,delivered,2026-09-03 09:07:34
ord_20457708,0658117f-02ef-4fd5-bc17-075b00546e37,c47810929b77777a,prod_765990,delivered,2026-08-10 21:57:49
ord_13821242,d94ad349-a773-4d27-8b5d-16c813cf2aff,49878129f5a94f79,prod_6814,delivered,2026-09-19 03:06:27
ord_98067267,66687725-0e10-429e-80b1-6c0ac0064624,9a3a8943a5965fef,prod_795667,delivered,2026-08-13 20:27:36
ord_29050282,8250aefa-4b2d-49d0-b1c6-1f5906c8aa00,03a0c4e9f5a7c7cc,prod_713328,delivered,2026-08-17 04:00:48
ord_37579022,4adecaf4-e97e-40f6-9e1a-2d653ce30b49,8115b75b21515ce0,prod_235612,delivered,2026-09-08 06:27:45
ord_23934411,0b630db2-baef-4455-bdf8-e5cff17ed011,70b559717771f5c1,prod_162316,delivered,2026-07-11 08:35:33
ord_35290889,6e515e27-8fd3-4760-ae91-f9b21b14c274,21718545bd64c2a4,prod_968114,delivered,2026-10-02 21:40:16
ord_75653133,d2e31deb-4b5b-4e15-96d0-7dc67820d723,e89c8f97b2e0d4b2,prod_681453,delivered,2026-09-30 23:58:38
ord_13733443,5bf8b9fc-8773-49ce-b62e-c87625416e36,757e9d450ae959c9,prod_510311,delivered,2026-09-14 06:38:36
ord_17005934,cc951280-6f60-4075-bb81-700cf56e0ac9,313cfaf2430ef073,prod_169396,delivered,2026-07-21 23:02:23
ord_70104308,29d2767c-c43b-4df3-b342-ce97e3ba2019,c1c32b635d87af12,prod_187330,delayed,2026-07-20 09:49:44
ord_86547634,82fd6b41-1a4a-447c-b53e-3f0f332645f3,cdfc774841e18656,prod_530458,delivered,2026-08-21 08:31:07
ord_51398211,9f0f2ede-528d-48ee-9890-72bb4c659ea6,87ec737812c0b3c4,prod_508993,delivered,2026-09-08 10:17:23
ord_44313350,6f1960c3-ddcb-46bd-96f9-c49dcbdc79cb,aa60a3bb2bd587a7,prod_669987,delayed,2026-08-24 12:31:02
ord_79479708,e06071dc-fccf-4784-82bf-2650493101e2,d2ffa14cd0906cb9,prod_683823,delivered,2026-10-01 13:14:23
ord_81171554,040798d3-ba02-449f-bf69-078a18250ed1,97a27e08bd881e1c,prod_810620,delivered,2026-08-26 11:21:09
ord_37210187,d62c8805-99cf-4a5b-8494-275bab4827ea,3f8c32cc3a938231,prod_84002,delivered,2026-09-11 14:04:32
ord_98954103,4d09bb86-d518-49fd-b000-bb64fdc670fb,207ed43655a8eb46,prod_623939,delayed,2026-09-01 00:47:58
ord_82662979,6de2e0c2-e442-4717-91f0-fc1daf2d27bc,cd26bdf7477ba3c5,prod_89814,delayed,2026-07-26 17:54:19
ord_63539590,73c2cf74-4031-46be-acd1-b5068cfbd785,4bf24029c493b349,prod_872064,delivered,2026-08-13 04:21:43
ord_28092671,50079341-6cec-4cd4-9060-cd5297bfe1ce,184016ea88dbdf89,prod_403457,delivered,2026-07-14 11:40:08
ord_22561918,b970bc0d-d158-43c5-b81b-4189aa29cf0d,6ce9ee8f5d4dca95,prod_933533,delivered,2026-09-23 19:35:38
ord_358466,8e01eae8-29fd-4683-b0c8-ce46ba6f8cda,9ff5efe17fda0760,prod_777572,delivered,2026-09-03 20:04:27
ord_31115834,05c8d3d6-2a28-4e6c-9d8b-6f9646dae46c,08e4179d187851aa,prod_529903,delayed,2026-09-15 01:47:16
ord_12259214,1aeae335-59fa-4652-9ae4-cf2301d13189,a113cca24fd7652c,prod_431071,delivered,2026-07-29 10:06:01
ord_82533661,f6955817-37e9-4549-ad15-78fff637f5c5,e75e38785f41a325,prod_690993,delivered,2026-09-25 03:52:56
ord_19661777,39b41ed4-fec5-4da2-96cb-51d8e4b95cc4,69e21faaa04676a5,prod_590341,delivered,2026-09-29 15:54:28
ord_19237874,6154244c-137e-4da5-b6a3-09bfe98d0bfe,b82f7cc744723c3d,prod_747581,delivered,2026-09-29 14:40:15
ord_22121549,49551fb6-b938-414a-bd68-1f5ae9dad6ee,014547b5e98a95d9,prod_277932,delivered,2026-09-24 15:24:58
ord_63815697,80e117a2-e39f-4b7d-93a9-d177bdbd60ec,ca58e3531dbc2df3,prod_732052,delayed,2026-08-18 22:42:06
ord_33134,3767a727-31e7-4529-8711-13f45f86b0e3,08ff2498f970ef9f,prod_902592,delivered,2026-09-12 10:41:22
ord_43397675,524d9ab8-e4ca-4544-b074-58872675ee7b,556d1d2ae5d04b2d,prod_777572,delivered,2026-09-28 04:40:44
ord_10440451,926c6130-ce27-4a2f-ac3e-f087790c62a9,a8211a70597d1e36,prod_758490,delivered,2026-08-23 11:40:54
ord_7004714,0c17ea89-0be5-4b6d-a9c4-0b0d5515d7ea,0b49be75e98e9e2e,prod_701474,delivered,2026-07-11 18:40:48
ord_18384463,cd0650f7-6e1c-46b5-b945-cc05d4c64201,6f0cbf00efee37c2,prod_765388,delivered,2026-09-18 19:54:35
ord_68679917,306e5f51-a3a8-421f-8b6e-528ebcc8aea9,4e859a5b71fc9d91,prod_830555,delivered,2026-09-23 16:42:23
ord_59014061,1c8a3039-00cc-488b-95b4-dce91f5c1063,9c62ce3e593a94ef,prod_681446,delivered,2026-09-30 10:49:16
ord_57096991,08af163e-7621-4b2c-94a3-222b1c385054,f11118bcaaadd191,prod_101639,delivered,2026-09-07 20:54:30
ord_89233613,abcee660-a28f-4ccc-8ada-4fc460833cde,b50a24ba43c73883,prod_830555,delivered,2026-09-08 18:03:44
ord_63309036,c18d0e48-2b94-4240-aa3e-727c38a5d3fc,858a274203859a49,prod_33659,delivered,2026-09-14 16:57:24
ord_43901191,278accda-d9d8-4a5b-9e13-6712de9c7a3c,0cecd99ad0e1b6dc,prod_422179,delivered,2026-08-29 13:24:42
ord_40608690,4704f6cf-5c25-4675-abe6-64801b795d34,16f1014eb8843479,prod_471029,delivered,2026-09-19 14:03:48
ord_67159209,4509255a-23cf-4a15-8cd6-4c2a11158249,5aa7a58c67d41b25,prod_704314,delivered,2026-07-20 14:04:43
ord_15743269,9dfb3483-d6ca-4837-aab9-11ee3a3d19ad,a5d1fd0e9537a5fd,prod_339902,delivered,2026-08-30 08:04:09
ord_32315990,67425506-36c0-4982-af31-a9aa7b30f70d,651cfc2a47ea25af,prod_918398,delivered,2026-08-27 21:51:31
ord_75181407,44fb8e6a-d64a-4b0f-a50f-b821feb6f898,4c4d770e9273f749,prod_631262,delivered,2026-08-20 16:12:19
ord_52780673,cd6827af-4979-449c-87d8-d76fa4d1bc48,0dff578802c9757e,prod_105907,delivered,2026-08-28 05:21:27
ord_50641630,a655f2a7-7a6a-4582-92ab-5236014dca1d,f1ec962663eaee3c,prod_599,delivered,2026-08-31 01:52:47
ord_51744941,c6c93503-57de-41e8-b083-1c0bc4e931c9,5479bd0dc29446b1,prod_376417,delivered,2026-08-16 07:39:47
ord_94790544,eabb3d3e-1e66-4ee3-ba92-aaea68bd5444,3df72c9e4ea1c7e3,prod_978593,delivered,2026-09-12 03:52:59
ord_63683359,d0a276d1-b144-4f50-a3de-4373b2ed555f,505c88093b397dca,prod_701474,delayed,2026-09-14 03:07:54
ord_41843964,b82e05bc-fab2-4fde-abb7-a0212e610b3b,4d281810f2c26384,prod_822733,delivered,2026-08-19 13:53:14
ord_70059735,476e5dad-ab20-4c18-b36b-f7e4aa2a11e2,0436c40950053203,prod_674079,delivered,2026-08-14 06:28:16
ord_42543251,339cfed5-adc1-4e5d-bf38-5f64fdfe1dd1,b006897f6d0e81e4,prod_617024,delivered,2026-08-04 01:06:53
ord_71227403,5ba7da60-85b8-4476-a294-4c5626068ec3,b0b7575056f9a934,prod_352944,delayed,2026-10-01 11:33:28
ord_81252861,29150d07-f78e-4ea0-b505-f5ad85722b61,b153eecf399c0c7c,prod_97251,delivered,2026-07-18 02:18:55
ord_28709086,2352489d-ee43-427d-8962-9d8644b6f158,e9fc49aa803cec21,prod_278082,delayed,2026-09-19 11:27:19
ord_85063153,546dbe47-0543-4049-9d04-8008f105a3a8,724667ed58aa2d72,prod_71262,delivered,2026-09-18 10:48:48
ord_37277197,42fc0a51-2260-41c2-a9d5-3f78ddab4bed,ea380dab3936b382,prod_481141,delivered,2026-09-12 06:53:10
ord_95475469,384b010c-3b20-439c-97ae-72a1e0d82e94,a28261a7e69c5aeb,prod_224130,delivered,2026-09-23 01:22:50
ord_19177565,a5fd49bc-8d60-4a57-8c36-fc3a343c8261,758bfec8d3e535ea,prod_631262,delivered,2026-08-03 10:28:59
ord_58685794,05dea2d1-e390-4479-b42c-8d7e3baf5a16,6d1abe388e392a35,prod_71262,delivered,2026-08-13 09:58:18
ord_75227139,3c0505b9-0e56-4938-8379-a9055964061f,1ca5610263ac4cb2,prod_974230,delivered,2026-09-05 13:50:49
ord_59276832,bc181978-6334-4234-94c1-1497f7558b95,c3fe5919b5258952,prod_116970,delivered,2026-08-07 02:36:04
ord_65779236,9f97a94c-ab5b-475a-8bb6-778064cdf6ad,4c5e7de6a15bfada,prod_292075,delayed,2026-09-18 15:44:33
ord_33626780,4eec4671-8431-4874-9044-3abf2e642524,1f228c920437601c,prod_420651,delivered,2026-08-18 15:25:23
ord_91988480,36dd0a8c-56d7-47b3-856f-8a100cab682e,6d3b33a2bc74c171,prod_702258,delivered,2026-09-12 05:03:59
ord_16138312,c2bbcd68-7e82-4094-97f2-288fceab1d31,ef431f4072a044f0,prod_85965,delivered,2026-08-29 04:04:31
ord_74880752,7e3c8aaf-cc01-45e6-8022-7b2728ac107b,da9aef8a45d5bcb4,prod_380612,delivered,2026-09-06 07:31:06
ord_58440193,1438922f-ffab-45d4-b880-9965286ece3b,fa1959d6ebd03f2a,prod_906651,delivered,2026-08-10 23:30:34
ord_87522323,181480e8-d69a-4609-9b57-2e4a525e39db,7d43e8fef7f8b01e,prod_742225,delayed,2026-08-01 04:33:17
ord_23892421,e309e2c4-1969-45e3-a5f8-21aa41286f35,e9b2269473843b94,prod_200896,delivered,2026-10-05 20:17:26
ord_3395111,294b875e-b20a-4a76-93f6-3721120dfbc7,86a6506836e6e3b6,prod_509231,delivered,2026-09-12 21:29:36
ord_49081701,8de05d86-65af-478c-b4dd-6f6f4eb90cfb,9090d7ec134a8941,prod_750800,delivered,2026-07-29 03:56:39
ord_62555645,8a549e28-56e1-4bd2-971a-a9c96ef14bfd,f04e43f467e71ff3,prod_580099,delivered,2026-09-08 21:42:35
ord_89931125,d8bc8e7d-2ee7-4250-8a27-4d8c501d38c0,c21a0fc2127fcba1,prod_170555,delivered,2026-08-09 09:02:26
ord_46438200,6f705ae9-433e-403d-ab09-49031ee7ed98,19ff6e8a6807690f,prod_750800,delivered,2026-08-20 01:24:41
ord_97776474,3a73b409-5690-42c2-ac91-bbd3c28d3b3e,15d5b43b13f43f22,prod_69403,delivered,2026-07-22 01:23:55
ord_56918776,d4f8765d-f095-4ce5-9b83-7699d51a5bf5,a1547f76f4ffdbbf,prod_114975,delayed,2026-09-18 16:56:16
ord_82808874,a2ecbce8-86b4-4fe6-9c3f-85580b791a30,efe689badb498905,prod_704318,delivered,2026-09-20 16:38:01
ord_75134281,fa8d75e2-55e0-4172-b27a-251d055dc5e1,2a144ea8b789aff1,prod_61324,delivered,2026-07-10 12:45:10
ord_25633440,0e9262d6-9cc6-44b6-b089-0586a290c171,f1fe8af57a7059ba,prod_894141,delivered,2026-08-01 16:45:50
ord_51332565,ae7c21c7-92d8-416d-836c-5e5fe1711fa8,db1cfb381dd07039,prod_738797,delivered,2026-09-22 11:19:40
ord_50225060,6897d0a4-5ff8-435f-ac26-84d405b07a80,f16b34488707670a,prod_76819,delivered,2026-07-18 11:37:13
ord_24025724,c3517dc0-5c4b-43cc-a94f-78964f569c71,34c9716925a64b4c,prod_624834,delivered,2026-09-14 13:15:03
ord_1432428,fbc67b7f-a093-40a8-9f8b-740382715f0e,64fb82ec13b8aa2c,prod_246629,delivered,2026-08-14 18:22:18
ord_26284674,574d8a57-2a3c-4d43-a631-2d3dc645ffff,3146494a10c297e3,prod_307419,delayed,2026-09-07 14:26:29
ord_48451442,fca47862-e6f0-4e11-acd8-a6327018fd74,df11ffb43a946d0e,prod_192401,delivered,2026-09-25 20:10:14
ord_70598873,3ed5f533-5445-43ae-ac7a-03c47914e86a,c18f00efed671b31,prod_783300,delivered,2026-07-18 01:18:41
ord_26157506,a069c964-e4c3-49a1-88e3-5d31d45bca1f,6770bf0213e35802,prod_721590,delivered,2026-08-10 18:28:18
ord_753570,f62826ac-3163-45c7-ace2-a86d84de6d98,f9318d534c5822a2,prod_74441,delivered,2026-08-13 00:20:23
ord_78676876,6cba4881-36d4-4eb5-9fbb-2c453f4b8de7,a1a726597af0e354,prod_228275,delivered,2026-09-23 06:21:48
ord_41659934,6c075a81-ef68-4efa-94d0-9e5d409176f8,789879c7b51ff719,prod_912804,delivered,2026-09-12 22:54:58
ord_44084020,62537018-b8c3-4e46-b101-80d213fd8ed8,115b4bb67d91161e,prod_592683,delayed,2026-09-03 23:11:43
ord_49508547,39557968-ddd5-4ed5-88e9-fe7f30de1640,b7be45476c681183,prod_701474,delayed,2026-09-23 05:48:00
ord_34059134,ff310259-78bc-445c-b18b-7b00488439f7,70a39dcdfdd02630,prod_790170,delivered,2026-09-16 10:32:35
ord_67483781,e0ae57d7-ce40-4056-9301-06eb51feb4ba,c5734f9beb8370ed,prod_326858,delivered,2026-08-01 15:41:58
ord_1744092,b667c87a-05ff-4e7a-a71b-592cb947d80c,3bb9d8d5af1a0f90,prod_902931,delivered,2026-07-14 00:54:02
ord_81439883,b60d6e56-fca0-4e00-baa0-10b308c110a1,c38300a70a8a6a36,prod_329963,delivered,2026-09-07 06:02:54
ord_36645175,d3f7f301-4925-4f35-9fed-f6f76bebc3c0,eb8dff5bbc7ecf03,prod_116970,delivered,2026-07-28 11:51:30
ord_4500077,f02d9628-3aad-479a-a46e-a9b8d5131e08,87e53ade6bae4446,prod_2260,delivered,2026-08-22 01:55:21
ord_86868145,81cde410-de76-4b5e-81cf-e6077bafd26c,6e2a7c8bfcf4c0c4,prod_258607,delivered,2026-09-05 11:48:13
ord_36903354,e60dc379-98a1-4380-98b0-9cdb74245894,36d87bb8d417521d,prod_588637,delivered,2026-09-07 09:22:41
ord_86124034,b619ea07-c1b7-46e4-ad47-b1ee85c74043,c75723bd66b8987a,prod_409386,delivered,2026-09-23 08:10:36
ord_64254706,737b3c5b-6860-4517-aad7-9e3fcdecb489,6a45497fa7b06962,prod_311120,delivered,2026-07-18 19:15:11
ord_53458116,c4c79176-c40b-454c-930e-cb4b1236bf38,d163c9ca17b6ad19,prod_927657,delivered,2026-07-24 07:37:09
ord_5894491,c8adb858-addb-4aef-a26e-9cf2b21ecf2b,e3f87691c77d0d1d,prod_114975,delivered,2026-07-13 21:39:42
ord_93348305,6bf4b4ce-0af2-41f3-a225-e6e37e7a1ede,e061d1c463d3957f,prod_165080,delivered,2026-07-10 12:53:06
ord_94524779,ab075fe1-da83-41c1-87b6-b5af401d28a4,2eb85cc6d7cd81f7,prod_556116,delivered,2026-07-30 11:39:29
ord_33962179,8e3827c4-7960-417d-ae6e-fec50f0e8010,8f0fabdc229d2af4,prod_783300,delivered,2026-09-10 02:34:42
ord_36798988,5a31616f-fa5c-4f83-a749-64ec10eee34d,f04ed71d399618e9,prod_459381,delivered,2026-07-19 04:06:05
ord_83922374,4974de4e-5165-463d-8fef-79b8c7d0aeec,b9ffbce45b8c9973,prod_558582,delivered,2026-08-12 11:28:46
ord_7680877,d8979779-fb12-43b2-a4ce-4bbaf241dae9,ba50fc0b0c251dc7,prod_173148,delivered,2026-07-23 01:30:10
ord_76796822,f75ce9e2-3717-4eb2-bd54-6072573effb1,752d95ac2716d470,prod_679514,delivered,2026-08-03 05:53:43
ord_4083774,d91fa60e-2eec-4ef3-bcdd-d5f22332f873,7d8d187b204c72c0,prod_941435,delivered,2026-09-21 21:03:30
ord_96372289,9951e0e6-8d5d-430d-ad58-980e29521242,afaeaafcf1587b8c,prod_757168,delivered,2026-07-21 10:45:42
ord_63190952,ebbf9ba7-49c3-497b-9ad5-ab81e782463d,06b01e9ac8d03674,prod_981188,delayed,2026-10-05 21:19:54
ord_84857827,225a540c-d6a7-448f-ac49-53d3aabc9331,157c6b3415bd4887,prod_763587,delivered,2026-09-25 23:53:55
ord_60999369,c2213ad1-fdd0-41d2-a125-071f377b8858,52af57ff8ff1773f,prod_580828,delivered,2026-09-14 19:48:34
ord_65807017,5265b729-ce36-479e-abdb-629ad62e2e34,97c74f984c4cf2df,prod_199122,delivered,2026-07-11 09:48:29
ord_23323144,824ebd48-e452-4905-bf43-8dcaf8463506,d3294f930a804f48,prod_771476,delivered,2026-09-20 19:01:05
ord_63545170,c7c0de47-eb3f-481c-8c21-41718139924f,279223b90e7919ff,prod_167414,delayed,2026-07-20 15:02:56
ord_86912487,a7f7fd19-c588-4b98-8af5-2b90f1b550b5,565d2b8855bd0588,prod_32938,delayed,2026-09-18 21:45:29
ord_73227492,0b7ed2dd-ad93-4b49-9231-956691b2274c,5fc24a2c7a3ed608,prod_499948,delivered,2026-07-24 11:31:53
ord_13943515,337c0b76-5081-484c-a99a-cdeefdafc5f7,ac793b849f59b726,prod_291369,delivered,2026-10-04 19:11:19
ord_5126257,07c1da78-1816-4344-ac62-6c637cb2cf02,b028fc5dcc2aa3bd,prod_628038,delivered,2026-07-31 19:29:28
ord_49597995,cdd26f4d-5278-4793-baab-fc0bb7c65ad9,8eaf7509ced48960,prod_914812,delivered,2026-09-01 05:04:47
ord_3870432,e065b801-d879-4d17-b642-23ec35e69863,38055967e818fb5b,prod_971366,delivered,2026-07-13 03:25:49
ord_82264795,4d912e42-4cd6-4bf3-8299-58e85ada76dd,b23094fb8f826c5f,prod_58655,delivered,2026-09-16 22:26:52
ord_95738908,90a19a1e-2732-48f8-b315-a606cbb1fe8a,d646992d06871c90,prod_792495,delivered,2026-08-26 08:53:24
ord_20561048,7057d009-c3d5-4f6f-a37f-4f10c6aacddd,3805ebba2dd4a6ac,prod_331535,delivered,2026-07-18 06:48:58
ord_94709340,67d0e165-a005-46ad-b219-6f08c16ccdd4,3c9961fb05abd29c,prod_765179,delivered,2026-07-10 18:39:00
ord_98810577,2f2bd504-c01d-4824-a417-084fddea7b87,99b9e2f698f5c7ca,prod_607314,delivered,2026-09-30 19:56:41
ord_23744145,6f4f71f0-839c-4a59-abbf-e00013c4d500,1739f85b135573f0,prod_970342,delivered,2026-08-27 14:32:36
ord_17669523,95a63fae-f772-4a9d-adbc-a80c384865f8,273ee9ac4f578007,prod_558582,delivered,2026-08-30 14:23:17
ord_11116532,599375bb-01ce-466c-8563-c4f06b551d4a,dfde91a5cfcb18a0,prod_278085,delivered,2026-07-15 02:17:47
ord_56314078,e528af20-0ef1-415d-aece-65dfaa62edaa,4e4651cd7b94d67a,prod_326858,delivered,2026-08-13 18:12:36
ord_16029189,89574ba2-20fb-49e5-aa7c-d734eca65edf,2d179ca0aa3712e5,prod_292075,delivered,2026-09-23 05:40:50
ord_7522634,b497a297-54a0-4659-bc9b-ac035e3c3c78,9cf4d9f01c05c886,prod_418373,delivered,2026-07-09 05:58:39
ord_59509188,637a6db7-7d72-403b-9049-4e4f36f627f9,0604ac17f42277fd,prod_380612,delivered,2026-07-30 03:12:47
ord_85560869,3c5f6bd8-71e8-481a-b7d9-b9e9c2a92140,187df9b5812473dc,prod_104837,delayed,2026-08-11 08:32:44
ord_8365183,41a518e2-1e72-46fc-86ea-28bcfb0c1f2c,37b40fb33be84db0,prod_67136,delivered,2026-08-09 09:26:40
ord_42176116,176ede0f-d2d7-4855-b157-f752d678ac60,ff1c181d84ec96e3,prod_31244,delivered,2026-07-23 14:22:02
ord_13082934,1777f8c0-d473-4d16-a041-05d60c88b2d1,0d9d0adf02771095,prod_464656,delivered,2026-09-20 03:10:04
ord_73025649,d330f044-f2bd-4b4c-8c88-9e2d64f4c9fb,071a94870b95f1de,prod_117301,delivered,2026-09-12 20:32:32
ord_37242488,e09dcd45-3633-497a-9819-f890bd01e112,b4307b2851915ae4,prod_534277,delivered,2026-10-01 01:43:34
ord_26062717,964d2667-c578-45c5-b0c1-d5f0f30f4bcf,56cc6222293acd21,prod_584004,delivered,2026-10-05 01:58:36
ord_87926734,6ca02d43-feee-411e-9b43-0c4f2eae181b,b5063df9b424254f,prod_597347,delivered,2026-09-13 18:02:27
ord_82410193,7453b8d9-2991-406d-ba68-a8737016ff35,78da34321cd1cb35,prod_173148,delivered,2026-09-22 12:09:34
ord_98979351,bf138d20-bab8-4c06-886a-4934f4c92516,d59acda2f640f0c5,prod_79046,delivered,2026-07-09 20:31:17
ord_2238007,902aef22-24b8-47cc-a85a-ff2a92635e29,d6953ab9f1e52ad0,prod_418373,delivered,2026-09-21 15:54:56
ord_44649538,872b0665-be40-49b6-b1b7-45d42adee1e8,7b074b05165dc33c,prod_611878,delivered,2026-08-11 06:34:11
ord_90193094,381d49f6-ad7a-43c9-8f4a-1f430c300863,c85ccb8b79753363,prod_69403,delivered,2026-09-12 11:06:32
ord_42477264,da18b731-440b-44ff-9dc3-3bb73fecf414,0d17c47fb158f552,prod_599,delivered,2026-08-07 06:45:25
ord_95201836,bce0af83-7ff5-4c88-b12f-c51ced28335e,f1e7fc41cfdf2632,prod_803035,delayed,2026-09-14 09:00:04
ord_78765336,87a3507f-4c21-46a9-807c-3e1e03da9aad,8128b10c94cc13c3,prod_117301,delivered,2026-08-31 03:28:26
ord_96923390,f55db502-7940-44c9-b7bf-6a520e96007e,f9aa348bc0686f94,prod_199659,delivered,2026-09-12 12:38:03
ord_49158124,66b4c431-8ec3-475e-a98b-6caf022344ad,320572fd68411bba,prod_655674,delivered,2026-08-19 22:54:24
ord_69302042,4b95fca3-2178-479a-bd52-df44cdf5dc1d,737c1f85b773b9f0,prod_163032,delivered,2026-09-26 03:10:28
ord_1902027,e4a8c9b4-bc2d-4a66-ad73-02630405d043,ed4b61d0b3731229,prod_356699,delivered,2026-08-17 17:49:41
ord_89187054,d033c245-41d3-407b-a239-2a458d8b89f5,c99cf4b2065c3454,prod_346479,delivered,2026-09-08 06:05:02
ord_54112975,2db68522-be14-4eee-b016-d0be1e913daa,c6d413a31147003c,prod_259947,delivered,2026-10-04 06:20:40
ord_55885406,165b5878-7df5-4554-9019-7a1c4733f079,4d091689d0c6408a,prod_556116,delayed,2026-08-15 12:55:43
ord_89620191,76764b5b-30c8-4ef2-b33a-2f36ac4d9b86,89516acdb71c29ad,prod_978593,delivered,2026-09-17 18:12:16
ord_89877717,2c2597b7-3f19-4975-ba5d-119b01e013da,dd8af577c4f949da,prod_803035,delivered,2026-09-07 18:58:22
ord_8252163,486b25de-819f-4bd4-a256-2010f440f2fb,05cbfd67d3eeed27,prod_548177,delivered,2026-08-14 04:30:41
ord_8718099,46ccd65d-b0e9-4d61-a9cb-1c47fc04bdb4,230a46393af1eec7,prod_876638,delivered,2026-09-21 06:36:44
ord_25895959,38f06b3d-dd30-491c-bc96-8a6b94a340d8,02998d018ad1931f,prod_229974,delivered,2026-07-16 12:47:18
ord_67313639,8d5419bb-c84f-48c3-a44a-60bf29b70f2c,d76c42134a79753b,prod_249565,delayed,2026-07-18 20:58:21
ord_97838961,e8ae08f4-0353-4d54-8517-d56c33619ca9,5986fa7813618fbb,prod_702258,delivered,2026-09-07 18:18:15
ord_35787268,620361e3-029b-4cbb-b161-0302ade15cc2,150341c920e84f10,prod_326858,delivered,2026-08-02 04:29:47
ord_11270088,cb76afb7-ffb4-4b37-a3bc-1675ba9217f3,6cd5d892bde5e5bc,prod_628038,delivered,2026-07-19 14:56:43
ord_23163997,7c4efc21-f203-410f-89e0-9e21c31270c7,a444ed25aadb4757,prod_821414,delayed,2026-08-01 18:13:38
ord_5973820,cabfa781-8fe2-4243-af92-55ab3ed5d207,12aa5655592ee834,prod_20422,delivered,2026-07-25 06:29:24
ord_36980400,a769b841-abdb-4d7b-bda3-dafff898f507,c1aa1094e72ac05b,prod_426156,delivered,2026-09-13 04:25:11
ord_81675383,63d49ef5-9777-47c0-978d-3bf04eb4baef,424adb75d62cd6c4,prod_398382,delivered,2026-08-15 14:48:58
ord_26666834,311c8da3-4027-436b-809d-b18ae90c2039,d983f318fad1b827,prod_693384,delivered,2026-08-24 20:11:50
ord_92437991,26bf2f56-cbea-4957-9877-f14b25742f99,f1d110fcfc988eba,prod_563054,delivered,2026-09-01 13:00:26
ord_67842475,145e51b3-1976-4d4a-9c85-db9fce7d2265,f00788fe1990b19c,prod_173148,delivered,2026-07-11 09:13:33
ord_54928808,ebf8a075-7708-4e77-bf46-a47676c92776,5a2d91d9e7f80ba1,prod_91161,delivered,2026-07-29 08:52:56
ord_23215400,64734471-3d94-4fb4-a0ff-74937cac189a,2de18476766c699c,prod_821414,delayed,2026-09-22 03:51:49
ord_432769,5f3ee28d-a068-4b3a-97c1-bdd6b6f23373,e740a759e34c0a6d,prod_901393,delivered,2026-07-13 00:29:48
ord_41763795,07b88048-f7cd-48a4-8613-664d756a8558,95c18e113313b6e1,prod_897546,delivered,2026-07-10 01:23:19
ord_36743866,84bb4c1f-7ddd-47d6-ae9f-5cd60c8e7527,557a79e253a19c15,prod_988712,delivered,2026-07-15 05:18:20
ord_75237007,f8473efe-c5aa-4a89-a1e9-ee3fc1386313,6df7d27548c1167a,prod_869693,delivered,2026-08-17 18:39:50
ord_47068114,45fe5f05-6b6e-435a-befb-e0b84b0e0d59,157efc3c99e898a3,prod_397887,delivered,2026-07-18 10:52:37
ord_15799382,f377b20d-6ba0-47af-af75-0d9b870a85fc,b7625141937a2ddc,prod_208496,delayed,2026-07-11 07:42:39
ord_62579321,f2f1946b-c126-4eb0-9c10-c0e8a24851a2,b42abc5e710f69ae,prod_509231,delivered,2026-07-21 22:44:21
ord_76258924,c27bcaf1-2773-4d20-8562-34e26378f5d4,1b8c739a67adaaf2,prod_671088,delivered,2026-09-16 19:06:01
ord_93454755,b2e7f98c-09ec-4131-9cec-e915834e774f,df961ef1ad6c11c8,prod_539131,delayed,2026-08-22 04:58:08
ord_75992639,dd00ea50-a124-4581-b372-ce98af746123,f882cf0448a4d34d,prod_200896,delivered,2026-08-10 12:46:31
ord_62143529,0afbc846-0ad4-414d-9775-b19e8d506c76,9da721207cd01b35,prod_902931,delivered,2026-08-28 16:57:37
ord_11832897,779440b0-0122-4031-8e07-6e5d3df40af2,c49e0354b77d4132,prod_256150,delayed,2026-09-29 19:49:04
ord_12154988,5f6e047a-9e4c-4f9f-baa3-8d08a3d909c7,a3f3026b3c420710,prod_509597,delivered,2026-08-26 11:04:15
ord_24494865,472d2b3c-d642-41a7-b5ed-c3ab7e5a5316,d455cb2cf832bf5c,prod_6814,delayed,2026-08-27 07:55:23
ord_11598781,30fd2272-d1b1-4f0f-b1ac-c416caf7227b,873b93018b384ba2,prod_426156,delivered,2026-07-15 03:24:38
ord_24918714,5aa7cced-a815-4326-bbf8-514c6c5be268,557f5f9240c92f31,prod_970342,delivered,2026-08-04 10:52:50
ord_42614301,c8c9fd17-4132-44c1-91df-ded189a9fec7,b821fb1050b87de3,prod_701474,delivered,2026-10-01 13:09:11
ord_79342612,ddd37332-6d06-4f52-9d4b-7f2785bb4fd9,a6a3ceb4f89e9e3f,prod_772246,delayed,2026-08-18 12:10:31
ord_2698765,d6d832d6-1b91-4b79-97de-874479be7260,2607d823a1f57a11,prod_261941,delivered,2026-08-27 19:56:13
ord_22727871,f0008a5e-a72d-4495-87ce-6692f67cd733,1f00626c02aadc08,prod_582765,delivered,2026-07-19 15:52:16
ord_1401059,a3ed4fce-7b28-4292-95c0-fb51365d66f1,f3b51f1670088f4c,prod_582765,delayed,2026-07-28 10:47:33
ord_85623611,a9e4f7f0-22fd-4ca1-bbfe-6b174f7814e9,af15fc1ee13590e2,prod_52578,delivered,2026-09-17 17:32:08
ord_50268506,70ce3ead-7f21-4f28-82f7-4959a0759202,84b8f85a481ce30c,prod_103198,delivered,2026-09-29 06:05:05
ord_61787010,d76dac81-34ca-404f-b209-8912d54ea21c,dea88354fb243c46,prod_772246,delivered,2026-09-19 18:43:52
ord_10908536,5daf3747-f472-46fc-9125-b6fdeaed62e6,f97e135c305de049,prod_823267,delayed,2026-07-22 17:01:13
ord_97210781,09bee171-2b50-47a3-a712-9f79a6d5adfa,aa6269ffaad3b564,prod_258175,delivered,2026-08-24 17:05:03
ord_33115824,99e9ce78-508d-4469-b0ce-b095db1c988a,199168d64c976cb8,prod_685197,delivered,2026-07-19 10:13:12
ord_41309843,d223a9fd-e3f2-45df-8403-7f4b32eebdc4,ae6cb5a329510df4,prod_82582,delivered,2026-07-10 11:46:12
ord_91387588,9903d2b4-0b9c-4032-9241-88bf78f4c003,7bceb903e06becb9,prod_694022,delivered,2026-08-28 15:15:13
ord_86210380,75672c34-2024-4e8d-b422-fbf0e6631418,11701070e161712f,prod_999816,delivered,2026-08-03 05:40:25
ord_25647136,ceff5506-7c98-48cd-9cdf-ddff458d92e0,3f199074f112a1bf,prod_968114,delivered,2026-08-09 15:11:51
ord_99067510,9687a12b-f390-4e5f-b8a6-6345c483bcbc,924a9485dfef1048,prod_717870,delivered,2026-08-04 07:10:21
ord_17815365,a536ef0a-a711-42bb-9715-17d7bdcd5712,e0081cbbfe1a4769,prod_655674,delivered,2026-09-14 14:51:55
ord_41672868,b2027120-6cd2-4166-8f4d-816e767a4108,c9a74ea865139d57,prod_631262,delayed,2026-08-05 11:09:43
ord_50910187,3714bf05-eac0-471a-88be-cdd5729fea92,d442a3ed0fae6b04,prod_59642,delivered,2026-08-21 13:02:14
ord_94746168,df4f6bc4-0875-4063-9593-159ff2e46375,cb70e6de99afa085,prod_98907,delivered,2026-07-12 10:53:12
ord_38530763,043bf562-c572-4bf9-8646-380d42fec2d5,b6ef40588ce1172e,prod_974230,delivered,2026-08-11 16:16:56
ord_23891297,8fc66156-164e-410f-a478-0835ca283925,392bcedfc150a26b,prod_192401,delivered,2026-08-01 21:20:59
ord_37441833,3f82da78-9bad-4ef3-8961-533eb4444b39,ad074a83c12e47ca,prod_901393,delivered,2026-09-17 15:35:51
ord_18847668,50cd6f15-89e0-45c8-911d-e9cedc103446,6c363d19aba3bb5d,prod_661759,delivered,2026-09-12 08:29:00
ord_75838379,e2e853bb-6fbc-4a7c-a7e1-509c9d3d4a29,f3371b64a338d384,prod_415011,delivered,2026-09-04 10:39:43
ord_42351193,30f9a405-c7b2-47a5-bf78-decb8c5fc436,7014700fb9d35076,prod_683823,delivered,2026-08-13 23:32:19
ord_55563827,b7fa9036-edda-4138-8a79-91587436564f,6ce870b56b257840,prod_201629,delivered,2026-08-07 21:25:13
ord_30327888,f0f1470c-12ad-4faa-92e5-f16f605f2dd2,aa3128af0ca58cf4,prod_238968,delivered,2026-08-22 22:52:04
ord_25265855,a353a69d-5bbe-4d2d-97f5-f050571f111d,0f352b6fab3303c6,prod_735392,delayed,2026-08-30 05:22:28
ord_26739479,7462cd6b-9ff8-482a-a343-397d7e8a4dbf,eaa2a064783b39ff,prod_708011,delayed,2026-07-13 16:12:49
ord_39585149,5299cccc-9aba-4051-ac06-abcf4233f353,33240e4c84677fd0,prod_790170,delayed,2026-09-28 12:42:50
ord_93624671,05828a26-d212-4ae6-a568-7ea6893d0c53,4edada9f33e14fd9,prod_592683,delivered,2026-08-24 05:22:50
ord_59001888,18ce86e1-f63b-408c-99ef-d9394c2f548e,74aa6f847d7e246f,prod_292004,delivered,2026-09-18 08:46:55
ord_35506648,b4aaf8c8-e3e1-42fb-8306-91f9968e0fd2,1980b30f562231ac,prod_346479,delivered,2026-07-09 02:29:27
ord_12403336,2b2b643f-5c68-425e-9de3-b5b747bed2e5,f3cd201428a2aba7,prod_839482,delayed,2026-10-01 21:46:56
ord_47667842,d15fb485-cccc-4ceb-ad6a-d88564f02b8b,f53c06d79fa0a01c,prod_149811,delivered,2026-07-18 12:53:16
ord_77671284,43224e35-a404-4f17-8479-79471e7bf024,1eb511a71758860c,prod_101639,delivered,2026-09-10 09:05:08
ord_48803337,705a03dc-859f-4f4c-832d-0d91e69efea5,926d1fdd6bd76910,prod_398382,delayed,2026-08-05 15:17:40
ord_86144415,6ffae57a-f704-4ad6-bc1d-25e324511d3a,5a096bf40b99c2e3,prod_102664,delayed,2026-09-11 07:19:12
ord_60354107,d5a242cc-102a-4c23-b792-9b0e89c797af,0b828ec1b7c558ef,prod_340035,delivered,2026-07-18 21:34:38
ord_84694930,b36efabc-acf9-4320-afa3-0c33051acb48,0ab209f9a9e5cfc6,prod_414850,delivered,2026-10-04 02:33:31
ord_92212930,4c76aae1-418d-4f36-a74a-0f7a818a1a1b,4b00d61cbfc725da,prod_556926,delivered,2026-09-02 09:44:33
ord_22880719,d1b00e60-3f51-4461-afd4-056ccca50bec,58a46ca01d1d3f00,prod_709570,delayed,2026-08-02 15:30:11
ord_78547299,2e3227bb-cfb0-4166-97e1-347f744042ab,1d0c0e2804e8d0c5,prod_920659,delivered,2026-07-18 18:58:57
ord_51765186,87e4c999-06a3-4703-b729-0e26c812f700,0710e72c663cd427,prod_510311,delayed,2026-09-20 06:11:20
ord_72202263,36e2a47e-8271-45bd-ade4-f621b5575f42,24d5966c946bd239,prod_604201,delivered,2026-08-01 19:07:50
ord_76331139,68603c19-9c6c-4afa-8416-af166eba16a1,866a991313421938,prod_598782,delayed,2026-08-20 08:18:24
ord_94246006,82ef0dda-987f-435f-9eb9-b4523a22442d,295240a442e8cf0b,prod_125710,delivered,2026-09-28 02:23:22
