session_id,timestamp,gateway,method,status,error_code
609e2a07-4fdb-42a7-a749-d23e3fe65fa9,2026-09-25 19:27:20,Adyen,Credit Card,success,
314e3467-03da-41d5-84db-3e604c7c33bc,2026-07-19 16:26:29,PayPal,Credit Card,success,
2d5a93b4-37a0-4acc-a8c5-6d2551135fdd,2026-10-02 05:14:51,Adyen,Credit Card,failed,INSUFFICIENT_FUNDS
71bca049-c55d-424e-8ed2-6a7eb0ecd114,2026-09-06 17:42:19,PayPal,Credit Card,failed,INSUFFICIENT_FUNDS
c7123c43-e0ae-4c89-b6b3-e7589c3d38f0,2026-09-30 10:08:10,PayPal,Credit Card,success,
eced67cb-45af-4975-ba37-6f6a62c874f2,2026-07-24 06:07:40,Adyen,Credit Card,success,
ad010ad1-0250-4ad2-8ab1-df0fbfcf7f8f,2026-09-22 22:11:22,Adyen,Credit Card,success,
0d59668d-e25f-4a98-855a-76720df7bbaa,2026-07-15 05:13:30,Stripe,Credit Card,success,
92bcc1e2-9a0b-4c86-886c-3cba7fc8de22,2026-09-08 18:13:36,Stripe,Credit Card,success,
68014a86-67ae-4de5-8b57-a95216586e59,2026-07-25 19:33:15,Stripe,Credit Card,success,
71400828-5739-44ce-98d5-3d908375f9ea,2026-09-14 04:04:15,PayPal,Credit Card,success,
cfb9021d-3fb5-4140-ac2e-b99718835a2b,2026-10-04 03:09:45,PayPal,Credit Card,success,
c5265483-d24d-4c34-af2f-aba2cadda675,2026-10-03 23:21:59,Stripe,Credit Card,success,
18730ca4-77fc-4b6d-b673-c23e6e4421b5,2026-09-19 09:44:11,Adyen,Credit Card,failed,INSUFFICIENT_FUNDS
fcff3981-c16f-4825-a87c-fd29f3e7a1c0,2026-09-24 18:53:52,Stripe,Credit Card,success,
ed4047b7-0841-42e5-82a0-3d6b0130494c,2026-09-16 05:20:28,PayPal,Credit Card,success,
8b2c990a-6c3a-48f0-9be6-757c52c17f6e,2026-09-14 01:02:59,Stripe,Credit Card,success,
24912f76-2d6b-4ba2-a8e1-b44e808e1f36,2026-08-20 18:31:11,Adyen,Credit Card,success,
2d7ea39d-2edd-4fea-973d-7b518a23990b,2026-08-03 20:36:47,PayPal,Credit Card,success,
cd080be8-0375-41dd-b21c-ffff39cca5b4,2026-07-16 07:13:20,PayPal,Credit Card,success,
e72c5df4-97fb-493f-b336-fb09497eeee4,2026-08-09 14:28:44,Stripe,Credit Card,success,
683158d8-e600-49c0-9de9-eb3ef26a6caf,2026-07-28 13:25:18,PayPal,Credit Card,success,
9262eaa6-be0b-4d89-bbf3-21b295781693,2026-10-01 23:32:48,Adyen,Credit Card,success,
89ee3ee0-818a-43a0-a4c7-c161e3908d50,2026-09-24 03:17:57,Adyen,Credit Card,failed,INSUFFICIENT_FUNDS
fee2ba64-1c10-4161-8911-9e06e8cb19e6,2026-09-30 15:22:51,Adyen,Credit Card,failed,BANK_DECLINE
1a289548-8496-4649-89a5-9c5a1a70b372,2026-08-14 06:50:55,Adyen,Credit Card,success,
58de27df-d7fe-4c48-ae30-935bdd94abaa,2026-09-19 11:46:23,PayPal,Credit Card,success,
a15ac9de-dcb7-41fd-a9cc-b4bccea274e6,2026-08-11 10:55:56,Adyen,Credit Card,success,
2ca404e5-26b3-4a89-8ebf-b802022ac57a,2026-09-09 18:10:14,Adyen,Credit Card,success,
39a0f334-16fe-4ce7-8692-c9e5074981ba,2026-08-01 11:40:52,Adyen,Credit Card,success,
592662a2-d172-4b48-b530-bd2cbf847508,2026-07-23 06:32:29,Adyen,Credit Card,success,
14543f93-3f4b-416a-b54c-ea4d19f44c17,2026-07-19 14:01:00,Adyen,Credit Card,failed,BANK_DECLINE
ed1d83dc-93fb-441b-93bb-f95dcab750ab,2026-09-14 09:20:34,PayPal,Credit Card,success,
17d0e377-62bb-4a6e-87c9-edc6caad3470,2026-08-07 16:13:59,Stripe,Credit Card,failed,INSUFFICIENT_FUNDS
77c88c30-d613-4f5a-acaa-a8669d766be2,2026-08-07 18:22:55,Adyen,Credit Card,success,
fd881351-5628-4b7a-a0df-e1100d820251,2026-08-13 21:59:31,Stripe,Credit Card,success,
5a55e2a2-848a-4cbd-86d7-c431bf09ab4a,2026-09-01 10:10:57,PayPal,Credit Card,success,
15daf850-3811-4936-a8d8-1fbbca6b32c3,2026-09-09 15:08:52,PayPal,Credit Card,success,
38e8465e-f7a0-4e1e-8260-08be696d1df9,2026-09-21 16:30:33,Stripe,Credit Card,success,
a172cf9f-fe5e-4793-9981-3a25a8bf8bef,2026-08-24 10:05:17,PayPal,Credit Card,success,
1fd50fd4-53f6-45f7-b0b0-1ba7c193b90f,2026-08-19 18:26:02,Adyen,Credit Card,failed,INSUFFICIENT_FUNDS
345f35b7-fed3-4376-862d-b67b15f78fab,2026-07-11 06:20:43,Stripe,Credit Card,success,
663d37d1-d073-4fde-aa49-cb6cd4f58703,2026-08-04 07:13:19,PayPal,Credit Card,success,
50faaa68-c4a1-4c1d-b2dd-1140b8223786,2026-07-27 00:39:36,Stripe,Credit Card,success,
4a800027-8999-4d54-a680-8e03507e2af6,2026-08-11 15:15:01,PayPal,Credit Card,success,
14d7caef-f74b-42e7-bdf0-0b969c2f20ca,2026-08-01 21:17:00,Adyen,Credit Card,success,
51a679b2-3e14-4db4-adea-076286937a3f,2026-07-20 02:02:52,Stripe,Credit Card,success,
eeff15b8-ef09-4e39-9d72-eed6964a3912,2026-08-24 11:43:53,Stripe,Credit Card,success,
6b658493-5ec9-45e5-9145-d3b339f91ffc,2026-09-20 06:52:29,PayPal,Credit Card,success,
15dff211-454b-4790-89af-bdb88ab5593b,2026-08-12 12:22:41,PayPal,Credit Card,success,
bb5dd20d-1c9d-4930-987e-ae43d7fb95a6,2026-08-29 08:05:31,Adyen,Credit Card,success,
401edfdb-eb77-4c37-b974-7e77de70570d,2026-07-20 18:25:48,Adyen,Credit Card,failed,INSUFFICIENT_FUNDS
8fe5fa60-8a56-460b-a028-96f2d8a6eaa6,2026-08-31 04:53:09,Stripe,Credit Card,success,
d7a06266-1cc0-485d-a931-82bfe82aed46,2026-09-30 03:25:37,PayPal,Credit Card,success,
6a7eee19-1be7-446b-acad-86671eb96cc0,2026-08-23 20:39:10,Adyen,Credit Card,success,
b5d92815-0c9f-4f75-9c62-37a03d57159d,2026-07-15 16:05:14,Adyen,Credit Card,success,
8c038fe4-6e59-48a1-b9d6-c852017ab318,2026-07-23 05:01:14,PayPal,Credit Card,failed,BANK_DECLINE
c062e6c0-ef1f-4f77-b0b7-97ca5575c84b,2026-08-06 23:27:24,PayPal,Credit Card,success,
ce3be30d-ce30-4d7f-8f9d-6d570dc64503,2026-07-28 23:11:29,Adyen,Credit Card,success,
0de155ec-11a1-43fb-bdbc-1bec8edb4804,2026-08-03 03:55:33,Stripe,Credit Card,failed,3DS_TIMEOUT
3f8a6eef-ded9-4fe1-9ade-6ca6f6a187a4,2026-08-07 00:02:58,Stripe,Credit Card,success,
f6008a59-4f1f-4352-8181-0d4315e33a93,2026-08-08 18:31:51,Adyen,Credit Card,failed,INSUFFICIENT_FUNDS
641a72f4-25d0-44bf-8ec8-d923c7faad7e,2026-07-26 02:21:32,Adyen,Credit Card,success,
eb13f248-362c-400f-bbc1-51a1fb930fd8,2026-08-17 02:59:28,Adyen,Credit Card,success,
9ee51043-77f0-4dfb-ae8c-f532e6ab6748,2026-09-25 11:12:32,Adyen,Credit Card,success,
68c24951-fc40-473e-9093-2599fb952789,2026-07-17 00:39:27,Adyen,Credit Card,failed,3DS_TIMEOUT
1642d277-29c3-402a-8139-5046982445b3,2026-08-16 17:15:40,PayPal,Credit Card,failed,BANK_DECLINE
0be1fca4-d293-4ddd-801f-f11ff30d2981,2026-09-30 21:14:09,Stripe,Credit Card,failed,INSUFFICIENT_FUNDS
56621a8b-60c0-46f0-97c2-0f3085204856,2026-07-26 16:33:57,PayPal,Credit Card,success,
51d068b4-135a-4f1a-8072-8c6b6d83801f,2026-08-25 21:02:23,Adyen,Credit Card,failed,BANK_DECLINE
ae34dc3a-04c2-4f96-b5c9-c556eca28073,2026-08-20 00:20:53,Adyen,Credit Card,success,
72cc3137-ff6d-4e1f-8ae8-0fd8f80ca0e1,2026-07-11 06:44:04,PayPal,Credit Card,success,
a15c9c14-9699-4f27-a4c5-b0fe4bd77be5,2026-09-15 09:22:23,Stripe,Credit Card,success,
d8ebc084-ce82-49c1-8c05-2e12421486a1,2026-10-05 23:35:01,PayPal,Credit Card,success,
0f637f69-aeef-49b1-a69f-8b83b9ebf11b,2026-07-15 06:08:26,Stripe,Credit Card,success,
07b79e17-3ff8-4fd7-9c4e-84c3394b9df5,2026-08-10 11:25:51,Adyen,Credit Card,success,
e9dd3a77-59d5-4a22-8857-9658f24690a7,2026-09-30 11:40:39,Adyen,Credit Card,success,
555ed03b-e5ce-4b30-8f5e-2d3fbf7ee44b,2026-09-29 14:07:21,Adyen,Credit Card,success,
debace05-daba-40e1-ade0-b1f5f4a4e720,2026-08-14 11:47:52,PayPal,Credit Card,success,
bd3d5cd3-dfb5-4b32-b62b-ccfea992f6e0,2026-07-18 03:48:34,Stripe,Credit Card,failed,INSUFFICIENT_FUNDS
ae4e86be-8167-4319-966e-de7a9508d8bf,2026-09-16 14:53:25,Adyen,Credit Card,success,
d1785f48-bbb9-40ca-8a19-942fd0cd2273,2026-08-10 08:22:30,PayPal,Credit Card,success,
fe62baeb-8276-4bd3-8fcf-26836925ae98,2026-09-16 06:11:41,Adyen,Credit Card,failed,3DS_TIMEOUT
b867ee2a-b02b-4ff8-8ee0-b51f49566155,2026-07-12 22:38:01,Adyen,Credit Card,failed,BANK_DECLINE
6e8a8951-1fe1-430c-9655-d96a48fca4f8,2026-07-25 23:01:18,PayPal,Credit Card,success,
1f206562-e2fc-4591-a37a-b072a4d92956,2026-08-25 19:06:45,PayPal,Credit Card,success,
d36d018b-8347-494f-889b-c82340106596,2026-08-22 06:01:25,PayPal,Credit Card,failed,INSUFFICIENT_FUNDS
05b1a7ad-fca4-4c58-921d-b8cbab1c2a1d,2026-07-27 19:40:26,PayPal,Credit Card,success,
4f189557-35fd-483f-bccf-97c39ea2da48,2026-07-18 19:59:07,PayPal,Credit Card,success,
35deab4b-6af6-4b60-aab3-bf1c8138bdd6,2026-09-02 06:51:58,PayPal,Credit Card,success,
97ce495a-27ee-4b0a-abe4-02caa5e71a9d,2026-07-10 14:35:25,Adyen,Credit Card,failed,3DS_TIMEOUT
fa088856-a98a-484a-a1fd-deca4a25d758,2026-09-05 08:29:40,Stripe,Credit Card,success,
51e0920c-3446-4193-93e7-f54492f88541,2026-10-04 03:27:27,PayPal,Credit Card,failed,3DS_TIMEOUT
13420c72-b8ef-4e65-8758-eb3df2402f61,2026-09-24 08:05:49,Stripe,Credit Card,success,
abb4f4cb-7f8a-4308-8d9c-a227044d1514,2026-08-11 16:25:42,Stripe,Credit Card,success,
2dfe6b0c-0934-4e31-9d93-3620c441b1d6,2026-09-12 06:46:23,Adyen,Credit Card,success,
7d4f0d9e-a4a0-471c-9643-d917f1a06da0,2026-09-27 20:55:36,PayPal,Credit Card,success,
4ddacd20-f0fd-4756-a420-7e7735f39ad2,2026-07-17 05:29:54,Stripe,Credit Card,failed,INSUFFICIENT_FUNDS
b6cbd00d-b5e7-4266-aea4-25dabb292574,2026-08-17 19:39:22,Adyen,Credit Card,failed,BANK_DECLINE
fd6d1ad0-b52a-4d2e-a1b3-0e7513842288,2026-09-24 13:27:54,Stripe,Credit Card,success,
349907d1-458a-420b-85bb-bff17887adec,2026-07-19 15:49:31,PayPal,Credit Card,success,
d2cb8fdb-da1a-418a-a7c1-8ea434c232ab,2026-09-19 16:45:42,Adyen,Credit Card,success,
b625c373-0124-45c9-a22e-306528f798fb,2026-09-23 05:53:19,PayPal,Credit Card,success,
5dd720cc-5e79-4f8e-ae9f-7cf28be51def,2026-08-02 22:20:39,PayPal,Credit Card,failed,BANK_DECLINE
fe9fd86b-82ea-4527-a4ce-6189ce49fadf,2026-08-13 13:03:15,Stripe,Credit Card,success,
7ee7e0b0-02b4-4881-9dbc-2dbf5538c342,2026-07-10 21:46:42,Stripe,Credit Card,success,
9007be2e-8be1-4d0c-89cc-4bc20ad014c4,2026-08-21 12:32:01,Stripe,Credit Card,success,
9de88006-501c-40ca-ae08-a6a5b66935a7,2026-09-14 02:23:03,Stripe,Credit Card,failed,BANK_DECLINE
44bf9fb9-058e-4902-9bf8-302614fc7b47,2026-09-01 07:01:26,Stripe,Credit Card,success,
5f28aa23-a4b7-42fd-8cb5-539dcb4ebf6f,2026-08-09 09:04:20,Adyen,Credit Card,success,
691d298e-a8d4-4792-9f16-47fe98fd8715,2026-09-04 08:12:15,Stripe,Credit Card,success,
eadc9c0e-243f-4e92-a09b-b6cf9656850b,2026-07-10 23:32:28,Adyen,Credit Card,failed,3DS_TIMEOUT
b2e8c1bf-dab7-476d-a46b-12b22c08deb1,2026-07-21 06:35:20,PayPal,Credit Card,success,
8fd9a573-86c1-416f-b2f1-f8440688bd20,2026-07-20 18:49:52,Stripe,Credit Card,success,
13cdfc88-69a6-47bd-adc8-8cc025040c4a,2026-09-18 11:47:41,Adyen,Credit Card,success,
bb733b36-1bc9-4aba-982f-b9a4a1bc18e6,2026-08-23 17:11:55,Adyen,Credit Card,failed,3DS_TIMEOUT
dc909e9b-c8be-4b67-8458-8588b8651d4d,2026-09-30 15:40:31,Stripe,Credit Card,failed,3DS_TIMEOUT
e3f3aa68-ac4e-4b97-86aa-1ab9ace638ac,2026-09-08 22:32:43,Adyen,Credit Card,success,
c7f53cf4-dc39-4b39-960a-e36a1013241e,2026-07-22 21:06:05,Adyen,Credit Card,success,
03b85951-eb2e-4255-9735-e9a95383b466,2026-09-03 07:28:18,PayPal,Credit Card,success,
146aecaf-8510-4ff5-bdf5-42ac079b6f55,2026-07-19 14:04:11,Stripe,Credit Card,success,
a808050d-94da-4ee2-9b3f-49af186b0f19,2026-08-21 07:39:25,PayPal,Credit Card,success,
06527a72-e471-4ae5-bc20-70a296cefae2,2026-08-13 15:47:46,PayPal,Credit Card,success,
9d8358a6-b66b-47ba-9aa2-cf8439948ffa,2026-08-11 11:17:01,Adyen,Credit Card,success,
f6f6a405-aae7-4da0-8c46-a00680e9e18b,2026-09-28 13:19:32,Adyen,Credit Card,success,
e44cbe17-201d-4b16-937a-01c3046a6ea0,2026-09-06 20:11:13,PayPal,Credit Card,failed,3DS_TIMEOUT
56da445e-ad42-4ef8-a671-dc0b2a4c5d68,2026-08-03 10:39:50,Adyen,Credit Card,success,
3157d4c4-7cd6-4e1d-90e1-d9a7bffba248,2026-09-10 07:11:56,Stripe,Credit Card,failed,BANK_DECLINE
cfa8805b-b414-4ad0-ab9a-2bd639dde474,2026-07-11 10:54:42,Adyen,Credit Card,success,
434a724d-3ee3-4bac-8197-b92d09e1f623,2026-07-13 14:03:11,Stripe,Credit Card,success,
bd6edefe-9a62-4341-bf97-6dc2b2e66ddc,2026-09-11 21:56:26,Stripe,Credit Card,success,
8541517d-e8bd-4ce9-bf82-df24d8ae5660,2026-08-19 05:14:35,Adyen,Credit Card,failed,BANK_DECLINE
fde6ffa8-1c57-4a37-b7c4-670a59da130a,2026-07-29 21:18:48,Stripe,Credit Card,success,
99051f4a-9bf2-4681-bad9-bd8a867f994f,2026-09-20 23:31:03,Stripe,Credit Card,success,
b29943cd-7a77-4bf4-9eb6-e4a5f95aed6c,2026-07-25 12:52:01,PayPal,Credit Card,success,
d502a3fe-3e12-4e7a-b6ed-bc21b9404c9a,2026-07-21 00:29:42,Stripe,Credit Card,success,
5ed4485b-9384-429d-abef-8818652f218e,2026-08-26 01:09:39,Adyen,Credit Card,failed,BANK_DECLINE
687b9631-c5f4-4780-b831-45ce904f1814,2026-08-11 20:43:52,Adyen,Credit Card,success,
7879db30-216d-4c45-8b57-390581eb0792,2026-07-12 14:02:17,PayPal,Credit Card,success,
6acff5e6-9c2f-476d-8d5f-eda2f25dfa60,2026-09-30 04:19:59,Stripe,Credit Card,success,
7f9b65d3-b0d1-465c-8cb5-14b2547735b6,2026-08-16 19:15:14,PayPal,Credit Card,success,
5bc01daa-3c9e-46fb-820e-fb3cbd7c85ab,2026-09-28 11:15:41,PayPal,Credit Card,success,
c346b84c-d664-4461-81a6-80b473c1829a,2026-07-18 18:08:41,Adyen,Credit Card,success,
164ab5b7-2e74-48a1-b4b3-bba76afa103a,2026-07-24 19:14:03,Stripe,Credit Card,success,
02e7aa5e-2b25-4ddb-ba8e-6611e4496676,2026-09-10 02:54:59,PayPal,Credit Card,success,
ee50e32d-5e7a-4eee-be8d-3a239df8c503,2026-09-07 10:40:56,Stripe,Credit Card,success,
73f0f94f-f04e-4dea-8b66-061ca2c83c68,2026-09-01 06:49:49,Adyen,Credit Card,success,
209a834c-84c8-4619-ac2d-9e4e1bb14d49,2026-07-23 03:13:17,Adyen,Credit Card,success,
df5d67d2-4e84-4122-a2ec-bb8bca7b6da5,2026-09-07 18:41:58,Stripe,Credit Card,failed,3DS_TIMEOUT
8dec132e-8647-4019-8e9a-a082b6406509,2026-07-13 22:21:38,PayPal,Credit Card,success,
5dbcbf76-60d1-42db-87df-3d7aef5a30d8,2026-08-22 07:24:28,Adyen,Credit Card,success,
f786abb6-91d6-4d8d-8f43-221a66df5eba,2026-09-23 08:32:03,PayPal,Credit Card,failed,3DS_TIMEOUT
85124f4b-4648-4c8f-80c8-d12875864dca,2026-08-08 16:41:01,Adyen,Credit Card,failed,BANK_DECLINE
b0bc2ec3-49c1-4c16-b93c-353570c8426f,2026-08-09 23:14:59,Adyen,Credit Card,success,
ac6d5309-a5a9-4370-a682-8487dc9bf3b9,2026-09-29 03:45:04,Adyen,Credit Card,success,
f07c3f82-04da-4673-ab77-e4b1f3d16eb6,2026-09-10 05:22:03,Stripe,Credit Card,success,
2beeb333-d71a-4c04-87e6-d05ae5343286,2026-09-26 23:04:26,Adyen,Credit Card,success,
4e5beac7-a7dc-41a2-9bc2-a553c87a68d4,2026-10-05 01:37:24,PayPal,Credit Card,success,
e6eb4d37-c248-4f83-819f-0f5f7b9f8c1f,2026-08-26 20:20:02,Stripe,Credit Card,success,
3f93f663-4c3d-4a9b-99f4-e153c63cf4c8,2026-07-29 06:34:20,PayPal,Credit Card,success,
eb1b3a86-ba40-411a-b745-cb8f8020b0f1,2026-07-27 02:52:00,Stripe,Credit Card,success,
970290d6-7e05-4c8b-986c-6e1ec8949a09,2026-07-21 20:00:52,PayPal,Credit Card,success,
ee2ce7b0-dfe9-4e89-a316-a3c485a238f2,2026-09-22 23:54:52,Stripe,Credit Card,success,
72c2826a-79d7-4cf5-a37d-c95ec55a9d2a,2026-07-21 04:49:57,Adyen,Credit Card,success,
dfeb8644-6130-4444-974e-5dd16e627ca2,2026-09-22 13:50:47,Stripe,Credit Card,success,
152a9180-eaaa-441f-8014-9c8fea855eb9,2026-09-24 23:41:46,PayPal,Credit Card,success,
97f08d13-2045-4173-9cbf-4a2c3ae4e192,2026-07-24 05:05:36,Stripe,Credit Card,success,
3a071a47-ecc6-4c46-a194-e5726c7dc1cc,2026-08-05 03:42:41,Stripe,Credit Card,failed,3DS_TIMEOUT
bdd2e8e3-8df0-453f-a35b-4a3d6e90f75f,2026-09-25 18:31:12,Adyen,Credit Card,success,
d0255d81-e945-4f33-b3c5-850b4c5721a1,2026-07-11 01:36:42,Adyen,Credit Card,success,
4107dc25-c768-4561-a0e4-c580311acb43,2026-07-22 15:47:15,Stripe,Credit Card,success,
1230b707-3fd6-4257-a551-c3fa660a75fc,2026-07-21 20:05:22,Stripe,Credit Card,success,
1451ffe2-6b02-433f-a417-4cdfdadb7cab,2026-08-23 00:34:16,Adyen,Credit Card,success,
6739b2a0-a194-4112-a5f9-3493b869305d,2026-07-22 23:52:03,Adyen,Credit Card,success,
c478014e-e3f9-46a1-8311-20684d829df7,2026-07-31 23:12:55,Adyen,Credit Card,success,
ce2a4342-ca46-456c-9997-8fbe555dfe75,2026-07-08 15:06:27,Stripe,Credit Card,failed,BANK_DECLINE
cf326332-3164-45be-a3ce-3730f2833e58,2026-08-28 07:16:50,Stripe,Credit Card,success,
1064a4e8-231a-4e1d-8d13-869865ec1b28,2026-08-28 13:16:30,PayPal,Credit Card,failed,INSUFFICIENT_FUNDS
e46d576b-2d81-4346-bdb5-b2c7f561dc5c,2026-08-26 18:18:13,Stripe,Credit Card,success,
e9f7dccb-9002-42d1-b526-47ebb334c884,2026-07-15 00:53:02,PayPal,Credit Card,success,
b88b9bdb-8721-4d5d-bce1-e560b4b45071,2026-09-21 09:11:59,PayPal,Credit Card,success,
ad8a7916-d05d-44de-8c03-5a6a6f09ce94,2026-07-21 10:19:44,Stripe,Credit Card,success,
8b9e3cbc-e607-46d2-a099-cfa6a69d273a,2026-07-26 04:11:51,Adyen,Credit Card,success,
7cec3493-1f9e-468b-ba48-93f0b5cc75b8,2026-09-21 20:07:07,Adyen,Credit Card,success,
e0b7e03c-c1a1-4105-8d8a-787099e448ed,2026-07-12 13:06:49,Stripe,Credit Card,success,
06c12bbf-b2a6-430d-b359-e084cf41bb1e,2026-07-26 14:47:17,Stripe,Credit Card,success,
20cfe473-46b1-4813-acf0-5e6d7c087fbf,2026-09-17 01:41:29,Stripe,Credit Card,success,
4e2cc001-14bf-4b46-ac34-8c81557c69b7,2026-09-26 07:39:45,Stripe,Credit Card,success,
b0777f9d-603e-47a0-9b67-a64e8d28b925,2026-10-04 23:39:40,PayPal,Credit Card,success,
d8f5b346-f443-4a39-8cf3-0b073343a968,2026-08-12 18:02:48,Stripe,Credit Card,success,
23a537bf-0b60-4478-aafe-f9f42b1a866d,2026-08-20 13:55:15,Stripe,Credit Card,success,
bb43e644-6729-4834-8fc4-1856539cb3ea,2026-08-28 21:11:40,PayPal,Credit Card,success,
e32c59c1-2015-4635-a6f4-ef2968c03615,2026-08-13 02:31:13,PayPal,Credit Card,success,
e6e17c48-735c-449d-be68-73945d238049,2026-08-25 04:02:52,PayPal,Credit Card,failed,INSUFFICIENT_FUNDS
a87cac6f-bfd0-4f71-972d-7416c97f2e07,2026-08-21 08:48:03,Stripe,Credit Card,success,
32689397-d6c2-4a76-bc26-2b147a350d60,2026-07-17 00:02:04,Stripe,Credit Card,success,
9b4fce3a-a39a-4320-81fc-074e67312c14,2026-09-29 03:17:03,Adyen,Credit Card,success,
8f106f09-1855-4028-9df2-d0242838d9e4,2026-09-14 11:05:59,PayPal,Credit Card,success,
0fff96f6-4226-444d-8a54-5d03a94ec222,2026-09-23 05:10:10,Adyen,Credit Card,success,
a91bee70-1fd5-434e-ac92-9a31cbf184dc,2026-07-11 00:42:28,Stripe,Credit Card,success,
959ea2cc-062e-4101-a3a6-f6251442a07a,2026-08-22 20:36:16,PayPal,Credit Card,success,
3a6d66d9-70c5-4004-9326-f62df801361f,2026-09-05 21:24:20,PayPal,Credit Card,success,
60b592c0-2bc0-45b6-a7de-42bc2dc00ebc,2026-09-02 07:05:05,PayPal,Credit Card,success,
6df318e5-6cde-49cb-b9a9-7df046a997b4,2026-07-15 16:17:34,PayPal,Credit Card,success,
2017fd38-8cf8-4cdb-9e51-f0f14fd6150b,2026-08-19 11:31:54,PayPal,Credit Card,success,
359d6f88-4b30-4b44-979f-8c5875b502f9,2026-07-24 11:08:22,Adyen,Credit Card,success,
fa0b1b2d-797f-43e1-b39d-054a4ab68605,2026-07-30 08:51:09,PayPal,Credit Card,success,
df05b4fb-a5f3-4987-abc3-7db2eddb3402,2026-08-26 06:33:02,PayPal,Credit Card,failed,3DS_TIMEOUT
c65c8d71-0776-4e88-b42a-b1963ead4a7e,2026-07-16 08:44:07,Stripe,Credit Card,success,
75345e9f-91b5-4925-b14e-568c7d0d8df2,2026-08-03 04:09:43,Stripe,Credit Card,success,
cfa26be2-5a90-4ca1-855a-f4e2150a275a,2026-10-02 18:58:57,Stripe,Credit Card,success,
324b1dd9-ee13-4b63-95de-cebd397075af,2026-08-06 19:23:52,PayPal,Credit Card,success,
f35bab7e-449a-4d35-b608-5b79abd8b9a7,2026-09-30 01:13:16,PayPal,Credit Card,success,
85027bd7-d2bd-4f21-89ba-316f38945eaa,2026-09-16 11:49:30,Adyen,Credit Card,success,
f6f43686-0da0-4f86-9988-a351e05834cd,2026-08-25 18:25:41,PayPal,Credit Card,success,
20f24904-1d32-4470-b18f-430fc67ae2be,2026-09-03 02:45:27,PayPal,Credit Card,success,
e017340b-a007-43b1-9a9d-ef06f492d42f,2026-08-12 23:47:50,Stripe,Credit Card,failed,INSUFFICIENT_FUNDS
ae62f85e-ea82-4ffd-bda7-70440c2d7573,2026-08-12 16:13:01,PayPal,Credit Card,success,
1d9de2ec-ce80-4947-9f0e-cf2a32da462f,2026-08-12 23:23:19,PayPal,Credit Card,failed,INSUFFICIENT_FUNDS
0c89c599-60c0-48ef-bce9-c051a56581c0,2026-08-16 10:45:56,Adyen,Credit Card,success,
4352ecea-6872-4b32-b0e3-541792970a83,2026-07-21 18:47:15,Stripe,Credit Card,failed,BANK_DECLINE
ed007315-ef3e-4eb5-a9dd-8c3a9a923360,2026-08-27 12:41:00,Stripe,Credit Card,success,
abe69c3b-758f-4992-81e1-3359e20701ba,2026-08-26 17:35:08,Adyen,Credit Card,success,
ca567442-e81f-4166-9a96-d17efa93b5a9,2026-09-03 03:10:05,Stripe,Credit Card,success,
73d0c659-d5c0-467c-84fc-3373d87f5af9,2026-07-28 14:36:22,PayPal,Credit Card,success,
1f7f40cc-2db5-4468-9970-51a84856ef93,2026-08-23 22:08:50,Adyen,Credit Card,success,
3bc12da7-f0b4-41bc-9a80-e675905d347e,2026-08-22 02:33:31,Stripe,Credit Card,success,
1b90e211-7a21-401a-9755-033c19022f40,2026-08-04 13:36:03,PayPal,Credit Card,success,
3dcbe87a-e0fe-4006-b80e-ebafaa56eca0,2026-08-31 15:53:49,Stripe,Credit Card,success,
e32d173d-9e3d-4a2e-bf51-836be17f06e7,2026-08-06 08:57:57,PayPal,Credit Card,success,
bdcbfb96-0608-4820-812d-1a9e57e3fc16,2026-08-11 08:14:38,Adyen,Credit Card,success,
aba5e7f5-1f56-46de-971e-051311119163,2026-08-31 21:29:38,PayPal,Credit Card,failed,BANK_DECLINE
62e434c5-5c00-4165-94ea-aa333d55f9a6,2026-08-15 18:47:52,Adyen,Credit Card,success,
985aee97-c0e5-4039-8196-a59d8eb59d3c,2026-08-02 09:01:49,Adyen,Credit Card,success,
2000413f-cf43-4609-9c72-5f5baa43b891,2026-07-31 02:01:21,Adyen,Credit Card,success,
4bff384f-d321-491e-abb3-80cdd0d68b3a,2026-07-21 19:47:31,Adyen,Credit Card,success,
2199d94a-a900-4855-adec-ad0ce8961e57,2026-09-16 16:27:29,Stripe,Credit Card,success,
104d0ccd-73a6-4d55-ba75-f870caa65267,2026-07-25 13:04:57,Stripe,Credit Card,success,
b18dd666-3b41-403d-8897-c2a740dadc71,2026-10-01 14:25:38,PayPal,Credit Card,success,
c3b50f50-2705-4a1f-971b-b59f16b089f3,2026-07-12 02:46:02,Adyen,Credit Card,success,
f2de5814-ae70-4f31-9921-58853e528659,2026-07-18 21:30:10,PayPal,Credit Card,failed,INSUFFICIENT_FUNDS
42abf1c2-562d-4c9e-8f6e-b2bbdbd3a138,2026-09-08 17:50:12,Adyen,Credit Card,success,
8cf46272-6eb6-4c10-930d-45e05df75d9f,2026-08-26 10:21:34,Stripe,Credit Card,success,
b7451395-e516-4ded-923f-3a952e2a7b09,2026-07-19 09:57:16,Stripe,Credit Card,success,
538fcd48-5e7c-4c53-b90a-87143be5e50b,2026-09-09 10:04:56,Stripe,Credit Card,success,
9a187e38-ceb6-4fce-a783-66d6eceb523b,2026-09-01 14:29:11,PayPal,Credit Card,success,
0e117943-af6b-4ae6-94cc-f402f6ffad42,2026-09-29 14:26:13,Stripe,Credit Card,success,
e4610829-5402-4a1c-8445-38c0288b42c0,2026-09-08 11:48:08,Stripe,Credit Card,success,
302964c5-452f-46d6-94f3-6c651896e308,2026-08-27 12:09:02,PayPal,Credit Card,success,
2b917d5a-38a8-4296-b48c-1a5f4575da9c,2026-08-16 20:09:10,PayPal,Credit Card,success,
6e700e70-9541-47e5-9c94-efc126416d19,2026-10-02 16:11:50,Adyen,Credit Card,success,
b5704c08-e410-499f-8690-03b0e22622a4,2026-09-02 01:57:51,Stripe,Credit Card,success,
61e72817-0a79-4219-9272-ebda15908c51,2026-08-29 13:58:11,Stripe,Credit Card,success,
768b0702-ae47-4e95-8a3a-f3518e4424ed,2026-07-23 00:38:56,Stripe,Credit Card,success,
c74d1677-485a-4970-bc5c-02308ba54861,2026-08-20 09:02:13,Stripe,Credit Card,success,
5ef73f70-0778-484a-9bc8-95cd0c599a7e,2026-09-24 23:51:12,Stripe,Credit Card,success,
efdda93e-0f5b-498d-92f2-43f5e48e7255,2026-08-21 19:52:47,Stripe,Credit Card,success,
7c5abe10-6a6b-4142-add2-dbe0fa6d9ced,2026-09-25 17:56:22,Adyen,Credit Card,success,
3a0c2083-e81b-4215-ab57-0dc87a5b6207,2026-08-30 00:28:05,PayPal,Credit Card,success,
c70cf9f4-d5eb-4922-ba7c-a8bf5b76b46e,2026-08-14 03:05:14,PayPal,Credit Card,success,
f30a97c5-aa92-4d2d-a5e6-856abcbb107c,2026-07-25 19:20:28,Stripe,Credit Card,failed,3DS_TIMEOUT
6e93c4fa-08e7-467c-9d59-740595d96342,2026-07-30 02:22:01,Stripe,Credit Card,success,
35e6d3b1-ffe1-4ca5-a87c-4df865da6267,2026-08-01 12:13:07,Stripe,Credit Card,success,
6520fa20-2f23-49c3-b4c3-2da7beac72b7,2026-09-25 01:41:43,Stripe,Credit Card,success,
ee04ba1a-4863-4811-92fa-c5712104cb1f,2026-09-10 13:50:47,PayPal,Credit Card,success,
babfc6a6-a242-4ca4-9a48-d84bf33b5682,2026-09-04 03:27:40,PayPal,Credit Card,success,
d86bf4a0-2e6b-4ee5-8bf1-6f25d28b8dc9,2026-09-30 08:06:33,Adyen,Credit Card,failed,INSUFFICIENT_FUNDS
8d74fe31-7f14-41bf-8cf0-ce39a74fd21b,2026-09-02 09:54:31,PayPal,Credit Card,success,
44719238-f769-4878-8449-b2f5aafc7b84,2026-09-11 18:34:50,Stripe,Credit Card,failed,INSUFFICIENT_FUNDS
b28a8a1d-37a8-4a56-b1f7-47d1be381dd9,2026-10-04 23:35:33,Adyen,Credit Card,failed,3DS_TIMEOUT
3e279f08-0e4d-44f6-972e-5a4ceda60ed1,2026-08-31 10:41:35,PayPal,Credit Card,success,
f6a55f28-84af-430c-9c19-e42d4b72b329,2026-09-08 22:30:28,Adyen,Credit Card,success,
36bd06db-3fb6-4cc2-b3b7-1534923c8656,2026-08-17 21:34:22,PayPal,Credit Card,success,
340cbb0a-185d-4b51-a669-924996ccb255,2026-07-26 07:55:48,PayPal,Credit Card,success,
09898f41-3c74-47ad-bf5b-84328cefa475,2026-09-19 17:23:21,Stripe,Credit Card,success,
e76f39ef-b916-477c-a442-0ddcf02d993f,2026-08-17 22:00:01,Stripe,Credit Card,success,
f10a389b-b323-4d38-ab92-c2d71e15a559,2026-09-11 21:14:22,Stripe,Credit Card,success,
860a32c6-9d89-4dad-b35a-76777f7095f3,2026-07-15 13:03:48,Adyen,Credit Card,success,
395f7beb-4fc2-4c65-bf23-62f1a02d42d8,2026-07-28 18:12:33,Adyen,Credit Card,failed,INSUFFICIENT_FUNDS
e758ae23-1733-4a8e-bd16-f61be6dbfeb3,2026-10-04 17:34:18,PayPal,Credit Card,success,
54c085cc-7c65-440f-9b9e-a1b6be35e6be,2026-09-18 11:13:52,Adyen,Credit Card,failed,BANK_DECLINE
8a7daee7-7406-4d7c-acd3-16faf96a5121,2026-08-22 17:54:51,Stripe,Credit Card,success,
80be6d3a-419c-4d12-8ebb-c50bfb022831,2026-08-02 20:56:38,Adyen,Credit Card,failed,3DS_TIMEOUT
3a0c7c2c-5087-46e8-bb5a-14ab3cfb2ff3,2026-08-25 18:12:22,Stripe,Credit Card,success,
1c139729-4c2e-4534-84ef-7890899a6504,2026-07-10 01:15:36,PayPal,Credit Card,success,
9b558267-92b5-47eb-8c10-e6e6fd710190,2026-09-23 15:53:46,Stripe,Credit Card,success,
55cfcd7d-fa0f-427f-8db9-24c4299dbae0,2026-07-23 03:23:26,PayPal,Credit Card,success,
1dd01d6d-738b-457c-98bf-c4ca575e7996,2026-08-13 17:05:32,Stripe,Credit Card,success,
82338ffa-16d7-497d-ab6a-ac81aa40f1af,2026-07-09 02:52:58,Adyen,Credit Card,success,
8d5907bb-1177-4523-8687-c73f39ccf07d,2026-08-29 03:36:48,Adyen,Credit Card,success,
12d2801f-8520-4255-95f1-e52f6312e67a,2026-07-18 20:50:03,Stripe,Credit Card,failed,3DS_TIMEOUT
b68a9867-a4f4-4618-b590-f8667affc53c,2026-08-06 14:27:24,PayPal,Credit Card,success,
bade2b7a-d9e8-47f0-8ffc-2df778ff4788,2026-07-13 22:13:36,Adyen,Credit Card,success,
ab1c6d59-1c0a-4808-adf1-6723918cf98f,2026-09-22 15:11:56,Stripe,Credit Card,success,
647fcad6-8fa1-4d3d-a3e8-657c515caa70,2026-08-09 15:23:12,PayPal,Credit Card,success,
9c9fd788-0a49-469b-9e5b-cc6767837d53,2026-08-23 15:28:11,PayPal,Credit Card,success,
7f1ac4b6-3a36-4355-8724-1f7a5bb1ed2d,2026-07-11 16:07:29,Adyen,Credit Card,success,
808d5069-1730-439d-aab0-b265e6ecf06c,2026-07-09 23:56:52,Stripe,Credit Card,success,
bd76c47b-0d6f-4ae7-978f-20d536a926c7,2026-09-19 12:20:53,PayPal,Credit Card,success,
61b2affe-2ccd-4f2f-8181-9f8c9da61baa,2026-09-26 03:49:00,PayPal,Credit Card,success,
86ea35f3-2152-4203-b7da-3d9bc34c1e79,2026-07-15 22:44:28,PayPal,Credit Card,success,
502d1338-43fb-40a4-bfb1-f5c23c720f20,2026-08-09 16:27:01,Stripe,Credit Card,success,
1382bc43-5534-4d79-b309-a909e02f01a5,2026-08-14 09:06:23,PayPal,Credit Card,success,
65279b58-dc58-4434-b0c5-8842037613ad,2026-07-17 08:43:27,PayPal,Credit Card,success,
a63bac31-7982-4ee4-b38e-5ac95cb8ad8a,2026-07-08 23:33:56,PayPal,Credit Card,success,
78df8399-c5e2-4fbb-b78c-fe47b1db53c5,2026-08-07 09:46:57,PayPal,Credit Card,success,
cc5ad3bd-9065-4cdc-80f2-a3aba74ea02c,2026-07-16 22:52:37,Adyen,Credit Card,failed,BANK_DECLINE
9aba132e-93d6-4092-8178-de323927f240,2026-08-17 02:16:16,Stripe,Credit Card,success,
4a27acfc-de84-41fe-838b-a33cc0b932a5,2026-08-08 23:26:52,PayPal,Credit Card,success,
477b3472-58d6-429c-ae42-d56c52521a2b,2026-07-21 22:59:43,PayPal,Credit Card,success,
134eeb93-b2fc-431f-810f-65d01f58b794,2026-07-18 20:43:58,Adyen,Credit Card,success,
3afaf933-57ef-4b1f-ba54-206a584530ac,2026-08-06 15:31:54,PayPal,Credit Card,success,
09de4511-4ec9-43e3-a4ec-ef723c228a9b,2026-08-08 14:40:39,PayPal,Credit Card,success,
2f70dcb5-6add-4d54-99b8-ca73f052081a,2026-09-13 23:37:30,Adyen,Credit Card,success,
10f0943f-4828-4009-bde9-a963023eebbc,2026-09-22 09:36:13,PayPal,Credit Card,success,
4fc39755-a8a0-4b2d-9871-1b206dde1fb1,2026-09-01 05:20:14,Adyen,Credit Card,success,
6a0564e2-9ec0-4e29-82e8-56182e7663c8,2026-09-11 19:37:31,Stripe,Credit Card,success,
3228f2f4-77a9-4317-8703-24f28d3728d4,2026-08-26 15:57:11,PayPal,Credit Card,success,
29d22f02-b5c4-47e6-95d0-a3c2d79ecd36,2026-08-19 06:29:53,PayPal,Credit Card,success,
339825d4-c7c0-493f-a4af-f535af410f0e,2026-08-15 10:53:05,Adyen,Credit Card,success,
d7dd3540-e343-4d97-8e99-1ee4467e6fc8,2026-08-26 01:38:11,Stripe,Credit Card,success,
7770bdff-2064-4bd3-9369-2a59c31ca176,2026-07-19 17:55:45,PayPal,Credit Card,failed,BANK_DECLINE
2d4cca9c-45c7-458e-b932-f68054b88b0c,2026-08-11 07:07:50,Adyen,Credit Card,success,
f17a69ba-c0a9-4666-8c7b-73c2e8b7469b,2026-07-19 15:38:04,Stripe,Credit Card,failed,3DS_TIMEOUT
4c84c330-fe95-4085-ae22-7076a0c62929,2026-09-18 08:56:02,Adyen,Credit Card,success,
5b46bda1-050d-4bf7-87a4-d33c04cbf930,2026-07-11 07:29:25,PayPal,Credit Card,success,
135f1687-e490-40b1-9fdb-4929a0bc0085,2026-07-29 07:58:35,Stripe,Credit Card,success,
127bf721-fb97-4236-83d7-567f91d17266,2026-08-29 14:30:28,PayPal,Credit Card,success,
ba2032e2-4168-4433-bd36-64624168cf31,2026-08-21 21:38:13,Adyen,Credit Card,failed,3DS_TIMEOUT
a9a1ae8f-e351-4833-9e83-fbc20ecc3874,2026-09-03 11:17:08,PayPal,Credit Card,success,
4bde2253-ca5a-40f0-862e-0fc0d6d8a902,2026-08-06 08:33:48,PayPal,Credit Card,success,
2bab0219-bd27-42e1-b474-984afb14e004,2026-10-05 16:08:44,Adyen,Credit Card,success,
adf9eac3-84a4-4824-b535-49237db9f128,2026-09-06 03:19:35,PayPal,Credit Card,success,
99594b29-d581-4fbd-9876-675faab99cb8,2026-07-21 20:43:05,Adyen,Credit Card,success,
dbbe4e95-36e2-406b-939c-6c893d395f05,2026-07-25 07:08:02,Stripe,Credit Card,failed,INSUFFICIENT_FUNDS
63ae0dcd-6a35-406b-86aa-3683ff3c09dc,2026-08-31 08:29:45,Adyen,Credit Card,success,
2372a5db-041a-4790-a8b8-3f221ed9f4f3,2026-08-26 13:13:10,PayPal,Credit Card,success,
d50c1fde-e1ca-4d62-8395-8e08cb63fefd,2026-08-25 05:16:41,PayPal,Credit Card,success,
06d0a797-80be-4ec8-9eb7-10e031d9e18c,2026-08-17 19:56:54,Stripe,Credit Card,success,
f2d266e7-01a3-41a4-adef-65f02b3b2522,2026-09-20 08:51:23,Stripe,Credit Card,failed,INSUFFICIENT_FUNDS
249e2e9f-bb8f-4152-a55b-e5c3274919ed,2026-07-29 21:20:23,PayPal,Credit Card,success,
bf4e9787-beea-4a23-9d86-4fe52e1b2636,2026-08-05 12:07:12,PayPal,Credit Card,success,
5db2df48-6a96-44de-bcd6-808d12fae889,2026-09-18 13:39:23,Stripe,Credit Card,success,
78bbfe37-86e2-4c5e-a9df-a47668eb4d6a,2026-09-02 01:59:15,Adyen,Credit Card,success,
f6df7fd3-0bc2-4c0e-a6c6-468deb65771c,2026-09-19 22:54:18,Adyen,Credit Card,success,
2b9d660c-a516-4e7a-a0f8-8ea7bf9a7151,2026-08-30 12:33:18,PayPal,Credit Card,success,
1b96a936-78df-47e8-a68f-0b45a6b0c7e5,2026-07-29 16:42:05,Adyen,Credit Card,success,
26ef743c-39b5-4529-90e9-086cd855c46d,2026-08-18 18:08:43,Adyen,Credit Card,failed,INSUFFICIENT_FUNDS
b93e4aed-67ae-48c2-b027-d0c9e36a9c02,2026-09-25 18:35:14,PayPal,Credit Card,success,
617793dd-f869-4822-abd0-ee7d17882b84,2026-09-18 02:13:19,Adyen,Credit Card,success,
3e58ae1d-db0e-4e9f-98ce-b8cbdee3fe86,2026-09-05 17:28:41,Stripe,Credit Card,success,
22005bfb-4d12-451b-9b65-ab692472566b,2026-08-29 18:53:10,Adyen,Credit Card,success,
e4a3b4b7-3b57-4522-b93a-cbbb878c9ec3,2026-07-24 19:49:02,Stripe,Credit Card,failed,BANK_DECLINE
4238e7c3-3966-4c90-8f85-aa6c726502df,2026-09-22 18:15:03,PayPal,Credit Card,success,
cdfe0b29-f894-495a-8d72-2f76bda62c24,2026-09-30 13:34:24,Adyen,Credit Card,success,
06704f14-bfac-45ba-b30c-b61d8fa105b4,2026-09-07 21:04:05,Stripe,Credit Card,success,
31cbad86-bf20-4de5-876e-9147114e076a,2026-07-15 19:25:24,Adyen,Credit Card,success,
8a178097-b0e6-4313-aa73-b347f0dc89f3,2026-09-07 23:55:26,Stripe,Credit Card,success,
08b5bbd5-4e96-4a6c-b93b-419f938e7086,2026-09-08 02:45:44,PayPal,Credit Card,success,
6db1fe4a-4d20-4702-b6e2-938e1bc29aaa,2026-09-23 17:31:25,PayPal,Credit Card,success,
0e612ee6-720b-4316-ae95-8b7a94c985e4,2026-09-02 14:09:06,Stripe,Credit Card,success,
ea0c3611-3787-471c-8108-20f20482cd0e,2026-08-10 20:26:13,PayPal,Credit Card,success,
1fda2b1a-82d0-44c0-b3a4-57147f3bd303,2026-08-21 19:13:37,Adyen,Credit Card,success,
4ce378de-c12e-45f8-92aa-a5e5353edb63,2026-07-28 02:54:46,Stripe,Credit Card,failed,BANK_DECLINE
68bd70c5-379f-4a06-9174-e34d31bd0fe8,2026-09-09 14:03:57,Adyen,Credit Card,success,
06c69739-94df-48e0-88e4-3472b3b5451a,2026-09-16 23:08:32,Adyen,Credit Card,success,
76542715-35cc-4f1a-a7f5-dc981b79ddb1,2026-07-17 07:58:42,PayPal,Credit Card,success,
a1fc2911-1c34-4f74-82bf-3fea211ddb6e,2026-08-10 20:02:58,Stripe,Credit Card,success,
ea1abd47-f70e-4ce3-ba23-f5024d0377d5,2026-08-14 16:04:29,Stripe,Credit Card,success,
081ba88e-b38e-494e-b63a-8c5c5c199da1,2026-07-18 11:56:13,PayPal,Credit Card,failed,3DS_TIMEOUT
213b4e6d-ae7d-4ff5-ad1f-cff1848cbaa4,2026-07-16 21:27:50,Stripe,Credit Card,success,
8062df76-caf0-4ccd-a92d-6b4bafac4ddc,2026-07-20 10:27:14,Stripe,Credit Card,failed,3DS_TIMEOUT
5fd99f20-bb8b-4011-9752-c14781b23288,2026-08-19 04:00:29,PayPal,Credit Card,success,
87d6d2f1-2381-4ed5-941b-8ed20e8b5529,2026-09-04 19:54:15,Stripe,Credit Card,success,
dc3d327d-3099-48fe-8de5-1113ef619606,2026-08-08 04:53:50,Adyen,Credit Card,success,
8349c169-1cd0-4af1-aeb8-df2cb5d12f75,2026-09-20 12:44:48,Adyen,Credit Card,failed,BANK_DECLINE
dcc62c5a-7821-42c2-b732-6fc0f1b1a8ee,2026-09-20 22:57:28,PayPal,Credit Card,success,
5d13b87a-4437-4ac5-beee-e3162c5a4537,2026-08-17 19:29:54,Adyen,Credit Card,success,
58eaa5de-9758-4924-8e6b-cc9e2965cd92,2026-08-29 13:20:31,PayPal,Credit Card,success,
7ddab02c-a626-4d3f-93a4-bf92299a771b,2026-07-14 21:32:03,Stripe,Credit Card,failed,INSUFFICIENT_FUNDS
5bb65c6c-e065-4e6c-a4a5-719eaa33df17,2026-10-06 06:00:18,Stripe,Credit Card,success,
1c93fcc9-fbcd-45c2-bda0-34064e43314e,2026-09-19 06:34:51,Adyen,Credit Card,success,
84998899-971f-4546-b704-f1bfe84c0b7e,2026-10-02 12:58:05,PayPal,Credit Card,success,
f550ba1f-c1d5-4ed8-89f5-ca4fd44018ba,2026-09-24 20:09:53,PayPal,Credit Card,failed,BANK_DECLINE
b390d9c9-4c58-4f96-8a49-372b236dfbc2,2026-07-15 23:03:34,Adyen,Credit Card,success,
c15bdb4d-8257-47bc-9172-1f321fcfd284,2026-08-13 04:14:51,PayPal,Credit Card,success,
85907d49-70a1-4f3c-8663-e99ad29ba6ec,2026-09-30 06:13:46,PayPal,Credit Card,success,
de984d8e-4ab6-4ee5-abfb-d256733dff77,2026-09-29 17:32:58,Stripe,Credit Card,success,
a9a743b5-280e-4709-b7bc-f0ef79d9e4d6,2026-08-22 15:12:42,Stripe,Credit Card,failed,3DS_TIMEOUT
3c04b181-5f13-4933-bae0-def10fc79cf4,2026-09-30 13:27:32,Adyen,Credit Card,success,
2bdbc628-3dca-4b6e-bc61-9b2fe4613c80,2026-09-21 13:54:43,Adyen,Credit Card,success,
7a03c17e-059e-4646-bfde-52763fb2492b,2026-09-01 05:13:23,PayPal,Credit Card,success,
90e6f37c-89f9-4ffd-96ff-6437d26ca7a4,2026-08-25 09:04:58,PayPal,Credit Card,failed,BANK_DECLINE
135859e4-3840-41c8-ab28-03a44478b4cf,2026-09-17 14:13:36,Stripe,Credit Card,failed,INSUFFICIENT_FUNDS
d0d012cf-8373-45ff-ba1a-234376b2bac3,2026-07-08 14:52:38,Adyen,Credit Card,success,
c215a2c5-c16b-4f9c-a7a3-8f27b3991b7e,2026-07-14 07:02:13,Adyen,Credit Card,success,
e1b7905f-bad8-42a3-8d0a-63398c9ecfe5,2026-10-03 14:17:42,Stripe,Credit Card,success,
deb2d8e2-3bda-4a5b-9664-f69c9994884b,2026-10-03 10:18:59,Stripe,Credit Card,success,
f3c99b90-eb03-49c1-960f-94c958224455,2026-09-08 08:17:21,Adyen,Credit Card,success,
ecab0ed8-8d15-420b-998e-03cc3f65a7e6,2026-09-22 04:50:47,PayPal,Credit Card,success,
4d1e3420-d700-4f3d-bdcd-f7dba8d32f38,2026-09-21 06:02:08,PayPal,Credit Card,success,
29c4b0b2-8ddc-4514-bb02-be5af0f0768f,2026-08-21 08:30:29,Stripe,Credit Card,success,
bb2d3433-9ef4-4fff-9192-746f75411a62,2026-08-07 00:20:31,Adyen,Credit Card,success,
60cf72c6-875b-460c-b7a9-a3e71748f60c,2026-09-26 17:05:31,Stripe,Credit Card,success,
6d5afff0-4ab2-47ee-828a-44dac286741d,2026-08-27 07:54:51,Adyen,Credit Card,success,
535dea5b-8d87-48db-a4d1-0e59710c4b94,2026-07-13 05:31:38,Stripe,Credit Card,success,
4cc6b76e-d6c0-4edf-93e2-6e57eee57ab8,2026-09-09 01:41:11,Stripe,Credit Card,success,
554e53af-612f-46a8-ba06-7bfdb79b295c,2026-10-05 13:14:05,Stripe,Credit Card,success,
ab64b99e-1c89-461a-a8f1-a6260946f964,2026-07-14 17:41:52,Stripe,Credit Card,success,
98c8d805-3205-4873-9b70-fe6e10d2c62f,2026-07-27 16:15:59,Stripe,Credit Card,success,
d6b213d6-8172-47d3-9fd7-98da0eeef46d,2026-07-20 23:34:30,PayPal,Credit Card,success,
821d26d0-7428-43dc-be2d-966b124cd197,2026-07-20 08:58:05,Stripe,Credit Card,success,
86370d69-6e52-472b-9465-0e5e59809c72,2026-10-04 15:58:10,PayPal,Credit Card,success,
cbdb3fbc-c898-46a9-a2ae-db2db39041fd,2026-07-22 21:48:25,PayPal,Credit Card,success,
bf8573e9-a957-45d4-b83d-f2f1dfe116da,2026-08-01 16:01:32,Stripe,Credit Card,success,
7b7ef369-3f75-44e9-b02c-24b97bd6ead7,2026-08-24 12:50:59,PayPal,Credit Card,success,
2a2c3370-7444-4950-a9fd-9e59aec351dc,2026-08-23 06:34:28,Stripe,Credit Card,success,
6840a6a2-7604-4c81-9f9a-2c65ff6ebc67,2026-08-08 08:27:48,Adyen,Credit Card,success,
68afccd7-4653-4e7a-875b-daad77a9005f,2026-10-05 05:11:52,Adyen,Credit Card,success,
b41ac1b6-4679-419a-b9e0-a4daaed57d5a,2026-07-26 18:05:28,PayPal,Credit Card,failed,BANK_DECLINE
27ae9f84-c7ec-4f52-a384-dee383807145,2026-08-30 02:42:42,PayPal,Credit Card,success,
fb1536cb-467b-48ad-8aaf-f969ea4ce22f,2026-07-31 01:30:36,PayPal,Credit Card,failed,INSUFFICIENT_FUNDS
d9ff2a4f-3366-4a3f-83af-e34db0fb7674,2026-09-04 21:26:41,Stripe,Credit Card,success,
eb37c6be-ed36-468a-a249-22841d44dc0f,2026-07-14 06:14:48,PayPal,Credit Card,success,
f13b9d5d-4e10-468c-8672-47c0ed6f4fe1,2026-09-21 15:52:05,Adyen,Credit Card,success,
c16ab73d-9497-42f5-bf79-e013f42a85fc,2026-08-15 21:16:13,Adyen,Credit Card,success,
69aed09a-3509-4d36-a49a-baa7595db729,2026-08-19 21:26:51,Stripe,Credit Card,failed,BANK_DECLINE
a360723c-53f8-42a3-be18-6486087261a6,2026-07-25 12:03:49,Stripe,Credit Card,failed,3DS_TIMEOUT
ab627ccd-ffc6-4419-92bc-fee5f0c91ed4,2026-08-06 01:45:01,Adyen,Credit Card,success,
27390f7f-b7a3-4b42-a7ee-09262dced621,2026-09-14 15:16:05,Stripe,Credit Card,success,
8a6a9556-0815-498e-893f-d68cda820100,2026-09-21 07:38:09,Stripe,Credit Card,failed,INSUFFICIENT_FUNDS
5f20b337-31f6-40e3-8ce6-c9431617c46b,2026-08-08 08:58:02,Stripe,Credit Card,failed,3DS_TIMEOUT
4bcada86-51fa-417c-b603-b3601e89ef8d,2026-08-09 15:09:01,Adyen,Credit Card,success,
a0afd921-525f-4ade-9421-0a396eef8157,2026-10-02 13:30:56,Stripe,Credit Card,success,
9055da1a-ada0-4e3c-be33-37b54b1df10c,2026-08-20 00:35:47,PayPal,Credit Card,success,
3473f714-f361-4117-bbff-9079c9e5cb41,2026-08-11 13:54:00,Adyen,Credit Card,failed,BANK_DECLINE
85db3797-29f1-44c9-93cc-a330572b9263,2026-09-20 02:18:22,Stripe,Credit Card,success,
f593b839-4ce0-4e10-b987-e3e462640c2c,2026-09-24 01:43:43,Stripe,Credit Card,success,
d885852c-fe9a-479e-a877-bdf6f437ed75,2026-07-17 12:25:06,Stripe,Credit Card,success,
a5f720dd-d088-442b-b3eb-8132150b681f,2026-09-09 22:32:58,Stripe,Credit Card,success,
d3b5b538-a34e-4bb6-b979-4be6c4bbbfa3,2026-07-26 22:09:50,Adyen,Credit Card,failed,3DS_TIMEOUT
b012f5e4-a48d-4d62-9b9d-fb85e92b2586,2026-08-06 08:28:11,Adyen,Credit Card,success,
4c18098b-8fb2-4873-84c5-1138a5a59a2d,2026-09-01 23:46:39,PayPal,Credit Card,success,
992de754-805d-4503-97aa-2cf00abd08ed,2026-07-13 18:28:13,Adyen,Credit Card,success,
c6c5f08e-bc3f-45c5-84bb-58441498eb0f,2026-07-08 20:21:50,Stripe,Credit Card,success,
6eecd67f-8071-465d-bb06-321f04a895e2,2026-08-18 23:51:49,Stripe,Credit Card,success,
62842a72-8225-4575-9be3-c936ad3119df,2026-07-25 01:32:02,PayPal,Credit Card,success,
1aaa3a94-8883-4807-ba6b-6e77145ad115,2026-08-23 10:58:01,Adyen,Credit Card,success,
8c3f7f4f-9e27-4a6d-b3df-998f9f64f1db,2026-08-16 01:37:43,PayPal,Credit Card,success,
4556ed58-ce58-42cb-b2b9-d388598cba32,2026-08-23 04:50:22,PayPal,Credit Card,success,
8082c888-fcab-4371-8bbb-ba6e59e62551,2026-08-24 23:08:40,Stripe,Credit Card,success,
b348eef7-e334-428e-8758-db7f0cb46ff8,2026-09-27 18:00:05,PayPal,Credit Card,success,
272ffbba-5963-4363-95ab-4e549e5423b8,2026-08-10 20:33:30,Stripe,Credit Card,failed,3DS_TIMEOUT
641ead48-3c3f-4638-86a4-9b11aaa4e8e6,2026-07-11 20:23:29,Adyen,Credit Card,success,
a4a595b5-fa82-4391-ba18-7933c4e209f5,2026-09-24 04:39:16,Stripe,Credit Card,failed,INSUFFICIENT_FUNDS
83669cf1-e237-4916-a56d-28d9be4fc00e,2026-07-25 06:18:26,Adyen,Credit Card,success,
a6a8e77a-f660-4960-b2e4-870b1f696869,2026-07-16 02:04:52,PayPal,Credit Card,success,
62bd5611-b505-4c3d-bd56-f3211aa6e5ce,2026-09-26 08:10:42,Adyen,Credit Card,success,
0385faff-6417-48ba-bd51-b91b5ffb60d5,2026-08-21 23:03:05,Stripe,Credit Card,success,
64d2983a-63b2-4c1d-95f8-366b273ce7bd,2026-10-05 12:36:17,Adyen,Credit Card,failed,3DS_TIMEOUT
0195e888-488f-4745-96a2-1d2d3a1dc37e,2026-09-03 12:37:11,PayPal,Credit Card,success,
76feb11f-9d78-4c8f-b283-3023b371d350,2026-07-18 06:47:30,PayPal,Credit Card,success,
b99dba3e-109a-4cc8-a162-37d493746542,2026-10-01 22:19:29,PayPal,Credit Card,success,
25c5af66-0d7f-429d-a117-9d2d35cdbf14,2026-08-14 16:00:56,Adyen,Credit Card,success,
80550fc5-e7ff-4e9a-82af-1bece6548da5,2026-09-13 12:29:00,PayPal,Credit Card,failed,BANK_DECLINE
5abae887-cad9-4121-880e-8349a446c60b,2026-08-10 06:44:27,Stripe,Credit Card,success,
31b77874-e7a1-4205-8415-66bfcc0b1b8e,2026-09-27 08:19:48,Adyen,Credit Card,success,
e67116d4-e2d1-4476-b83b-6e6d16df886f,2026-07-29 06:52:24,Adyen,Credit Card,success,
9d1827a4-98ae-447a-ac38-8bd435c79585,2026-08-22 01:00:42,PayPal,Credit Card,success,
bbe23b06-88c6-4222-accb-e2c77b0fd53e,2026-09-03 05:25:37,Stripe,Credit Card,success,
70a63075-ff37-490a-baa1-620057d80caf,2026-09-10 18:52:09,Stripe,Credit Card,success,
1a76ed6f-fd1d-4991-91ec-588a1099061f,2026-09-12 13:44:58,PayPal,Credit Card,success,
1f0060e2-c5c4-401c-9b59-cc85cad310af,2026-08-25 18:25:57,Adyen,Credit Card,success,
85cda0ec-f583-4a67-9ada-07b001826a76,2026-08-06 04:16:14,PayPal,Credit Card,success,
322b88ef-9526-4057-af45-098f1a4911d8,2026-09-18 00:10:50,Adyen,Credit Card,success,
cc669c06-6972-47ba-bfe9-a899edb205b2,2026-09-12 11:18:40,Adyen,Credit Card,success,
c2a73651-d6a8-4857-a418-b2a3fc3d6833,2026-09-03 07:56:26,Adyen,Credit Card,success,
2b838ec7-fe53-4d75-bf96-23430107d204,2026-08-06 00:39:01,Adyen,Credit Card,failed,INSUFFICIENT_FUNDS
71ac2bd0-86da-44bd-a90f-e8427b340558,2026-09-30 14:18:14,Stripe,Credit Card,success,
9ef36457-d2df-4a77-9f9f-8393a04ac841,2026-08-26 01:39:56,PayPal,Credit Card,success,
55781b17-0b84-4ec0-a597-af2e5c5d7dbf,2026-08-28 22:04:58,PayPal,Credit Card,success,
2c8b3794-4aab-4949-b8c8-41e22ac1e750,2026-08-21 08:50:01,Stripe,Credit Card,success,
59899657-3e77-49aa-9fc7-3aae33ae7a56,2026-09-20 14:42:29,PayPal,Credit Card,success,
adcf6d24-318d-465e-bb06-761c251b235e,2026-09-22 04:25:22,Stripe,Credit Card,success,
428debc4-684b-4e78-bb73-035dbd4d5997,2026-07-09 20:16:10,Stripe,Credit Card,success,
ac96d159-f650-42e8-b7fa-757dbf5191ef,2026-09-19 23:03:10,PayPal,Credit Card,success,
5445ec0f-b408-4f77-9ce9-db6b7969cfe4,2026-09-12 04:23:58,Adyen,Credit Card,success,
cb873046-c68a-45d7-8135-b8466c34efde,2026-07-20 23:53:27,PayPal,Credit Card,success,
cc582c83-275b-4dda-82e3-6bd45cb92a6f,2026-08-07 04:46:05,Adyen,Credit Card,success,
8aab2c50-6d67-44d3-a9f2-179598588187,2026-08-06 10:19:47,PayPal,Credit Card,success,
8d35aff9-c544-4997-a4ab-ee586bb9c1ba,2026-10-03 23:50:15,PayPal,Credit Card,success,
4d40091a-104a-4668-ac84-adff45c52be4,2026-09-19 07:22:01,PayPal,Credit Card,failed,3DS_TIMEOUT
b2435db1-6741-4e38-bcc3-ff597ea170ec,2026-07-30 06:09:52,PayPal,Credit Card,success,
2acb175c-4f6b-476b-a29b-b99b5ea95c79,2026-07-10 14:31:49,Adyen,Credit Card,failed,3DS_TIMEOUT
0714974e-67ab-48c9-91fa-f2e32020d528,2026-09-03 17:32:58,Adyen,Credit Card,success,
9794ac68-9295-4ae0-8aa6-83eab15aacb6,2026-09-15 12:28:17,PayPal,Credit Card,success,
f23e34f9-be28-43d8-9593-e92ab8a18410,2026-07-18 23:23:25,PayPal,Credit Card,success,
5db97a4f-2c57-481f-a222-5d48533eb9aa,2026-07-20 11:27:47,Stripe,Credit Card,failed,INSUFFICIENT_FUNDS
3cfd6bea-6bb4-46e9-b718-223656aaf269,2026-07-23 08:16:19,PayPal,Credit Card,success,
aa318e50-8670-4662-a42d-8013c0856f04,2026-07-09 09:08:48,Stripe,Credit Card,success,
a26ce499-faf8-43cb-abdc-eedfb460918f,2026-07-21 19:04:49,Adyen,Credit Card,failed,BANK_DECLINE
dc066661-a0ff-4fef-9edf-788a8e76b3a3,2026-08-25 16:03:25,Adyen,Credit Card,success,
e72fd0a0-d3fb-49b6-85a4-7ea8f1cd40e2,2026-08-02 07:44:14,Stripe,Credit Card,success,
6baf35e5-e144-4134-a129-a792ae8a398b,2026-08-06 05:15:13,Stripe,Credit Card,failed,INSUFFICIENT_FUNDS
e77b92da-6f7b-443c-ab85-e07a2adf2653,2026-08-18 20:06:20,Stripe,Credit Card,success,
1192ca1c-9413-401b-9a8f-12029250d5b3,2026-09-18 04:23:05,Stripe,Credit Card,success,
71ab82f6-a16e-470a-a18f-d4138b813f72,2026-09-09 07:32:51,Stripe,Credit Card,success,
7e360d74-a2cb-41a8-8764-9ad4b1109464,2026-08-19 23:24:27,Stripe,Credit Card,success,
9a817b68-3a3a-4232-9ab0-59f43309db27,2026-09-29 01:40:41,Stripe,Credit Card,failed,INSUFFICIENT_FUNDS
d695c9e3-e590-4f04-ab19-08e1fd97c48d,2026-09-28 10:56:53,Adyen,Credit Card,failed,INSUFFICIENT_FUNDS
e5aaf4bd-7518-45e1-b03c-605698f695d7,2026-07-11 06:37:03,Adyen,Credit Card,success,
2c17b46b-f129-4b92-99f7-3db896473fd5,2026-08-24 20:52:10,Adyen,Credit Card,success,
bacf7c69-f6c9-447d-b916-775d539fd1ea,2026-07-12 22:35:19,Stripe,Credit Card,success,
81bb7792-35e7-476c-b0da-8da6f3fa7198,2026-09-27 22:33:19,PayPal,Credit Card,failed,3DS_TIMEOUT
9292d2a0-c8ee-4e35-912e-7664721e4f6d,2026-07-23 17:07:55,Adyen,Credit Card,success,
57529113-d944-44ff-8e7d-ebef88c30ebf,2026-08-25 05:05:11,PayPal,Credit Card,success,
ed26abdd-5703-4c4b-a0e9-02b6383bafde,2026-07-13 08:46:49,Stripe,Credit Card,success,
40d61241-34a5-4450-84e4-2027e1f8e854,2026-08-14 05:45:16,Stripe,Credit Card,success,
8d8986ab-6a59-459a-b48c-193c8b95185c,2026-08-22 01:14:08,Adyen,Credit Card,failed,3DS_TIMEOUT
5cade9f2-4103-451c-afb3-1c525dbf3b88,2026-08-25 20:57:23,PayPal,Credit Card,success,
82fc38de-006b-496f-8a72-39acb7f3763b,2026-07-08 11:51:31,PayPal,Credit Card,success,
49ab7de8-ac23-44ba-8f55-a6c864e764e8,2026-07-13 17:55:52,PayPal,Credit Card,success,
ea409570-2406-4ef6-bca0-1a2a002e7139,2026-09-25 18:15:25,Adyen,Credit Card,success,
33f34dc5-3a1e-4f22-96e1-8d0b705cab21,2026-09-06 15:36:26,PayPal,Credit Card,success,
8b73ecfb-eb72-49ae-9030-309985d1c175,2026-09-15 23:39:36,Stripe,Credit Card,success,
b1206fa6-7d9c-491e-b75e-cd9f10971c03,2026-09-24 03:23:28,PayPal,Credit Card,success,
44e30144-5115-40f9-9162-438fa2d787a0,2026-07-22 02:43:58,PayPal,Credit Card,success,
cb0a3120-d449-4d35-a1c9-c9429c53d18c,2026-09-26 06:29:42,Adyen,Credit Card,success,
58239e10-f25e-4688-af53-494c13f32c48,2026-09-16 01:42:03,Adyen,Credit Card,failed,INSUFFICIENT_FUNDS
73d8bd7a-e4fa-47cf-a0ae-50c6db427c93,2026-10-06 10:39:38,Stripe,Credit Card,failed,3DS_TIMEOUT
85ef8f1e-5281-48fb-9e49-02a4354c6195,2026-07-20 10:35:01,Adyen,Credit Card,success,
707b1c45-6d5c-4d62-b0c0-cf02497c2134,2026-09-10 09:47:08,PayPal,Credit Card,success,
db0a31f4-6b4d-4c53-9823-ec8e21861ce3,2026-07-25 16:22:53,Adyen,Credit Card,success,
b83f226d-90dd-40be-a14b-73a607724241,2026-09-25 15:06:55,Stripe,Credit Card,success,
fb160dc9-f139-417b-9b93-263f81fe5369,2026-08-14 19:47:46,Adyen,Credit Card,success,
6faaf3d0-3895-4e7c-b1ba-030484187585,2026-09-20 11:56:07,Adyen,Credit Card,success,
3c2b012c-3cde-4207-8011-f76c72b1e813,2026-08-10 18:22:48,Stripe,Credit Card,success,
9630244d-8bf6-4f27-b4e5-1ee31fb18548,2026-08-31 05:24:50,PayPal,Credit Card,failed,3DS_TIMEOUT
1f6fac14-cc67-4ae3-8dba-20c76a9446f7,2026-09-11 06:03:22,Adyen,Credit Card,success,
2daf69dc-6659-4604-837c-62412e276aac,2026-10-03 06:19:20,Stripe,Credit Card,failed,3DS_TIMEOUT
d9212237-5696-4c2f-9a12-e260f59fd05a,2026-07-18 19:33:16,Adyen,Credit Card,success,
0639ca87-f359-412f-a53b-36c0d1858832,2026-08-14 10:57:28,Adyen,Credit Card,success,
cb3a7d65-07b0-48f7-a216-62a1e6aa31fb,2026-09-22 15:09:02,Adyen,Credit Card,failed,INSUFFICIENT_FUNDS
ed117a43-d4d6-4e6a-8739-2c82505a9b72,2026-09-19 18:59:03,Adyen,Credit Card,success,
9415ce78-52cb-46b8-8c03-bafe04125b37,2026-07-15 16:58:52,Adyen,Credit Card,success,
6ea3cf32-9138-4a1f-9a37-24e5daade6ca,2026-09-28 14:49:04,PayPal,Credit Card,success,
58bf4635-0f6b-4e8b-8a9d-54583bebfef7,2026-07-13 09:58:12,PayPal,Credit Card,success,
45291e21-e470-487c-97c3-dbf7f3f5d824,2026-07-26 07:54:55,PayPal,Credit Card,failed,INSUFFICIENT_FUNDS
eaa2f53b-93b4-490a-84fb-5b3b2a393047,2026-08-17 20:39:44,Adyen,Credit Card,failed,BANK_DECLINE
e1789c4d-97dd-4d49-b967-3a108ba7c647,2026-08-11 09:38:00,PayPal,Credit Card,success,
7796a504-5ea8-4a5e-8cc9-59b2d8fa7445,2026-09-06 12:09:22,Stripe,Credit Card,success,
def6cde6-8676-4fe4-bb20-f192827a1e84,2026-09-26 10:48:17,Adyen,Credit Card,success,
c8f6b5e9-d40f-4c51-86a6-a03ab2bb5d69,2026-09-26 07:07:11,Adyen,Credit Card,success,
726d6d58-5f49-4d8e-b35d-314be18a2e7a,2026-09-21 06:50:45,Adyen,Credit Card,success,
b272df75-5320-43c3-b32c-6ade4ca3b196,2026-07-27 04:03:17,PayPal,Credit Card,success,
dac4b359-07d7-4493-b146-fe70cb04dda6,2026-08-29 17:02:44,Adyen,Credit Card,success,
f90fe7b8-6715-4a63-af91-d9dbe5f0a028,2026-09-07 14:20:30,Adyen,Credit Card,success,
aefac788-74d6-406f-9479-7c3093e6d2cf,2026-09-21 17:49:33,PayPal,Credit Card,success,
601041c9-92b4-4d3c-ba1c-eedd95dcbf20,2026-08-19 17:38:39,Adyen,Credit Card,success,
c38ebce5-7834-4c1d-8ca5-8fdaf25a599d,2026-07-25 18:13:21,Adyen,Credit Card,success,
13171ced-3bc8-4f6f-9403-c033a2867c75,2026-09-02 07:13:41,Adyen,Credit Card,success,
7ad8d10b-7d75-40f4-a983-fadbcdf0454c,2026-07-10 02:49:11,Stripe,Credit Card,success,
cc0c2445-6f66-49e5-b019-e0925e63f878,2026-09-28 20:02:24,Adyen,Credit Card,failed,INSUFFICIENT_FUNDS
1aba204d-cd2d-4388-9812-d95f82706be6,2026-07-16 21:01:52,Adyen,Credit Card,success,
81a06ba7-936e-41e3-860b-ddd7e420cbfc,2026-08-14 12:13:19,Stripe,Credit Card,success,
08bd9db2-dbc9-486b-8ef9-dece6e6cce9f,2026-09-08 00:53:59,PayPal,Credit Card,success,
da09de65-d0a6-4e68-90fd-22d3c7b9b108,2026-08-13 16:55:18,Adyen,Credit Card,success,
c0e11a70-22f9-476e-bc66-6443cee0c1ce,2026-07-12 12:48:46,PayPal,Credit Card,success,
41c0746e-f098-44c8-ad96-4e5ea836f7e9,2026-07-08 23:10:43,Stripe,Credit Card,failed,BANK_DECLINE
d373fa8f-7107-4933-b990-e911a1de921f,2026-08-30 15:17:27,Stripe,Credit Card,success,
4e83d1c8-0a9d-4e9c-bb99-c16d290399c1,2026-07-26 08:11:59,Stripe,Credit Card,success,
012b9a6e-1618-43d1-a9ba-921924f041be,2026-08-22 06:17:57,PayPal,Credit Card,failed,INSUFFICIENT_FUNDS
9ecf60d9-6416-4d6c-8fa3-a85b112de050,2026-09-09 01:40:05,Stripe,Credit Card,success,
3557588e-0c9f-4d5b-b55c-53ecd615abe1,2026-08-09 14:24:03,Stripe,Credit Card,success,
6c3069ca-a91a-4cbc-b428-32e03f5bd21c,2026-09-03 04:41:13,PayPal,Credit Card,success,
bd0affda-011f-4390-9921-df7831237eae,2026-08-08 04:34:43,Adyen,Credit Card,success,
9b53eb48-3eff-4b27-a863-1dc0f2fe4de2,2026-07-29 23:39:59,PayPal,Credit Card,success,
b9a5fcfc-15e9-4aed-bb8e-185b958eb4b7,2026-10-01 17:05:30,Stripe,Credit Card,success,
69a737bc-4af5-4bca-8814-62eb2f980042,2026-09-21 16:48:26,Stripe,Credit Card,success,
4177e5cb-3ebe-41a8-8b49-d9484e2d9a6d,2026-09-05 09:00:36,PayPal,Credit Card,success,
a37f1947-c0c8-4af7-a0f3-e028063d8839,2026-09-02 16:24:10,Stripe,Credit Card,success,
e747000c-1fad-473d-bfef-5ad18b49b2b1,2026-08-02 18:44:40,Stripe,Credit Card,success,
ea577cdc-b9eb-4157-b74c-6e86709dcbed,2026-08-30 05:50:15,Adyen,Credit Card,success,
ba18e74a-6e2e-418d-b81c-799633e669d2,2026-09-29 16:48:06,Adyen,Credit Card,success,
9027ff8f-75bf-40f3-b018-5c573dacaa99,2026-09-19 23:52:44,PayPal,Credit Card,success,
4e0d488c-d530-4c70-aee9-46d6cc4b3bdb,2026-08-24 10:06:45,PayPal,Credit Card,success,
da80f9eb-d4a2-48c7-adfe-02886808857e,2026-09-20 09:49:43,Adyen,Credit Card,success,
5c6f1d05-de35-4967-8f3b-fd8224975032,2026-08-27 18:14:01,Stripe,Credit Card,failed,INSUFFICIENT_FUNDS
bfdac59d-3a15-4c34-9b74-b6e132e9473b,2026-08-04 00:45:03,PayPal,Credit Card,success,
f13fc639-bf21-41ea-afbf-86280a18e84e,2026-10-04 13:29:19,PayPal,Credit Card,success,
0d5427a9-f76f-4320-9c2e-fa879ca57324,2026-10-02 02:45:28,PayPal,Credit Card,success,
4fb416f8-bc23-4686-b982-4d9094b8f855,2026-08-20 04:30:04,Adyen,Credit Card,success,
a624e927-3a2a-445d-92ae-5e4b40423bfa,2026-07-24 13:21:23,Stripe,Credit Card,success,
da11cff4-9b16-4ded-b24e-fdb588aeb418,2026-09-10 15:57:49,Stripe,Credit Card,success,
4988994a-a0aa-4612-a219-7cd22bfe1959,2026-07-28 22:26:59,Adyen,Credit Card,failed,BANK_DECLINE
1197561a-911b-40cc-8006-aee1f0a589e9,2026-08-02 13:15:23,PayPal,Credit Card,success,
9abb3549-6985-4f7c-bca3-d29eeed634b5,2026-09-04 16:04:41,Adyen,Credit Card,success,
e7fa3418-c93c-43d6-a5fd-29c83671b64e,2026-09-27 02:21:14,Stripe,Credit Card,success,
1d391c08-6176-4331-8809-5988d103aa1c,2026-09-10 12:33:05,Stripe,Credit Card,success,
acb15160-c69a-41fa-837f-a227944171bb,2026-08-14 04:45:58,PayPal,Credit Card,success,
957f50b8-e438-4663-848d-80eba7f56406,2026-09-12 22:10:03,Stripe,Credit Card,failed,3DS_TIMEOUT
235711a9-0761-4ee5-bab7-217b19c96a93,2026-09-04 17:07:37,Adyen,Credit Card,success,
6138c141-5033-4e89-9435-fa823ffe8091,2026-07-21 03:09:10,Adyen,Credit Card,success,
e49b14ed-f582-4184-843d-1d3beffba78d,2026-08-14 11:48:45,Stripe,Credit Card,success,
941de5bb-a529-46ee-ac27-7262afcc70c2,2026-07-17 23:09:59,Stripe,Credit Card,success,
627fb6a0-7a46-4e2d-bb0f-25b11ec160c5,2026-09-04 13:35:05,Adyen,Credit Card,success,
a8f1e273-c08b-40d9-9c1c-901b663955f3,2026-09-02 14:16:21,Stripe,Credit Card,success,
6a92747e-5604-441c-aaff-173812a9b363,2026-08-08 03:34:32,PayPal,Credit Card,success,
9567a639-04d2-4ce1-b6d4-fcacfb411b60,2026-08-17 04:08:39,Adyen,Credit Card,success,
7577e496-66dc-46f5-ae41-68420c6f4904,2026-09-09 17:45:02,Adyen,Credit Card,success,
97b10770-b7a6-4024-93eb-acab7d603dd5,2026-09-03 07:28:10,PayPal,Credit Card,success,
445fd09e-a73a-459f-a853-eb12b69e6f5f,2026-09-12 13:23:25,PayPal,Credit Card,success,
f55b7841-51ea-44aa-96b4-ba7c01173a3a,2026-08-13 10:07:41,Stripe,Credit Card,success,
2d413bef-2ee2-40dc-9e97-179a08b45b13,2026-08-16 03:10:07,Stripe,Credit Card,success,
5bf0d50d-9725-491a-82a9-b9f04887f3ff,2026-08-27 18:51:16,Adyen,Credit Card,success,
776dd696-af8d-4a86-a112-f8621ada1536,2026-09-04 16:26:25,Adyen,Credit Card,failed,INSUFFICIENT_FUNDS
1620232d-2c8e-4eb4-9339-1e818c4a2be4,2026-07-24 22:23:23,Stripe,Credit Card,success,
3162aa00-9cd8-42c4-ad64-051fe9354189,2026-07-15 12:08:37,Stripe,Credit Card,success,
cd4c114e-5b21-42cf-91b2-0ce475ed0f78,2026-07-19 20:07:10,Adyen,Credit Card,success,
2e97a1d2-5f7c-4966-a186-4a1b12d50b42,2026-08-01 18:19:50,Adyen,Credit Card,success,
74afe4a9-d819-4fcc-bbd9-a4ab36c66a9d,2026-07-30 19:14:22,Adyen,Credit Card,success,
24e857f5-afec-4bca-9da1-7b10eef2da52,2026-09-24 03:58:38,PayPal,Credit Card,success,
fb2753c7-b295-49fc-b44f-8115f723df9b,2026-09-26 04:42:48,Adyen,Credit Card,success,
c7534367-8032-438a-9d77-2717029d5ac1,2026-09-02 04:18:57,Stripe,Credit Card,success,
9d5dff22-e788-45a5-a602-bf6800c1893e,2026-09-17 21:08:39,PayPal,Credit Card,success,
359e85cf-94fe-479c-aee3-92567ba283b3,2026-08-08 02:26:51,PayPal,Credit Card,success,
74c11243-2e8b-42c7-a0bc-5808c30a2ee3,2026-07-26 05:35:07,Adyen,Credit Card,success,
d2550677-cd07-48b1-9786-c3cb7c033f4b,2026-08-23 22:02:13,Stripe,Credit Card,success,
deb81d5c-0924-4812-9cdb-9b5691de8d47,2026-08-11 04:42:51,PayPal,Credit Card,failed,BANK_DECLINE
6decd957-818f-4d8e-a3f8-2a2e3bc6ded4,2026-08-22 03:30:45,Adyen,Credit Card,success,
4d25a446-a281-48da-a20e-f7fe2cbd7bd0,2026-08-12 14:03:35,Stripe,Credit Card,success,
aa18d709-9254-4172-b732-342b75f08040,2026-08-30 17:42:56,Adyen,Credit Card,success,
fa08cccd-af4c-47d9-8744-79553c13bc6b,2026-09-06 00:03:36,PayPal,Credit Card,success,
92768405-efdc-43c8-87dd-03ea1a772f10,2026-08-18 15:19:53,PayPal,Credit Card,success,
4e0795d5-7d18-4ff1-8aa1-cf155fee3b53,2026-09-13 01:59:08,Adyen,Credit Card,success,
f3adfaaf-f573-49c4-a256-417600cb515e,2026-08-03 16:29:33,Stripe,Credit Card,success,
3697b68a-9948-4888-a1c5-3785abf6c30e,2026-09-24 13:07:36,Adyen,Credit Card,success,
39415a81-46a4-4e4d-b7af-9e07b82dfb24,2026-07-27 12:19:53,PayPal,Credit Card,success,
e43786e3-489f-4b7a-8ad3-ef07ce4136a8,2026-07-22 15:18:22,Stripe,Credit Card,success,
69872e27-702a-4d52-b2cc-8ad2e3fae72b,2026-08-23 09:36:57,Adyen,Credit Card,success,
42cb6816-fc56-4b65-aa75-e7681135c45d,2026-09-22 17:25:30,Stripe,Credit Card,success,
4ce8362c-ae6c-4513-87ee-dea0c2d4e8d0,2026-07-13 02:37:55,Stripe,Credit Card,success,
6a8f10c8-d97c-4395-8042-64ca540daa11,2026-07-29 09:31:53,Adyen,Credit Card,failed,INSUFFICIENT_FUNDS
fae97d9c-e9ad-43a6-8087-df0445ab8c52,2026-09-07 15:09:22,PayPal,Credit Card,success,
29f4b341-b330-4c26-8a0c-581f8011b31c,2026-08-12 12:34:09,PayPal,Credit Card,success,
a7ebc798-dab4-4308-b6f6-bb2487b82fbd,2026-09-25 02:56:30,Stripe,Credit Card,success,
65e15a83-0ea5-4cb6-8e96-74a94a26a535,2026-07-20 05:58:23,PayPal,Credit Card,success,
4147ecc7-5633-4cce-88d1-e9c1fd302105,2026-09-09 12:03:08,Stripe,Credit Card,success,
418a5a8a-4e1e-4836-931d-65ea4c672bf3,2026-09-06 01:24:40,Adyen,Credit Card,success,
7c67f48c-10c5-45bf-93b8-2a8a7847ffbb,2026-08-16 18:39:14,Adyen,Credit Card,success,
ab3b78cc-5b6d-4ccb-a90d-af622aa1fad5,2026-09-09 21:06:20,Adyen,Credit Card,success,
1321a159-d149-486e-920e-34dd50b31819,2026-08-03 19:31:16,Stripe,Credit Card,success,
567aef73-e08e-4c6c-9833-3763d50c1b78,2026-09-19 06:29:06,Adyen,Credit Card,success,
f0da0296-5ed5-47b4-ba5d-3772c1f7bad9,2026-08-16 00:33:50,Adyen,Credit Card,success,
9b7dc893-5e32-4ba2-a6ae-071e31f5f368,2026-10-02 10:45:51,PayPal,Credit Card,success,
0ddd35eb-40bf-4e00-8ec2-96aaa26ec5b1,2026-08-28 14:52:03,PayPal,Credit Card,success,
23c215ff-30d1-4040-8827-3e1e1da5b71f,2026-09-10 21:38:44,PayPal,Credit Card,success,
432b495e-4c81-4a22-99c8-6aca290d4f70,2026-07-08 11:40:53,Stripe,Credit Card,success,
5154f132-8880-492e-8607-8be7c3633a81,2026-08-15 19:18:45,PayPal,Credit Card,success,
3ca2ee50-2da1-4442-89e5-f0377c94f749,2026-09-09 04:44:08,Adyen,Credit Card,success,
722b012e-79ab-459a-b998-f9911239d999,2026-08-15 07:35:03,Adyen,Credit Card,success,
2582f964-d8a3-4d49-ad9e-175eb277edd8,2026-07-16 04:01:48,Adyen,Credit Card,success,
852ddcb2-55a8-4d08-a461-a47476bdd57a,2026-09-25 00:07:57,Stripe,Credit Card,success,
047bae01-0ce5-4c90-97e7-a65e59301c50,2026-09-08 07:31:49,Stripe,Credit Card,success,
5bcf4ea4-06bd-4f6f-8312-5db7ae08fdbc,2026-07-13 22:03:03,Adyen,Credit Card,failed,3DS_TIMEOUT
d756d49e-b0ee-4a84-ad75-2fb566fc8a47,2026-08-30 05:11:52,Stripe,Credit Card,success,
cd3eb180-1c84-405e-a0aa-a4e9e5d83ca9,2026-09-28 04:23:30,Adyen,Credit Card,success,
3d9a4d6d-26c6-4a6f-8339-d86d5ca26882,2026-07-20 07:39:39,Stripe,Credit Card,success,
a556bf00-3d27-4afd-980a-cb0855a18b99,2026-07-11 17:32:52,PayPal,Credit Card,success,
9fc4bf28-ff91-40da-9920-6852b6fcd088,2026-07-17 14:24:24,PayPal,Credit Card,success,
9cdd4f86-8328-486e-b9e4-7b1608f25646,2026-09-18 18:48:02,Adyen,Credit Card,success,
acf04371-976e-44fe-8f16-ace3d3cae5b5,2026-08-02 01:43:44,Stripe,Credit Card,failed,3DS_TIMEOUT
d8944395-dffb-48d4-a278-2cb355de850a,2026-08-12 11:19:23,Stripe,Credit Card,failed,INSUFFICIENT_FUNDS
25244fc1-3ffa-4f8c-a58e-cfcab655ec42,2026-07-24 17:26:31,Stripe,Credit Card,failed,3DS_TIMEOUT
6f18f1cd-978c-4a48-973e-9c4103318b90,2026-07-17 08:26:46,Adyen,Credit Card,success,
d96d53fb-249a-4cf6-9ca2-738130c40981,2026-09-20 05:21:47,Stripe,Credit Card,failed,3DS_TIMEOUT
0b2e2ade-582d-41dd-b94e-6dd9c5a6485e,2026-08-20 01:45:38,PayPal,Credit Card,success,
73399a88-82e9-489a-a086-bb017a03ffbb,2026-08-04 05:01:36,Adyen,Credit Card,failed,INSUFFICIENT_FUNDS
59156c7a-b361-4720-b3b9-792ae0b541b8,2026-09-16 11:31:23,Stripe,Credit Card,failed,BANK_DECLINE
12cf7884-d16a-4ff6-9efe-247dfd5ef181,2026-07-17 19:46:13,PayPal,Credit Card,success,
73a52516-f249-4696-8e61-66d2c1395718,2026-07-25 19:43:58,PayPal,Credit Card,failed,INSUFFICIENT_FUNDS
c648ae61-91e2-49a6-b1d9-50447422a03d,2026-07-27 01:58:06,PayPal,Credit Card,success,
4a821241-0271-4da6-bcdd-78a0263ca24b,2026-09-03 18:58:14,PayPal,Credit Card,failed,BANK_DECLINE
260e693d-1703-477c-b181-c378512f7202,2026-09-05 07:26:32,Adyen,Credit Card,success,
e4b8856f-95a0-4e4f-8795-0cb84eac9fe2,2026-10-02 20:46:43,Adyen,Credit Card,failed,3DS_TIMEOUT
cce1f397-ced3-4ada-be9e-af4b5912eb5f,2026-07-16 01:04:14,Adyen,Credit Card,success,
13d6db37-b355-4a7c-a1b7-e6f1837f76df,2026-08-31 16:02:08,Stripe,Credit Card,failed,INSUFFICIENT_FUNDS
c6bcc082-cf1f-4d3f-a30e-1af4021676c3,2026-09-08 11:34:05,PayPal,Credit Card,failed,3DS_TIMEOUT
1afb466d-680c-4ef2-8369-308c6e53ded1,2026-07-24 16:09:46,Stripe,Credit Card,success,
9ec3e8b1-3815-40e7-9ff1-2e3b302725e7,2026-09-28 12:07:23,Stripe,Credit Card,success,
414c445c-b254-4b77-ba8d-c4b903d38beb,2026-08-19 06:48:31,PayPal,Credit Card,success,
752d9d15-274b-4016-bd7c-0590031740ab,2026-09-18 18:27:20,Adyen,Credit Card,success,
1176e39f-9bbe-434a-b6ae-b6ae489c16a5,2026-07-30 00:30:32,Adyen,Credit Card,failed,3DS_TIMEOUT
6a601a0a-7027-48ea-b796-65823349eb27,2026-10-06 09:01:06,Adyen,Credit Card,success,
fa325244-e0f1-4902-8bc9-a93cbb63b4df,2026-09-01 23:24:45,Stripe,Credit Card,success,
3e1311ee-a7a1-47aa-8858-43069b8ead09,2026-10-02 20:25:54,Adyen,Credit Card,success,
b8ab107d-72e6-456b-8234-35f0bb433b15,2026-08-09 00:03:02,PayPal,Credit Card,success,
947917b5-d4ab-425c-b686-9f2e3acdee23,2026-07-17 17:40:14,PayPal,Credit Card,success,
d99ea7d5-aa00-47c2-bd86-6a14d8e43fe3,2026-09-17 10:19:33,Adyen,Credit Card,success,
23588067-bbcd-4d6f-ab2d-ada04692d02f,2026-07-09 14:06:20,Stripe,Credit Card,success,
e9f3a8ff-a498-4f91-a972-c2ca183a9120,2026-07-13 17:35:34,PayPal,Credit Card,success,
77fd5c3e-a62c-42bf-8dcb-4b944a4968ed,2026-08-05 14:42:39,PayPal,Credit Card,failed,3DS_TIMEOUT
73e60b21-2034-4863-b0f9-62d0b05aa1f5,2026-08-16 05:38:36,PayPal,Credit Card,success,
cb344345-bbef-4692-bbf4-a12676bf1a43,2026-08-28 09:03:10,Stripe,Credit Card,success,
ce9d75c4-1928-4758-87bf-623aa0894446,2026-08-19 05:35:47,Adyen,Credit Card,success,
fe133a28-d517-410b-9e42-5ac0bc268650,2026-07-19 09:40:42,PayPal,Credit Card,success,
a597bfa4-d899-4b8f-b655-4f478fae80c1,2026-09-06 07:22:15,Stripe,Credit Card,success,
e483c675-d37e-4cee-9604-7e8ac8c2e003,2026-08-07 02:26:25,Adyen,Credit Card,success,
7a8eedef-fbd4-4654-b2db-9756fd0eb2b8,2026-07-28 18:29:32,PayPal,Credit Card,failed,3DS_TIMEOUT
e69a5d80-6d72-44c1-a773-036e0218e4a4,2026-07-25 00:19:55,Stripe,Credit Card,success,
1d065f81-b03b-49c2-8c78-485ca004a27a,2026-07-14 07:31:59,PayPal,Credit Card,success,
27d52c00-0576-4003-ac0a-35042b2439df,2026-09-29 04:57:39,Adyen,Credit Card,success,
c7614a01-a6af-45c0-b3ed-028293ff392e,2026-07-30 22:07:43,Stripe,Credit Card,success,
d67424d6-85f4-4581-a0b4-ed01e967777d,2026-09-30 15:11:35,Stripe,Credit Card,success,
6236b7e3-2092-475a-a96e-ecf50b1fccb6,2026-09-04 10:49:05,Adyen,Credit Card,success,
fb114440-985a-47ad-9a72-1d59690c6452,2026-07-10 13:32:32,Adyen,Credit Card,success,
ae2d626d-0855-4fcb-8880-cf0a90f736aa,2026-07-12 08:05:56,Adyen,Credit Card,success,
438433e7-32f7-47d0-82bc-eee45908b925,2026-08-09 20:44:04,Stripe,Credit Card,success,
c8ce7494-afd0-4a4f-8381-890c3eebcb6e,2026-07-10 06:16:57,Adyen,Credit Card,success,
96e3addb-fb3d-4fec-a71b-54e2543b831b,2026-07-23 04:58:25,Stripe,Credit Card,success,
1bc18aa2-8e91-4f35-a956-63c1ef301fb7,2026-07-17 00:02:04,PayPal,Credit Card,success,
fc08e94d-0db4-473c-ad4d-574f35443cad,2026-08-17 23:55:05,Adyen,Credit Card,success,
62691a4e-4c98-48fd-84eb-4aa7fdd1cfaf,2026-08-30 02:57:57,PayPal,Credit Card,success,
2c7b0851-9228-4b5d-960d-a0b87eacc877,2026-09-02 21:21:48,PayPal,Credit Card,success,
dda1c35d-3983-4db5-ac05-7fd9192e2696,2026-10-03 17:27:40,Adyen,Credit Card,success,
4fc36cd4-bf19-4018-af0f-9b686f06264e,2026-09-05 21:29:33,PayPal,Credit Card,failed,3DS_TIMEOUT
c6ba2ddd-2934-4704-9b7b-b7efe03894be,2026-07-31 00:28:55,Stripe,Credit Card,success,
4d930721-c3d8-4de4-86d3-dba4d263d18b,2026-07-16 04:39:59,PayPal,Credit Card,success,
b3a2dcaf-75d3-443d-93f3-fdd0e435b7d6,2026-08-23 11:36:19,Adyen,Credit Card,failed,3DS_TIMEOUT
f4baff4f-419a-4685-86a8-2d88bd291e25,2026-07-11 14:34:35,Adyen,Credit Card,failed,3DS_TIMEOUT
dbf9013b-d692-44a0-9ada-ce4cb113231d,2026-10-06 07:53:25,Stripe,Credit Card,success,
251f74b5-2d8d-4779-baae-16617a14c02f,2026-08-03 16:17:28,PayPal,Credit Card,success,
f1d960c8-1cc6-4ba3-9a91-412b9edc2646,2026-07-14 21:34:31,Adyen,Credit Card,success,
6534cad7-b74f-4c05-9de1-bbe01b736ef0,2026-08-09 00:32:08,Stripe,Credit Card,success,
f03207dd-ed1c-48b3-ac6c-6bc7030268fe,2026-09-30 15:11:46,Stripe,Credit Card,success,
7cd7582a-721a-45d2-9dbf-c86a90750894,2026-10-01 16:50:14,PayPal,Credit Card,success,
e1d28224-50b5-4c97-9868-4ac9392f45e9,2026-07-13 06:19:55,PayPal,Credit Card,success,
0b3681a4-ec5c-4e4b-9335-f4a751edbb83,2026-07-24 15:24:20,Stripe,Credit Card,success,
2b016bcd-49af-487b-8b57-9140ff8258e4,2026-08-22 11:41:09,Stripe,Credit Card,success,
819e770d-9a10-4459-95a0-4b5be2396958,2026-09-16 15:21:32,Stripe,Credit Card,success,
1b2d42f2-5cdd-4dec-a4c0-604c777d7aa0,2026-10-03 07:23:34,PayPal,Credit Card,success,
fa82d42e-0ba2-4acf-b100-9422f0e9c3da,2026-08-08 21:10:56,Adyen,Credit Card,failed,INSUFFICIENT_FUNDS
59caef34-7add-4b23-ad30-11bc3e9e4901,2026-09-15 13:18:38,Stripe,Credit Card,failed,3DS_TIMEOUT
4fa9a68e-3e93-48e8-83e6-5f0b07389470,2026-09-05 21:41:51,Adyen,Credit Card,success,
fb8c5874-173e-4a5f-93ff-418f06d33c4b,2026-08-14 10:20:32,Adyen,Credit Card,success,
47d219f9-5e46-4f14-8d91-6a50511355a1,2026-07-13 11:01:37,PayPal,Credit Card,success,
1f89fe99-1a80-472f-8791-15a425694d52,2026-09-05 12:10:36,PayPal,Credit Card,success,
e53d0b14-891f-4e93-9210-b3c0c174ccf2,2026-09-03 15:36:49,Adyen,Credit Card,success,
adb7ab72-4509-4f9d-a053-4c6f29e02167,2026-10-02 03:03:21,PayPal,Credit Card,success,
8e516062-5503-4b18-9907-a5bf5ec0ffd9,2026-08-31 14:39:15,Stripe,Credit Card,success,
84b657b1-aa8d-4bee-bb67-94a36e17aa38,2026-07-22 20:55:23,Stripe,Credit Card,success,
c43f95de-7b3f-4da7-aeaf-dfe124b6c61c,2026-09-13 14:48:35,Stripe,Credit Card,failed,INSUFFICIENT_FUNDS
3062c313-9af8-486a-80f0-e50e7da10637,2026-09-14 10:13:48,Adyen,Credit Card,success,
dafdca6e-4b1a-4fe7-a982-cd165b98e8c2,2026-08-21 16:28:58,Adyen,Credit Card,failed,INSUFFICIENT_FUNDS
51665743-c5bc-4019-98c1-a50cf7efe4b6,2026-09-05 21:39:25,Stripe,Credit Card,success,
f63bc845-47bc-40b2-95c4-cdf54b74ac41,2026-08-28 20:00:30,Stripe,Credit Card,success,
fe950cfe-0c93-4129-a5e2-0f203b9bdd6b,2026-08-02 16:31:20,Stripe,Credit Card,success,
2b4b8fc3-cae2-4422-8961-e501b129e630,2026-08-28 11:42:59,Adyen,Credit Card,success,
b526d124-91cf-43de-a32f-437615fccaf5,2026-09-18 01:53:20,Stripe,Credit Card,success,
03963d7c-71f1-491d-aa26-2241c3ccb0c1,2026-09-24 17:41:50,Adyen,Credit Card,success,
6325c743-ea4c-43c2-be00-5c69c50383a1,2026-08-10 06:54:51,PayPal,Credit Card,failed,BANK_DECLINE
e2dfc86b-ae01-4a2a-a157-c3a36ce3f55f,2026-08-23 13:07:17,PayPal,Credit Card,success,
2bd030d2-9f93-4eef-84ad-b06f0ec6ea6b,2026-07-11 22:19:13,Adyen,Credit Card,success,
d762717a-e60e-4616-8d9f-b1813d3674cb,2026-10-03 11:07:34,PayPal,Credit Card,success,
4f8ad927-6414-47d3-a44d-ce353bd00f02,2026-09-13 00:47:02,PayPal,Credit Card,success,
914dca7f-5775-4bc9-b3ac-4986132d8e42,2026-08-04 16:59:05,Stripe,Credit Card,success,
20ee8e92-4d96-48b2-98d9-1b3bcafad8b6,2026-07-19 08:58:51,Stripe,Credit Card,success,
227d2627-5f53-48d3-8677-b35c67846e83,2026-07-10 21:34:36,PayPal,Credit Card,failed,3DS_TIMEOUT
fe2bfc04-e5ea-4052-a499-52c4334b90fd,2026-07-23 10:29:35,PayPal,Credit Card,success,
d72658e0-b8c0-441f-a8b9-d4d1c08e4725,2026-07-22 09:22:03,Adyen,Credit Card,success,
e7aa5e29-44b4-4234-bf72-803fce5bd965,2026-09-30 10:37:26,Adyen,Credit Card,success,
0e5858ac-70c1-4291-9815-814a3631ae57,2026-08-28 00:30:07,Stripe,Credit Card,success,
61dfb00d-7cde-4677-bba9-09252393bc5e,2026-07-10 15:50:58,Stripe,Credit Card,success,
b69dbfbd-2696-4371-9b4d-0ec8d6b6630b,2026-08-23 04:21:00,PayPal,Credit Card,success,
2e898f70-68d4-4030-a09a-fc6fae0ad813,2026-08-09 17:51:14,Adyen,Credit Card,success,
bfcfeff3-7784-4002-b2ad-fe2a789456d1,2026-10-06 01:42:35,PayPal,Credit Card,success,
407aeae1-fd5e-433c-b753-e2f5bfb7ee43,2026-07-21 06:34:25,Adyen,Credit Card,success,
f5d6c8dd-7e82-401e-af17-2eeb53b0f173,2026-08-09 13:11:05,Adyen,Credit Card,success,
6f3d5e7d-8608-4a5f-9671-ed5220229825,2026-08-11 14:23:21,PayPal,Credit Card,failed,3DS_TIMEOUT
9c3b1c54-c5b2-4d2d-aeee-38c02f20e8a1,2026-09-15 19:50:09,Adyen,Credit Card,success,
d59b02c1-9653-4046-b438-4d5565ba5323,2026-07-15 08:44:09,Adyen,Credit Card,success,
8af40866-8c43-4543-aa40-2a99e857ffd2,2026-08-29 04:50:51,Stripe,Credit Card,failed,3DS_TIMEOUT
462513aa-0d3e-4fd8-99ee-87345801c861,2026-08-10 16:51:25,PayPal,Credit Card,success,
dff5c206-ae21-4fdf-b5d9-9e2b479d4ca2,2026-07-17 23:00:56,Adyen,Credit Card,success,
393351dd-82ff-42b0-a1b8-f8acd525e0f8,2026-08-16 21:01:24,PayPal,Credit Card,success,
6b83974b-ea71-4589-babe-1fbcc9c1cc59,2026-07-29 14:32:14,Adyen,Credit Card,success,
b6c6668c-f111-4770-b42b-62cfaad007d5,2026-09-19 18:43:17,Adyen,Credit Card,success,
ab6b9e81-e9c9-44e6-9430-f3efe1eb1238,2026-09-08 05:45:31,Stripe,Credit Card,success,
4dcdfbd9-7100-4abf-bbba-116370206b5a,2026-10-05 03:23:09,Stripe,Credit Card,success,
a8762d75-e008-4774-bc4b-16d00058033b,2026-07-17 03:31:02,PayPal,Credit Card,success,
8584907f-816b-4d76-a238-efbe8e8e08e1,2026-08-12 08:33:35,Stripe,Credit Card,success,
1e752a9c-5c8c-44a7-98b5-147ef33cab36,2026-09-15 14:01:19,PayPal,Credit Card,success,
d2907f80-4370-4599-ad0f-b3509be5bb0b,2026-08-14 19:37:48,PayPal,Credit Card,failed,3DS_TIMEOUT
24c0a885-e17c-4c84-817f-d5d51eccbfc9,2026-08-17 23:41:28,Adyen,Credit Card,failed,BANK_DECLINE
98e06139-8dd9-4025-a5c9-de4ef69ddedf,2026-08-24 17:34:07,Stripe,Credit Card,failed,INSUFFICIENT_FUNDS
87715c9f-4a00-4c9c-bca4-70c42706f651,2026-08-21 18:05:27,Stripe,Credit Card,success,
63bec8b4-d2b8-48c6-91c3-453baa19f67a,2026-08-18 15:44:28,Stripe,Credit Card,success,
bceab397-fc1d-4782-9c0e-d80792b75951,2026-08-11 23:23:27,Adyen,Credit Card,success,
6d8746c3-7b88-46bd-b20f-2bded8503002,2026-07-09 04:46:31,PayPal,Credit Card,success,
4278ab62-58c6-4e52-ba5e-d1e823547960,2026-07-31 11:08:16,PayPal,Credit Card,success,
c07a659c-a091-4565-88bf-130f74baf101,2026-08-30 12:07:07,Stripe,Credit Card,failed,INSUFFICIENT_FUNDS
b6c18208-2f44-469a-8767-c82e74f2ef7f,2026-09-01 15:20:58,Stripe,Credit Card,success,
18f6f26c-df3e-4a92-977d-058b06a282b3,2026-09-02 19:35:15,Adyen,Credit Card,success,
d1c9049d-cfc7-4a44-81cb-2d7c63b68366,2026-07-22 06:33:34,PayPal,Credit Card,success,
19287cbd-b227-4a32-92f0-3cb522dec71e,2026-09-07 17:01:02,Adyen,Credit Card,failed,BANK_DECLINE
f793b387-d9f5-4e5d-a38f-cdfcd1350b18,2026-07-16 01:24:54,PayPal,Credit Card,success,
ef50cba6-4c06-4415-a903-99a4b1a0c3df,2026-10-04 10:43:43,Stripe,Credit Card,success,
74f929d6-f9ac-4714-aa29-f47ec0dee693,2026-08-18 08:30:29,PayPal,Credit Card,success,
5db84d4a-7bd7-434c-85a9-14b2de399c5c,2026-08-06 01:58:41,Stripe,Credit Card,success,
ea0a43d1-1723-4199-a29a-dc72dac3f9d9,2026-09-02 14:38:12,PayPal,Credit Card,success,
d7cb4fd1-2aff-486c-b6dc-600847a4231e,2026-08-05 07:47:56,Adyen,Credit Card,failed,INSUFFICIENT_FUNDS
486d4c47-0fad-4b4f-8c89-ceb09b129552,2026-08-13 09:04:50,Adyen,Credit Card,success,
35a50547-8eb3-4b0b-bd04-644ba711962c,2026-08-28 16:22:19,Stripe,Credit Card,failed,3DS_TIMEOUT
74471961-c293-49b9-8d20-651e69362df7,2026-09-17 18:39:05,Stripe,Credit Card,success,
8465f6b0-45b0-4049-b7f6-aad651b0ec90,2026-08-03 03:32:47,Adyen,Credit Card,success,
a2292b6d-d777-418e-bb18-e16612831f1e,2026-07-24 18:00:34,Adyen,Credit Card,success,
8bb03350-fe69-4034-9abf-328cfdc7bd78,2026-09-18 22:07:03,Stripe,Credit Card,success,
2b4a587a-2993-44b0-9076-dce3e51f5777,2026-09-19 12:44:44,Adyen,Credit Card,success,
3d1bf862-b2c2-4985-85d3-c5cdae701626,2026-09-12 20:09:43,PayPal,Credit Card,success,
1c45848c-6425-4f68-a39f-a21dfea450fc,2026-09-12 08:28:46,Adyen,Credit Card,success,
87c78796-a2b5-4e88-a30a-4cde9318abb0,2026-07-12 11:03:24,Stripe,Credit Card,success,
dc984220-5231-4c5d-af06-6c86ef0d0e57,2026-09-28 10:41:29,Stripe,Credit Card,success,
8baea0d3-8791-41f3-a3cb-b09b95d5a5f5,2026-08-19 09:36:09,Adyen,Credit Card,success,
5ec36755-ef7a-4598-a171-2b606d6ef0a7,2026-09-21 06:51:03,PayPal,Credit Card,success,
302c1522-eac5-4da4-b3a2-85934e803b3d,2026-09-13 11:55:23,Adyen,Credit Card,success,
c316cdc5-f7d8-47c6-95da-4f87a2d55620,2026-07-09 12:06:49,Adyen,Credit Card,success,
8538ac85-4119-488a-aa4a-3948e3841b75,2026-07-09 15:20:23,Stripe,Credit Card,failed,3DS_TIMEOUT
3ff872ef-b12e-437a-9c01-41aa4d074f52,2026-09-13 00:47:31,Adyen,Credit Card,success,
26a4a2c1-699e-4e5e-8bb9-e2e0a6f19b4d,2026-07-17 09:42:05,Stripe,Credit Card,success,
beea4008-805f-4228-b378-dec4ac4ca42b,2026-10-03 06:33:36,Adyen,Credit Card,success,
82e5a1a7-135f-412c-a16a-7ce22e1ee223,2026-08-06 01:51:30,Stripe,Credit Card,success,
f38fb8c8-2e81-48a2-b5a2-0aba371119a6,2026-07-24 04:52:29,Adyen,Credit Card,success,
7d63328e-908d-4c14-a504-d326ee508ac5,2026-07-14 07:24:41,Stripe,Credit Card,success,
39ee3d0e-3e38-4846-972e-b6349dc766e7,2026-07-27 23:04:08,Stripe,Credit Card,success,
cb35d06c-f107-455e-9486-ff19b46716e0,2026-08-19 08:21:30,PayPal,Credit Card,success,
b68e228a-25d1-44a4-89d9-22075242a4c3,2026-08-25 19:11:46,Adyen,Credit Card,success,
3b5af804-b1eb-49e8-b3ce-789953e39116,2026-08-09 12:01:32,PayPal,Credit Card,success,
acaf13d3-04f9-40a0-b25f-dd3ef62902e6,2026-08-12 07:47:55,Stripe,Credit Card,failed,INSUFFICIENT_FUNDS
6383f0b2-906b-44fd-8e32-0829f4845f3b,2026-08-10 11:52:18,PayPal,Credit Card,failed,INSUFFICIENT_FUNDS
2fb4b0b7-a74d-4614-b40b-b1366a18c6ee,2026-09-20 21:33:19,Adyen,Credit Card,success,
2cdc0528-9967-48f1-a0cc-ba3debba2421,2026-08-05 15:07:42,Stripe,Credit Card,success,
0c9ab83a-119e-450f-834b-6866d77c849f,2026-07-18 20:15:40,PayPal,Credit Card,success,
a2a3110d-b109-4c76-bc33-30a265f95bc1,2026-09-07 16:54:53,PayPal,Credit Card,success,
96384541-aa8c-4f20-96e2-7f6767e45c01,2026-07-22 01:33:26,Adyen,Credit Card,success,
0fb4b30b-f5cf-43db-92df-8fb2a5e06232,2026-07-27 05:24:25,PayPal,Credit Card,success,
3be69e30-4e58-4ad4-b185-98bbe8965791,2026-08-24 23:27:39,Stripe,Credit Card,success,
1b2fe85d-2610-467b-a366-6115842ca84b,2026-08-15 05:22:03,Stripe,Credit Card,success,
9777a007-8122-463b-860b-e7d4cd80c1d5,2026-08-10 10:03:14,Stripe,Credit Card,success,
f151c091-c219-474e-b4c6-1b008315fd02,2026-09-12 07:29:33,PayPal,Credit Card,success,
af0b0d1c-7d4f-405c-95c8-7fc74cb85c01,2026-08-23 05:29:38,Stripe,Credit Card,success,
6d9fc7ac-530f-43e9-8e2e-4dba31c0311a,2026-10-04 13:21:00,Stripe,Credit Card,success,
a706c80e-6428-487f-89d9-ebd3761088ff,2026-09-14 13:36:26,PayPal,Credit Card,failed,3DS_TIMEOUT
8068d4af-9676-4b85-af7f-604e013859b4,2026-07-29 21:26:10,Stripe,Credit Card,success,
ddff2d91-e8e6-4775-975b-ee0d061bc3f2,2026-07-14 14:31:03,Stripe,Credit Card,success,
9d9c6644-58ec-43b1-9325-5a68d8d57057,2026-09-27 15:14:59,Adyen,Credit Card,success,
b5fbba31-a4e1-4f41-b27c-ea4dab6010cd,2026-08-30 11:27:33,Stripe,Credit Card,success,
52b8327f-34ae-469f-bfc4-5bc1adf7fe59,2026-07-14 14:46:53,PayPal,Credit Card,success,
b48c940e-0bef-49c1-8136-f87f000a5a6c,2026-07-09 04:18:11,Stripe,Credit Card,success,
5ae095b4-b036-4edf-8746-0b54f76a4ee2,2026-09-04 02:57:13,PayPal,Credit Card,success,
e73677fb-b501-44df-8558-907ab9f8721d,2026-09-22 11:00:50,Adyen,Credit Card,success,
616a17bb-edb0-4c1b-a00d-9d0116c6ff30,2026-08-06 17:18:36,Adyen,Credit Card,success,
123e92c0-acf6-402c-a3f5-6d2f5bad4808,2026-07-17 18:25:36,PayPal,Credit Card,success,
8534d33a-f116-4d47-9be6-1f7d47395a3e,2026-07-28 16:23:47,Stripe,Credit Card,success,
7e804da2-38e6-4856-b38f-bbf51052236f,2026-09-23 19:42:20,Adyen,Credit Card,success,
fb6e9498-37c9-41bd-b37c-aac389441648,2026-09-13 00:12:06,Stripe,Credit Card,failed,3DS_TIMEOUT
c887836d-ca76-4ee8-9fa1-f1a8fa3d7e44,2026-08-25 18:45:21,Adyen,Credit Card,success,
abd69a94-2205-48b9-92e0-f3918c63fc87,2026-09-24 15:36:09,PayPal,Credit Card,success,
c2ad83b2-00a5-4975-8be9-b3c372a44453,2026-07-18 14:46:54,PayPal,Credit Card,failed,BANK_DECLINE
8f46769f-1ab2-4eed-a931-236b2ac61aae,2026-09-16 12:27:47,Stripe,Credit Card,success,
f0838b52-fbac-48b6-bb50-e941b988b9c9,2026-08-20 15:58:44,Stripe,Credit Card,success,
aa980dc1-e5f7-4700-a8f3-3e8bed47e33b,2026-08-13 22:31:16,PayPal,Credit Card,success,
28fa0fc2-f3aa-4aef-b7fa-6ef64ac00f0a,2026-09-03 06:49:40,PayPal,Credit Card,success,
c1271a1c-bf90-4be0-b47a-887076dec0a7,2026-07-22 13:12:41,Stripe,Credit Card,success,
441bebd0-b3ae-411d-85b5-49a9098af380,2026-07-25 18:22:23,PayPal,Credit Card,success,
35c77fe4-2603-4c15-8ca9-f88826bdece3,2026-08-10 02:09:21,Adyen,Credit Card,success,
25409601-cfda-43eb-965e-388bb820d650,2026-08-10 20:03:18,PayPal,Credit Card,success,
57288c09-c657-472f-82ca-f75cfb3fbcc7,2026-09-23 03:14:35,Adyen,Credit Card,success,
0ea92ac0-c5fa-4c65-9981-8bbddb19f956,2026-10-04 09:36:44,Stripe,Credit Card,success,
be06675a-5565-4563-a452-d2e0b6542ba2,2026-07-24 23:26:21,PayPal,Credit Card,success,
479b2d99-b104-4947-9315-41533d1ed6f2,2026-08-24 23:25:03,Adyen,Credit Card,failed,INSUFFICIENT_FUNDS
9c074f30-dc49-4dd2-89c1-a690459f4417,2026-09-27 17:47:08,Adyen,Credit Card,success,
ec1bfa5f-d379-46d0-90a1-fc1369c3467a,2026-08-19 01:01:53,Adyen,Credit Card,failed,3DS_TIMEOUT
2b6aa22f-8996-43b8-bc0a-1948783cd7bc,2026-08-15 18:17:37,Adyen,Credit Card,failed,INSUFFICIENT_FUNDS
07cb9d10-0cce-4dd0-bdde-e83a094255aa,2026-07-17 06:52:52,PayPal,Credit Card,success,
61f91078-c59a-4761-8dc4-8ed56e300a10,2026-09-21 09:58:11,Adyen,Credit Card,success,
5210dfb3-a8b6-42b2-bf2c-e73df606f425,2026-07-26 10:24:59,PayPal,Credit Card,success,
df6cb42e-8711-4671-b1e8-8be45cba1d8c,2026-09-06 17:14:09,Adyen,Credit Card,success,
30040125-43e7-4482-b9a3-6f37dd1f9257,2026-08-09 23:54:50,PayPal,Credit Card,failed,3DS_TIMEOUT
c25a933e-a996-4c0f-b02b-ec74e956e904,2026-08-23 22:26:18,Stripe,Credit Card,success,
bf83d49f-e934-44e0-9fb9-f8521b64d58e,2026-08-21 09:39:18,PayPal,Credit Card,success,
def7e1b9-91b2-450d-b0e8-e858c9dd514e,2026-09-26 14:44:23,Adyen,Credit Card,success,
3bb73caa-3c44-4954-80f6-b88eb59e7711,2026-08-13 05:18:33,Stripe,Credit Card,success,
963ef7ab-84fc-4157-ba69-1d6d6cee4ae0,2026-09-25 00:05:59,Adyen,Credit Card,success,
eaa03cfc-5a09-489f-9e32-38ac96b1aabe,2026-07-16 06:16:45,PayPal,Credit Card,success,
1bd06812-2c9d-4713-9259-ed8a94d5b684,2026-08-17 22:03:52,Stripe,Credit Card,success,
286e72b9-b748-40f8-93e6-37335d9a5ac1,2026-09-18 02:27:32,PayPal,Credit Card,success,
7176ca7f-f705-497e-92cf-18631d4bc65b,2026-09-27 13:01:40,Adyen,Credit Card,success,
6c8d085a-30a2-4baf-9cdb-7ff83f19dc36,2026-07-30 11:54:19,Stripe,Credit Card,success,
d7d8fde5-2220-4d38-971d-75fb25e4b06c,2026-09-21 05:07:09,Adyen,Credit Card,success,
08ffd2f3-8458-4c4e-a4c5-ca3b8a10f50a,2026-08-21 17:51:04,Adyen,Credit Card,success,
af324f44-c4d9-4dfc-84e0-8daa07c3e4eb,2026-07-24 02:08:04,PayPal,Credit Card,success,
a1a7ceac-cd0f-4f08-afe4-b4c55ec5498e,2026-07-28 09:30:59,Adyen,Credit Card,success,
abaaa622-2792-40fc-bf5c-42177aa698fa,2026-08-29 06:56:53,Adyen,Credit Card,failed,INSUFFICIENT_FUNDS
8fdc4faa-130b-4771-9692-de86247f0245,2026-10-04 12:38:54,Adyen,Credit Card,success,
5c742745-e8aa-4994-b0a9-e06dd7b52d69,2026-09-17 12:18:23,Adyen,Credit Card,success,
89b3ecdf-a7bb-46e6-905a-ac61e6bf5b28,2026-09-12 07:20:34,Stripe,Credit Card,success,
76f91797-3ba7-492c-8e21-c8d0d90f71bb,2026-08-25 02:20:01,Adyen,Credit Card,success,
c47baae4-8e5d-414e-bdbc-ba74120f81c5,2026-07-13 22:04:03,Stripe,Credit Card,success,
9c248294-4867-47ff-9da5-ae30cd8aa225,2026-09-15 23:46:49,Adyen,Credit Card,success,
1c82aa81-361d-46f7-bdb6-ac8ffcc2ea6d,2026-08-07 09:21:30,PayPal,Credit Card,failed,BANK_DECLINE
be9484bb-b7ca-48f9-8625-4c27c02aa75e,2026-08-31 10:36:04,Adyen,Credit Card,success,
e869a355-3d72-4ddc-9bc6-2d4664ff5c7d,2026-08-05 13:57:53,Adyen,Credit Card,success,
3e4d22df-ac3a-443c-b449-d1078d4b45c5,2026-08-31 06:03:53,Stripe,Credit Card,success,
6e0c06f8-29b2-483f-9f19-a31b0b285c25,2026-09-23 07:08:07,Stripe,Credit Card,success,
e6fd1d7b-cadd-4dad-b0f5-ad771a5a8f59,2026-07-11 05:44:18,PayPal,Credit Card,success,
1d9ef600-eaab-400a-92ca-5d7a733b3dc3,2026-07-14 22:56:43,Adyen,Credit Card,failed,BANK_DECLINE
5daaedc1-dc1a-4b00-ae6e-6556c15e392b,2026-07-21 15:11:43,PayPal,Credit Card,failed,BANK_DECLINE
e7a383ae-ca21-488b-961f-fb5fa4bfdfc4,2026-08-12 00:57:50,Stripe,Credit Card,success,
0c80be8f-cccf-4d65-b994-2e7ea40c02ba,2026-08-05 14:53:00,Adyen,Credit Card,success,
bb2157cf-dbfa-4072-95bf-b6f2d08cfe4c,2026-09-20 17:19:24,PayPal,Credit Card,failed,BANK_DECLINE
bc431e44-5975-4046-8a42-bb801707fe3c,2026-08-30 06:24:28,Stripe,Credit Card,success,
c029e1c5-fbaf-4dfd-b762-775b86ab13c5,2026-08-11 14:49:43,PayPal,Credit Card,success,
0cb019bd-068d-4a98-8ad8-0cbc25588363,2026-09-26 09:55:54,Stripe,Credit Card,success,
a4e6fb50-9815-4846-822f-ba1791bbba49,2026-08-10 12:27:25,PayPal,Credit Card,success,
4a485981-3f85-469f-bf11-79c3719eb590,2026-07-23 11:36:04,Stripe,Credit Card,success,
9edce612-4942-4a69-a545-4998402c56c7,2026-08-26 08:25:28,Adyen,Credit Card,success,
f07dcb4f-96b0-4679-866a-b6a5d5b5033c,2026-09-06 00:51:02,PayPal,Credit Card,success,
7e1633f9-29df-43eb-8a98-cab7fe64e2b3,2026-09-28 14:56:57,Stripe,Credit Card,failed,INSUFFICIENT_FUNDS
750ffa49-2604-4b0f-8778-3f530b195863,2026-07-19 19:05:17,PayPal,Credit Card,success,
280f1867-07b8-4e47-a235-9466de418082,2026-08-07 01:25:18,PayPal,Credit Card,success,
e5bc0eb0-da1c-4ce6-88dd-028c7e4cdb22,2026-07-20 23:23:49,PayPal,Credit Card,success,
efc72ddd-31af-45de-a734-659993e05134,2026-07-16 02:37:33,Adyen,Credit Card,success,
8a7199a3-3886-4e63-aacd-b68b998984bb,2026-09-20 00:10:57,Adyen,Credit Card,failed,INSUFFICIENT_FUNDS
c82d3611-c8d1-4b34-8c06-6faa3b2b5490,2026-07-11 15:52:45,Adyen,Credit Card,success,
dcecca23-e785-4a0a-855a-7c81c262197f,2026-08-04 09:48:03,PayPal,Credit Card,success,
f404e8f9-a8fa-41ab-83bc-b27783dbae40,2026-09-05 23:45:26,Stripe,Credit Card,failed,3DS_TIMEOUT
370587c6-7fe3-4518-ace6-aea898f98b9c,2026-08-26 10:20:07,Stripe,Credit Card,success,
cbb61647-fbd0-4162-8340-9275d19c1f72,2026-09-03 16:50:03,PayPal,Credit Card,failed,INSUFFICIENT_FUNDS
9b4ae805-0b55-4c36-97bb-19e588d9ac51,2026-07-19 10:25:15,Stripe,Credit Card,failed,INSUFFICIENT_FUNDS
a21201d1-193f-439f-b50d-8e5b802823b2,2026-09-20 11:41:23,Stripe,Credit Card,success,
203b0b13-ef39-4706-9b3e-46eafc7bf5d8,2026-07-12 10:05:45,Stripe,Credit Card,success,
323b6406-cdc6-42fe-8f61-78c8262d36ba,2026-07-09 17:15:33,Stripe,Credit Card,success,
59623217-ddb1-46af-b972-a7abe30e986c,2026-07-18 16:32:01,Adyen,Credit Card,success,
d8eb251e-eff9-4f9f-8884-f5c49ffaff7f,2026-08-10 08:32:03,Stripe,Credit Card,success,
72252323-a3aa-41a7-a81a-99677885a42f,2026-08-16 17:31:14,Stripe,Credit Card,success,
581a59ba-6a4a-4826-adcb-dda9e144518e,2026-08-04 12:27:54,Adyen,Credit Card,success,
45a4f3f0-c8ae-43e7-b5e2-ae996e5631d8,2026-09-20 17:36:48,PayPal,Credit Card,success,
d797de66-1f40-4e02-a636-dc84576d7f6f,2026-08-25 18:11:49,Stripe,Credit Card,success,
b3ca373c-4e33-4fb8-bce6-bca67d90f277,2026-09-25 01:42:03,PayPal,Credit Card,success,
3018a02d-9e95-4bf3-a703-fe4ccd4b6544,2026-07-20 01:04:12,PayPal,Credit Card,success,
6d1dd72e-5a62-4340-a6fb-039ea032857d,2026-08-19 07:01:05,Stripe,Credit Card,success,
a04c6dc8-e98d-4ea3-910d-e415353b9ac4,2026-09-20 21:28:22,Adyen,Credit Card,success,
c76cc57d-9d3d-4205-99c8-7c3ad0935a13,2026-08-05 02:15:12,Stripe,Credit Card,success,
1748db92-5e19-4e80-b52c-dda59ca4cb34,2026-09-25 01:52:05,Stripe,Credit Card,success,
c4de354d-cca8-4c1e-8cc4-e10f5d7787e6,2026-09-07 04:10:43,Stripe,Credit Card,success,
f430a593-00c2-48dd-af0f-75c5cd854a07,2026-08-10 14:38:39,Adyen,Credit Card,success,
c18e9142-0052-4805-9f33-8767c98437a8,2026-09-30 20:14:28,Adyen,Credit Card,failed,INSUFFICIENT_FUNDS
0f1de35a-3d87-4346-abbe-623edfdc399e,2026-08-08 05:00:15,PayPal,Credit Card,failed,INSUFFICIENT_FUNDS
5ce523de-e58c-4c04-a7a2-02960951c54b,2026-09-02 01:35:19,Adyen,Credit Card,failed,BANK_DECLINE
b2b6be01-bf86-40a2-b40c-a6a46ebfc1ba,2026-08-12 18:05:42,PayPal,Credit Card,success,
9456a283-f781-43f6-b39b-63876d7ee7d0,2026-09-28 01:41:54,PayPal,Credit Card,success,
d9d8f16a-0f0c-4d50-9d89-5d98fb696a3d,2026-09-24 14:20:17,Stripe,Credit Card,success,
33ef7e08-256f-4bda-ac9d-2ac27bba050b,2026-08-04 00:27:10,Adyen,Credit Card,success,
3e1d6924-c5a4-45ff-ae68-c0f45d225e9d,2026-08-23 14:55:11,Adyen,Credit Card,failed,BANK_DECLINE
9c0b0b70-9461-471a-b8ae-bb7a95d360a1,2026-09-09 17:39:29,PayPal,Credit Card,success,
4de51cb8-5894-42cb-98ce-73d6b0d32063,2026-08-06 18:49:14,Adyen,Credit Card,success,
e96dc5e5-d6f8-41d1-83e8-c41083d94220,2026-09-07 10:26:50,Adyen,Credit Card,success,
68953141-3d1e-4b55-bbf9-43a4684a3306,2026-09-26 11:18:42,PayPal,Credit Card,success,
90508e60-58a1-4838-b04e-56627f1d9819,2026-09-08 09:56:41,Stripe,Credit Card,success,
936b72ae-204a-4c1d-bf21-00d50dd33144,2026-07-28 05:47:17,Stripe,Credit Card,success,
bf09083d-1d79-42f6-8e62-149671c01ce7,2026-07-31 09:41:11,Adyen,Credit Card,success,
38309c5d-b32e-442f-b43d-f6ac1347d04f,2026-07-27 02:40:09,Adyen,Credit Card,success,
cd3eb411-a3c9-43fc-9eb7-471ed0839e6c,2026-08-22 13:02:09,PayPal,Credit Card,success,
6a82d420-eb51-44be-a4af-9daa2451aecc,2026-09-24 11:50:48,PayPal,Credit Card,success,
e253697e-bcdd-4e05-97ad-653a43508f5d,2026-09-09 00:46:52,PayPal,Credit Card,success,
16b88936-ce26-45d3-9d56-f8584ac6eb91,2026-09-30 16:07:38,PayPal,Credit Card,success,
abeb141b-33ff-4d0f-a25e-adc6c18027c8,2026-10-03 13:05:44,Adyen,Credit Card,success,
705a3560-1932-426a-b27d-e8d5aa4086c6,2026-09-17 18:55:38,PayPal,Credit Card,success,
cf6cf921-f0a1-45a0-bebf-1afb0195c981,2026-08-28 11:24:55,Stripe,Credit Card,success,
48b4703c-a6be-4692-841d-d4961f04e93e,2026-09-04 17:09:22,Stripe,Credit Card,success,
10a7ea0e-a8f9-49df-a450-f10fe12b25e2,2026-09-24 17:12:26,Stripe,Credit Card,success,
c4f27ae9-e0d4-4f12-9ee4-713fd7a41d62,2026-08-04 03:12:16,PayPal,Credit Card,success,
209c450a-1610-4edf-b528-937bd096f405,2026-09-03 17:03:34,Adyen,Credit Card,success,
bc3f160f-aa95-49fa-8647-5ec2ea19ef0f,2026-08-18 14:56:42,PayPal,Credit Card,success,
121aa29c-9703-4c1f-84a4-af3c74a80f4a,2026-08-07 09:33:45,PayPal,Credit Card,success,
664b4963-5287-4ffb-bd22-16b6cc669ffa,2026-09-23 01:30:48,Stripe,Credit Card,failed,3DS_TIMEOUT
1cec7168-d23d-4f62-9148-6ce999083b6b,2026-10-05 14:22:57,PayPal,Credit Card,failed,INSUFFICIENT_FUNDS
9faa0ef1-6a68-4d8c-9544-791f7a43aa1a,2026-10-02 21:53:36,PayPal,Credit Card,success,
22fee884-7a9e-483c-8d49-fddefa3d8ca4,2026-10-01 20:46:30,PayPal,Credit Card,success,
7e2e5f4d-c7f3-48bb-8bd2-ea6d0b5c8760,2026-09-26 09:39:22,Stripe,Credit Card,success,
e7a97c06-5d8a-451a-a1b3-00b930e00e45,2026-09-20 10:59:41,Adyen,Credit Card,success,
e86112c5-9afd-414f-850c-47c1cbf7864e,2026-09-07 15:50:10,PayPal,Credit Card,success,
c4f365e5-b37d-4798-83e7-4973a9bbc1e2,2026-07-08 18:37:43,Stripe,Credit Card,failed,BANK_DECLINE
bff37ca7-f4e0-4ad9-bd5d-d0afa1f2aff8,2026-08-27 14:40:30,Adyen,Credit Card,success,
0c6f797a-7ada-4740-99b2-0ede026b7a77,2026-10-02 08:07:58,Stripe,Credit Card,failed,INSUFFICIENT_FUNDS
e0ec4d61-f942-4db2-a9f6-9d4fc08b658e,2026-08-22 08:59:50,Stripe,Credit Card,success,
8264c42e-a3ee-4a5b-960c-00a73f959a5b,2026-09-30 03:55:10,PayPal,Credit Card,success,
e5064376-9d57-49c5-b548-5f153738abf9,2026-08-18 02:15:10,Adyen,Credit Card,success,
d0d36357-82b0-42a1-92d0-7a703b0cd217,2026-09-06 10:46:19,Adyen,Credit Card,success,
3d51c3cc-305e-4682-985f-bc7ec0947bcc,2026-07-09 11:31:06,Stripe,Credit Card,failed,INSUFFICIENT_FUNDS
87fba451-7fdf-4160-8f70-24c7955630f8,2026-08-23 00:02:26,Stripe,Credit Card,success,
40e04568-4bb5-40fe-84da-1ab0ad485d4f,2026-08-14 17:05:06,Adyen,Credit Card,success,
cd599655-211c-4013-bd4c-136da86f6735,2026-08-02 08:30:27,PayPal,Credit Card,success,
2498a6fb-71a5-4163-a0ae-769d53810460,2026-10-04 15:46:45,PayPal,Credit Card,success,
3adce8c7-d707-49a3-9f6e-5905e02f047e,2026-08-13 11:43:32,Stripe,Credit Card,success,
5584df9c-58cf-4e9d-9c80-74f3f78ff833,2026-08-26 09:16:36,Adyen,Credit Card,success,
8bac729a-c2d7-46c7-8c9f-d48316d6f167,2026-08-22 22:10:33,PayPal,Credit Card,success,
cd0c3c16-6dd5-4482-baaa-45c49230970d,2026-08-07 21:26:34,Stripe,Credit Card,success,
c57e29c4-c089-4a74-843e-21b994cdd46d,2026-10-01 02:37:19,Adyen,Credit Card,failed,3DS_TIMEOUT
dddbacea-d3bc-4959-94b2-3b56690bef5a,2026-07-24 11:54:16,Stripe,Credit Card,success,
17b660b3-d4e9-405b-8acc-f79a6cece877,2026-08-25 12:41:30,Adyen,Credit Card,failed,BANK_DECLINE
f5a12fdb-80b3-4a47-93df-9fba86ff168a,2026-09-15 07:37:11,PayPal,Credit Card,failed,3DS_TIMEOUT
f5157f56-c561-4119-ab06-a19b0e1a1f02,2026-07-19 09:35:52,PayPal,Credit Card,success,
6365a213-0749-45bc-89e4-2fb68c2877dd,2026-08-25 20:09:14,PayPal,Credit Card,failed,INSUFFICIENT_FUNDS
8b174c92-2540-4afb-8391-fc5989a22e9d,2026-07-20 07:43:32,Adyen,Credit Card,success,
7803c154-f05e-4837-a84e-933b41fbffdb,2026-08-21 13:29:54,Adyen,Credit Card,failed,BANK_DECLINE
545f1522-394a-4b91-a6b1-71df5b8d254c,2026-08-14 12:10:13,Adyen,Credit Card,success,
6c73dc2a-6df3-4c1d-93d3-f469b3a543bb,2026-08-15 04:44:21,Adyen,Credit Card,success,
b52c6294-ca40-400d-a62b-00bfb782d775,2026-09-11 02:14:54,Adyen,Credit Card,success,
359b273b-58d6-4a15-963a-6841ac6a3af3,2026-08-25 00:22:10,Stripe,Credit Card,success,
b552006a-6da4-4b5c-9a81-844f74909f4b,2026-09-25 05:13:31,PayPal,Credit Card,success,
f51acb71-726a-40c5-ad3e-63602edf9df6,2026-09-07 17:04:11,PayPal,Credit Card,success,
c241b2c7-43ac-418a-94a9-da815636036f,2026-08-28 16:06:22,PayPal,Credit Card,success,
808e305c-79fc-4161-83a0-01236b4e0ab2,2026-07-13 02:40:49,Stripe,Credit Card,success,
2c34e1c9-37c9-45b6-b1ad-27d190bb67b5,2026-08-27 07:48:25,Stripe,Credit Card,success,
a11a5c48-0eb9-460e-b510-1656964f5b59,2026-07-17 15:37:52,Stripe,Credit Card,success,
ed84c324-04b8-47c2-86b1-368df87102ab,2026-08-15 15:07:39,PayPal,Credit Card,success,
6eae9970-4578-4461-8856-6c7d35df2c32,2026-09-14 20:47:15,Stripe,Credit Card,failed,3DS_TIMEOUT
8891015d-2dac-408d-b0a8-f8a924fa3c70,2026-09-25 02:54:56,PayPal,Credit Card,success,
cc72defe-1496-45d8-ac49-206fb2a63e7a,2026-08-24 17:36:36,Adyen,Credit Card,success,
536a39b3-7591-4e06-ad65-28734737ccdc,2026-07-09 19:47:44,Stripe,Credit Card,success,
de74cd10-341b-4ae6-bc7c-af2ad0689c84,2026-09-07 06:17:45,PayPal,Credit Card,success,
f471d827-682d-4aeb-9151-b77ae36a29bf,2026-09-29 19:11:33,PayPal,Credit Card,success,
8a2d1220-7eff-41f5-aeb2-6aa89107f846,2026-08-06 16:39:34,Stripe,Credit Card,success,
7465f6b2-0a8b-4509-becc-6facf8f20f81,2026-09-29 22:55:25,Stripe,Credit Card,success,
1eca4edb-a013-45be-ad07-b2d849f34482,2026-09-01 18:19:34,Adyen,Credit Card,success,
eece1089-7aca-427f-a78d-5844ad74c2eb,2026-08-09 21:23:35,Stripe,Credit Card,success,
0ff31063-804b-4558-93d5-7c0718dabe1d,2026-07-14 08:54:55,Stripe,Credit Card,success,
44e691db-255e-4e24-a5f2-8feca6855f08,2026-08-08 03:26:52,PayPal,Credit Card,failed,INSUFFICIENT_FUNDS
ad5ab714-3941-47cc-820d-c2f2731da8a3,2026-09-04 22:27:13,Adyen,Credit Card,success,
9e3f61bd-cbeb-4a1f-9850-d0be9f8b617d,2026-07-27 20:18:26,PayPal,Credit Card,success,
41754f3c-d18c-4502-b035-85235c0ccbcb,2026-07-31 06:23:47,PayPal,Credit Card,success,
0f06ae2d-3667-41d6-9c8c-17c124ec9716,2026-10-03 07:42:34,PayPal,Credit Card,success,
147c42c5-f4eb-4bd5-b0dc-3908bcfde9f5,2026-09-05 03:34:12,PayPal,Credit Card,success,
c40685e4-9817-4f71-9ad7-96c7118725fb,2026-09-05 18:12:17,PayPal,Credit Card,success,
f0fac521-29e4-43c9-9d16-f81d410b4b12,2026-08-25 20:48:09,Adyen,Credit Card,success,
85ec5276-2745-432d-b3a6-f8087fae6bcf,2026-07-20 10:02:22,Adyen,Credit Card,failed,3DS_TIMEOUT
528f8a3f-85b5-4e00-95a2-04caeda5e135,2026-08-12 14:28:13,PayPal,Credit Card,success,
d0294193-ba13-41f6-a2ec-25426a5d9f8e,2026-09-21 11:13:44,PayPal,Credit Card,success,
523ac928-81ba-4964-b449-ccb47a611153,2026-09-15 17:44:08,PayPal,Credit Card,success,
ec116167-c35c-45a3-9728-fc279eb12249,2026-09-24 01:26:02,Adyen,Credit Card,success,
ae5d4653-1cdc-4269-b726-5feacd12fbaa,2026-08-31 05:28:29,Adyen,Credit Card,success,
2fbcce49-3cd9-4f91-81cc-195440ddcf94,2026-09-14 11:16:19,Adyen,Credit Card,success,
770f4170-1689-4bca-8756-192494571191,2026-08-16 16:42:31,PayPal,Credit Card,success,
04535916-7b44-4a10-8d80-9cb5772461c6,2026-08-30 08:03:46,Stripe,Credit Card,failed,INSUFFICIENT_FUNDS
3e69fc13-1665-4573-95e4-2e0a95bc02d0,2026-07-16 15:51:17,PayPal,Credit Card,success,
29ac769d-6ae5-4ad4-9399-937f1fda3683,2026-07-31 21:50:05,PayPal,Credit Card,success,
b9923e35-770a-44c2-9fb5-6b21c15c7412,2026-07-08 23:36:59,Adyen,Credit Card,success,
c27473eb-80b3-4905-8335-5e7d8310d675,2026-09-07 10:12:48,Stripe,Credit Card,success,
8394fd92-7ed7-47f1-b8a0-cb52bd33e7b9,2026-07-31 04:20:56,Stripe,Credit Card,success,
06f6295b-7279-4508-a500-9c1ee4867c73,2026-08-01 12:30:07,Adyen,Credit Card,failed,3DS_TIMEOUT
f8b40bad-f97c-4300-ae97-0edcb348a8c1,2026-07-17 23:47:25,Stripe,Credit Card,failed,BANK_DECLINE
4d1b532c-9c51-47b3-9218-62de00d17f85,2026-10-02 17:50:46,Adyen,Credit Card,success,
8e9891de-f9c1-4bba-bcf3-310bffd16efe,2026-07-16 01:23:56,Stripe,Credit Card,success,
f560fdd8-ba5c-40c9-8cbc-18f7c31e1eb5,2026-09-03 14:09:51,Adyen,Credit Card,success,
74369193-c14e-4fc6-a0ba-529f63de09b3,2026-10-01 03:24:15,Stripe,Credit Card,success,
ca77a932-c37c-4a5d-9f71-b7b5b92f3fd2,2026-08-20 04:55:31,Stripe,Credit Card,success,
04d33308-a331-4a56-b885-6c7ba65d185f,2026-08-21 22:00:43,Stripe,Credit Card,success,
6d259a1e-9ea7-4677-940e-1c769fe07b42,2026-07-19 22:33:43,PayPal,Credit Card,success,
d6ede443-3383-4beb-858f-951a65fdabb7,2026-08-13 08:04:19,PayPal,Credit Card,success,
34cffbb7-e07c-47da-ac08-6f99183fd0a2,2026-10-05 23:10:47,PayPal,Credit Card,success,
81561ccb-4261-4c3a-98af-2d9c3bc88800,2026-08-17 03:37:09,Stripe,Credit Card,success,
ff677b85-146c-4243-a623-279d53065e69,2026-08-13 13:03:05,PayPal,Credit Card,success,
6aff57df-8156-4a3d-8519-984aed50ea52,2026-08-24 15:45:20,Adyen,Credit Card,success,
e76fd72e-4a15-4124-8cbe-a1faab0eee00,2026-09-22 13:50:20,Adyen,Credit Card,failed,BANK_DECLINE
505edbee-78ca-4775-b971-130efa02b5d1,2026-08-11 07:52:27,Stripe,Credit Card,success,
24dd95da-8f30-431d-817c-6b7f771adf28,2026-09-27 10:05:13,PayPal,Credit Card,success,
0def2745-e7bc-43c6-bc17-161546a1a263,2026-08-21 01:53:23,PayPal,Credit Card,failed,3DS_TIMEOUT
02b86f55-849c-4641-8ecd-0e6970242db1,2026-09-24 03:09:42,PayPal,Credit Card,success,
75e520d6-b524-42a2-a7a7-78eb44e1fcd1,2026-07-12 22:14:25,PayPal,Credit Card,success,
70229d48-2664-43fa-87f2-daa31e246c42,2026-07-24 13:22:38,Adyen,Credit Card,success,
36d30891-93b6-4eb1-a755-04ac41dad2c8,2026-09-09 02:48:10,Adyen,Credit Card,success,
edf3f870-be6b-4498-b696-267b22d290dd,2026-10-02 15:51:13,Adyen,Credit Card,success,
f1fe0837-38d5-41b9-90bd-de96c8cfc5f2,2026-07-12 20:17:18,Stripe,Credit Card,success,
f0f3c700-3e36-47d5-ba73-ed47353b8226,2026-09-15 17:34:31,Adyen,Credit Card,success,
99fe11fe-c606-4f5e-8638-b7d15141a541,2026-09-03 09:00:59,Stripe,Credit Card,success,
2f8f8351-f5b3-4b4c-9ea7-e238940eba9f,2026-10-05 04:37:11,Adyen,Credit Card,success,
09b3ceae-6c7f-40b2-8850-7a8122cc9125,2026-08-20 18:40:57,Stripe,Credit Card,success,
6722569a-908c-494b-bfc3-6793221ac40d,2026-07-28 05:33:31,PayPal,Credit Card,success,
ae9b607b-9015-4d7e-94d3-e341077590f0,2026-09-25 09:03:34,Stripe,Credit Card,success,
f7a76c63-c534-4b7c-adf3-08f2359c288b,2026-08-14 09:17:31,Stripe,Credit Card,failed,3DS_TIMEOUT
1aa9d48f-cf9e-4566-b9bf-f01ef490d6ee,2026-08-22 02:52:59,PayPal,Credit Card,success,
7024e925-47cd-461e-a954-6341af4e536d,2026-07-16 08:33:20,Stripe,Credit Card,success,
8b371cd6-f558-460d-9489-a338563367c8,2026-07-16 00:06:20,PayPal,Credit Card,success,
16be6ec8-2be3-4921-a08c-8926be82235d,2026-09-11 16:25:43,Stripe,Credit Card,success,
a92dff50-8cb1-40b5-8ec1-bef3e30fae2f,2026-07-29 23:38:37,Adyen,Credit Card,success,
fb24d52e-b2e9-48be-8b25-0c9c62630e3b,2026-09-18 21:42:49,Stripe,Credit Card,success,
38ef9753-c77f-4225-884f-4e2f1908cc10,2026-07-10 17:19:56,Adyen,Credit Card,success,
93895a01-3509-4121-8125-1f5a9d9ab669,2026-08-29 05:18:07,Stripe,Credit Card,failed,BANK_DECLINE
bb404bb1-8710-4fc5-bd1f-e4630e1c1dda,2026-09-06 03:15:28,Stripe,Credit Card,success,
7f956c47-f997-4703-8a03-33e7f144cd80,2026-08-02 00:48:48,Stripe,Credit Card,failed,INSUFFICIENT_FUNDS
3645a13e-a94d-460b-9766-112e91c5b3b9,2026-07-08 16:01:04,PayPal,Credit Card,failed,INSUFFICIENT_FUNDS
681102fe-4471-42e3-ad1f-9c0c95ec7ac5,2026-08-18 22:42:18,PayPal,Credit Card,success,
16452eb8-84e1-4e84-b1e7-13fd34499446,2026-09-11 19:53:39,PayPal,Credit Card,success,
8e8a5eef-6492-4f98-93da-19d165212f0a,2026-08-08 20:06:43,Stripe,Credit Card,success,
d5c63688-42ed-4d39-909b-62a77c9670dc,2026-08-27 16:45:11,PayPal,Credit Card,success,
0d5984f7-7a11-4a86-9cd4-b063d5b06b41,2026-08-29 04:04:18,Stripe,Credit Card,success,
0075f25f-c667-4f96-bd09-4efe8d64d999,2026-07-10 19:26:30,Stripe,Credit Card,success,
ed6f6021-d8a8-4848-910a-e6da9b611b7f,2026-07-13 18:18:12,Adyen,Credit Card,failed,BANK_DECLINE
39fca88c-6448-4b7e-a6b2-3faa879ef01d,2026-10-02 21:30:21,PayPal,Credit Card,success,
77ef9422-49c5-44e0-aa68-fbea2df1238d,2026-08-06 17:56:37,Adyen,Credit Card,success,
d4c72618-6aa3-4711-a2d9-19985237bd2b,2026-09-06 09:53:09,Adyen,Credit Card,success,
6dfb7c05-9b9f-4398-ad2f-101a232eed12,2026-09-04 16:34:48,Adyen,Credit Card,success,
1fef5aa2-4440-412f-a8a1-87c24002c82f,2026-07-18 23:08:34,PayPal,Credit Card,success,
aee72282-0a16-4bb5-b919-2292c551881d,2026-08-02 08:39:32,Adyen,Credit Card,success,
247bd4e2-577d-4261-9a3a-2c4fbc86812c,2026-09-23 20:40:44,Stripe,Credit Card,success,
3cc6c032-6d45-422f-bbf1-e4497a140447,2026-08-19 19:03:56,Adyen,Credit Card,success,
a827ec6d-a1b4-4959-a608-4a12db780304,2026-08-12 05:04:14,Adyen,Credit Card,success,
694ccf33-511c-48d7-97f1-bda3b9b04278,2026-08-07 16:35:05,Adyen,Credit Card,success,
ae94690c-a2f2-4e1c-849e-cccaf4509f46,2026-07-22 14:47:56,Adyen,Credit Card,success,
ccfbdb54-cfc2-480f-9d16-dc46a55b3536,2026-07-22 18:57:15,Adyen,Credit Card,failed,3DS_TIMEOUT
7dc9406e-faf0-4896-b003-7f2b8673d6ab,2026-07-31 12:37:07,Adyen,Credit Card,success,
ce106f12-c97f-49ac-a6c3-6d1bd8071a1d,2026-08-22 20:35:55,PayPal,Credit Card,success,
ab0e74ad-737d-4dfa-a17c-cad2a4ea9672,2026-08-06 13:39:58,Adyen,Credit Card,failed,BANK_DECLINE
76dee79c-d034-442f-8192-90a4803b0bf8,2026-08-18 03:06:04,PayPal,Credit Card,success,
7004ecb9-bbb0-4e41-a71a-26d817322281,2026-10-01 12:56:51,Stripe,Credit Card,success,
0f2bb0ce-8bb2-447c-a3c7-49d2541d0d62,2026-07-31 16:25:20,Stripe,Credit Card,success,
bacde614-af8f-4664-8d64-f3bf68ac23f3,2026-09-25 13:44:53,PayPal,Credit Card,success,
0a78c67a-672e-4e43-aed8-84dac7af81a9,2026-07-28 09:53:35,Adyen,Credit Card,success,
3d03744e-4e9f-44c1-9d3d-167e6ab2c234,2026-09-07 18:34:30,Stripe,Credit Card,success,
996e9be0-14c9-4343-974f-46bf4a5e26ea,2026-09-16 06:28:46,PayPal,Credit Card,failed,BANK_DECLINE
2b276806-d23f-4ee2-8074-25a670e4901f,2026-08-01 08:35:50,Stripe,Credit Card,success,
5f648772-f2e2-4511-a119-34bad1a4bd03,2026-09-27 04:52:36,Adyen,Credit Card,success,
6d4cf9e7-a6c6-48ee-a74e-b88b4e41f487,2026-09-22 22:16:11,PayPal,Credit Card,success,
6679f1dd-1646-4fb2-a199-2021a602a85c,2026-08-07 02:19:58,Adyen,Credit Card,success,
4b4035cb-7868-4d43-b109-d499df2d982f,2026-08-13 15:06:38,PayPal,Credit Card,success,
c29ac0ed-f2a5-4629-9a40-b86a9464dd92,2026-09-24 01:19:21,Adyen,Credit Card,success,
87a489f6-7cf0-49ad-84f3-faf984455d68,2026-08-01 05:18:27,PayPal,Credit Card,success,
257942fb-c47e-4d18-b06e-f53f3cf53795,2026-07-22 21:38:52,PayPal,Credit Card,success,
1c787add-556e-4b0e-a60e-af3cd786ba6e,2026-09-23 17:22:23,Adyen,Credit Card,success,
4a3a7ce4-539f-4958-adf8-23ce53a19e8c,2026-07-28 19:01:38,Adyen,Credit Card,failed,INSUFFICIENT_FUNDS
39c875ac-434d-4531-b586-59a3ec4147e9,2026-09-17 02:11:53,PayPal,Credit Card,success,
8aa6aa1c-6668-4797-8a58-4387d948df79,2026-10-02 03:39:30,PayPal,Credit Card,success,
7fa02002-45e3-4516-8eb1-38abb6abd396,2026-08-22 13:16:28,PayPal,Credit Card,success,
cd5380d2-9047-4cd4-b7dc-0aa623aae7a9,2026-09-08 10:21:37,Adyen,Credit Card,success,
3206620f-ca0c-4cee-8aef-db26df232f6e,2026-10-05 21:58:35,Adyen,Credit Card,failed,BANK_DECLINE
1eb1cbf6-8939-4206-8089-da145ca67ac9,2026-08-07 04:29:39,Adyen,Credit Card,success,
e7b2542c-44e2-495a-9ca1-9086ceacce87,2026-07-23 17:47:22,PayPal,Credit Card,failed,INSUFFICIENT_FUNDS
d14bdc69-203b-48e8-91d5-1d53cdd5a305,2026-08-27 05:07:20,Stripe,Credit Card,failed,INSUFFICIENT_FUNDS
e113ab92-9071-4e1b-8fbe-04c07fb6fac9,2026-08-19 11:16:56,PayPal,Credit Card,success,
8ac1e7ff-e129-4b38-bc6a-1f7767303135,2026-08-08 06:10:01,Stripe,Credit Card,success,
7e03ea60-276d-47ea-b266-393d8c4ec505,2026-08-12 08:12:48,Adyen,Credit Card,success,
ddf03ab2-6f6a-44cf-9a66-4388fb01c9da,2026-07-19 23:47:33,Stripe,Credit Card,success,
9cf9cf7d-56e0-4999-b388-3517141ee4ff,2026-08-12 10:52:46,PayPal,Credit Card,success,
05dd4657-9db2-44cd-a0b0-ff74049794e2,2026-07-12 04:40:04,Adyen,Credit Card,failed,INSUFFICIENT_FUNDS
3bd270f0-730b-40f8-8f6e-c315cf3f917d,2026-08-01 18:03:50,PayPal,Credit Card,success,
5b90d531-a91e-452b-a92d-35c6e42e28d1,2026-09-05 02:57:58,PayPal,Credit Card,success,
e8ec3c48-885c-4e77-af07-654d3d55a606,2026-08-04 20:12:20,Stripe,Credit Card,success,
eae5a3d5-28f5-400a-a1b5-cbbba62700eb,2026-08-27 06:01:04,Stripe,Credit Card,failed,3DS_TIMEOUT
94ed046a-8686-4c45-b45b-34be483e4193,2026-09-30 12:08:34,Adyen,Credit Card,failed,BANK_DECLINE
868d2275-e30b-4245-b57f-122455eaf5e3,2026-08-16 01:43:35,PayPal,Credit Card,success,
6d3b23fc-60c3-46fb-9244-4a4d57397b41,2026-09-16 16:58:01,PayPal,Credit Card,failed,3DS_TIMEOUT
50c7fc3f-d861-47c8-ac32-bbf483ba5196,2026-08-22 23:42:08,Adyen,Credit Card,failed,BANK_DECLINE
6fc36be0-48d1-4d42-adfc-2a89b95d4020,2026-09-14 05:47:23,Stripe,Credit Card,success,
584ec266-21d1-47a6-afa0-1943bdfc79e0,2026-08-10 11:18:21,Stripe,Credit Card,success,
51ba3576-7922-482e-9866-73735a03a9d7,2026-07-10 17:37:15,Stripe,Credit Card,success,
f94cdcf2-5200-45e0-ae6a-2a26faa3a2d6,2026-09-01 14:00:32,Adyen,Credit Card,success,
2c57f392-ceb0-461d-ad1a-586acdb2ea26,2026-08-15 10:17:43,Stripe,Credit Card,success,
ab8f3f39-4ce7-4419-98f5-d4e95584e747,2026-08-15 09:42:48,Adyen,Credit Card,success,
b45066be-27b3-47b0-9f28-d6c5568e4905,2026-08-21 14:54:59,Stripe,Credit Card,success,
51b2e423-378c-43fa-934b-3663a4116fbc,2026-07-25 03:50:46,Stripe,Credit Card,success,
54a6da07-f6df-4d53-a47b-46e3d65448ea,2026-09-18 15:07:03,Stripe,Credit Card,success,
847d237e-418f-4464-863e-aebe147b8cd8,2026-08-23 13:47:18,Adyen,Credit Card,success,
2e289f14-5c53-4686-b5ae-0f549537b95f,2026-08-07 14:32:47,PayPal,Credit Card,success,
dfa2b0fb-76a0-417b-97e2-a370d18f3644,2026-09-03 12:25:14,PayPal,Credit Card,failed,3DS_TIMEOUT
94512ae2-1129-47ff-b0cc-ac429567f64c,2026-09-05 04:51:48,PayPal,Credit Card,failed,INSUFFICIENT_FUNDS
e5025c68-f704-43d1-9ea8-4ff3bccd14d9,2026-08-05 10:21:13,PayPal,Credit Card,success,
eea6f9ba-ee0b-455d-b7c1-e97146e3a2af,2026-08-11 03:32:00,Stripe,Credit Card,success,
55a4ed35-0d89-4aaa-8704-29783a8d2e4c,2026-09-20 21:37:39,Stripe,Credit Card,success,
26abdd89-8b7a-4eac-b8aa-bf1f6e57e314,2026-08-02 00:27:04,PayPal,Credit Card,success,
7925a9bc-3c11-457c-94a7-f2a73af29427,2026-07-15 14:01:23,PayPal,Credit Card,success,
72a49eef-2740-49be-8778-6b6b9a364b2d,2026-08-09 05:41:20,PayPal,Credit Card,failed,BANK_DECLINE
9cca5ecc-2069-4505-910c-fdeb3ba4c44f,2026-07-18 05:40:41,Stripe,Credit Card,success,
2a53d9cd-d9c0-4a86-822a-6da5c6192f95,2026-07-11 19:43:42,PayPal,Credit Card,failed,BANK_DECLINE
23b4ab46-f16d-4142-9b5a-1d753ad07963,2026-08-20 09:31:59,Adyen,Credit Card,failed,BANK_DECLINE
97b03656-04a3-4d4a-8265-4ed00b342a5b,2026-08-28 05:51:33,Stripe,Credit Card,success,
731c6efd-cab2-4783-afae-ff53a8d89568,2026-09-23 20:26:33,Stripe,Credit Card,success,
d5fea956-55ed-411a-8144-2f7dd722bc6f,2026-07-24 16:43:02,Adyen,Credit Card,success,
fb300401-9b43-478b-9666-3158cb7958d3,2026-07-29 05:36:56,Stripe,Credit Card,failed,BANK_DECLINE
b0700cc4-a4ae-42cd-828e-0a39ecd4302c,2026-07-29 03:15:18,Stripe,Credit Card,failed,3DS_TIMEOUT
2c689336-2290-4843-9e30-a1aab678e937,2026-07-15 00:21:27,Stripe,Credit Card,failed,INSUFFICIENT_FUNDS
6781ea57-c096-4491-b817-9c7c4bd58fb4,2026-08-29 12:51:36,Adyen,Credit Card,success,
c9018740-c86d-4e1e-bbc7-db2c3e6098ef,2026-09-01 17:49:11,Adyen,Credit Card,success,
b1531219-6b80-4e0c-8966-85cacb1ff37d,2026-08-15 04:52:58,Adyen,Credit Card,failed,3DS_TIMEOUT
03d436e2-9cf1-4bd7-9b4a-d91e79c0f5ec,2026-07-15 00:47:31,PayPal,Credit Card,success,
71c166d3-e36b-4726-8410-12b49a9530ea,2026-08-19 01:56:13,PayPal,Credit Card,success,
798294ee-d38f-432a-bfb0-7f22a3d5eb02,2026-09-18 06:04:11,Adyen,Credit Card,success,
2bbb6628-21f5-4e21-8de1-8eac993cbf72,2026-08-08 07:23:14,Stripe,Credit Card,success,
380ab010-949f-4add-b3cc-ac51fd4d8e54,2026-09-23 08:26:34,PayPal,Credit Card,failed,INSUFFICIENT_FUNDS
4d9b47f7-5857-47e2-9dd0-1f5f97cbc461,2026-07-30 01:47:46,Adyen,Credit Card,success,
389b423c-c388-476a-8d65-5c11152faf41,2026-09-30 22:24:16,Stripe,Credit Card,failed,3DS_TIMEOUT
0df0476a-f86a-452f-912f-30e92c49c262,2026-07-13 12:52:59,Adyen,Credit Card,failed,3DS_TIMEOUT
398fccff-2dc5-4f11-bf4d-42f9691ff336,2026-08-18 15:29:27,Stripe,Credit Card,success,
12a3db20-fdd0-4b00-aea2-b8d3be6724e6,2026-08-05 04:23:42,PayPal,Credit Card,failed,INSUFFICIENT_FUNDS
5d2cd44d-92e7-4268-b002-059d90e89d8e,2026-08-14 03:36:45,PayPal,Credit Card,success,
128c721d-b92c-449f-b1a8-73a9c2954753,2026-07-23 14:41:38,Adyen,Credit Card,success,
6a004d95-04d8-474e-8284-d03a83ca8396,2026-08-14 09:58:32,PayPal,Credit Card,success,
46815190-39d6-4c84-a2a1-018f9191df02,2026-08-07 04:08:42,Adyen,Credit Card,success,
7fc6f7a7-1ff4-4da9-8174-0da48a744620,2026-08-24 03:54:35,PayPal,Credit Card,success,
c7c8a597-a292-47f5-bd84-60ac48ec4271,2026-08-23 00:55:19,PayPal,Credit Card,success,
e9d3148e-7861-48ce-9b15-8c34590beddd,2026-07-27 11:30:59,PayPal,Credit Card,success,
fa5500ca-56cc-4332-aad9-f60ea29a7af4,2026-08-13 19:33:31,Adyen,Credit Card,success,
c7759b22-fba2-4cb2-963d-afdf87413ac9,2026-08-25 04:38:36,Adyen,Credit Card,success,
26196d4e-288e-4a63-8163-55a8b7e0e924,2026-08-15 19:04:02,Adyen,Credit Card,success,
acdcef8a-64d2-41c6-bee1-a1dc9f81ba5a,2026-09-08 17:12:59,Adyen,Credit Card,success,
f8fe4930-fe57-4829-ba38-23fe97745a49,2026-10-02 09:39:30,PayPal,Credit Card,failed,3DS_TIMEOUT
edc4a458-82e0-48ff-a18c-57948ba2cba2,2026-09-20 13:15:55,Adyen,Credit Card,success,
f9fa30cc-c902-43ea-97cd-dd20e4910c20,2026-10-05 03:06:55,Adyen,Credit Card,failed,INSUFFICIENT_FUNDS
90fc342c-cf8c-4ef2-ab6f-991d188edc2d,2026-08-18 15:33:09,PayPal,Credit Card,failed,BANK_DECLINE
9c9d4277-49b9-4c2d-b836-cd70d1272ba0,2026-07-11 19:52:31,Stripe,Credit Card,failed,INSUFFICIENT_FUNDS
8c1214ca-0b50-404c-9049-c036b7b72fbe,2026-09-14 04:41:31,Adyen,Credit Card,success,
bacdc805-dedf-48b1-8ce5-14892f318f27,2026-07-16 06:41:04,Stripe,Credit Card,success,
32563b73-4046-426b-aae3-de75b267935f,2026-07-24 13:51:54,PayPal,Credit Card,success,
bb3857a6-20b9-4250-92fa-2f664f21383d,2026-09-03 09:07:29,Adyen,Credit Card,success,
0658117f-02ef-4fd5-bc17-075b00546e37,2026-08-10 21:57:44,Stripe,Credit Card,success,
d94ad349-a773-4d27-8b5d-16c813cf2aff,2026-09-19 03:06:23,Stripe,Credit Card,success,
66687725-0e10-429e-80b1-6c0ac0064624,2026-08-13 20:27:32,Adyen,Credit Card,success,
8250aefa-4b2d-49d0-b1c6-1f5906c8aa00,2026-08-17 04:00:45,Stripe,Credit Card,success,
4adecaf4-e97e-40f6-9e1a-2d653ce30b49,2026-09-08 06:27:43,Stripe,Credit Card,success,
0b630db2-baef-4455-bdf8-e5cff17ed011,2026-07-11 08:35:29,PayPal,Credit Card,success,
6e515e27-8fd3-4760-ae91-f9b21b14c274,2026-10-02 21:40:13,Stripe,Credit Card,success,
d2e31deb-4b5b-4e15-96d0-7dc67820d723,2026-09-30 23:58:36,PayPal,Credit Card,success,
5bf8b9fc-8773-49ce-b62e-c87625416e36,2026-09-14 06:38:33,PayPal,Credit Card,success,
cc951280-6f60-4075-bb81-700cf56e0ac9,2026-07-21 23:02:18,Stripe,Credit Card,success,
29d2767c-c43b-4df3-b342-ce97e3ba2019,2026-07-20 09:49:40,Stripe,Credit Card,success,
58347d73-1b8a-4d1e-8020-9ba70f92d0d0,2026-08-13 05:58:13,Stripe,Credit Card,failed,BANK_DECLINE
82fd6b41-1a4a-447c-b53e-3f0f332645f3,2026-08-21 08:31:02,Stripe,Credit Card,success,
9f0f2ede-528d-48ee-9890-72bb4c659ea6,2026-09-08 10:17:19,PayPal,Credit Card,success,
6f1960c3-ddcb-46bd-96f9-c49dcbdc79cb,2026-08-24 12:30:58,PayPal,Credit Card,success,
e06071dc-fccf-4784-82bf-2650493101e2,2026-10-01 13:14:20,Adyen,Credit Card,success,
040798d3-ba02-449f-bf69-078a18250ed1,2026-08-26 11:21:06,PayPal,Credit Card,success,
d62c8805-99cf-4a5b-8494-275bab4827ea,2026-09-11 14:04:30,Adyen,Credit Card,success,
4d09bb86-d518-49fd-b000-bb64fdc670fb,2026-09-01 00:47:53,Stripe,Credit Card,success,
6de2e0c2-e442-4717-91f0-fc1daf2d27bc,2026-07-26 17:54:16,PayPal,Credit Card,success,
73c2cf74-4031-46be-acd1-b5068cfbd785,2026-08-13 04:21:40,PayPal,Credit Card,success,
50079341-6cec-4cd4-9060-cd5297bfe1ce,2026-07-14 11:40:03,PayPal,Credit Card,success,
b970bc0d-d158-43c5-b81b-4189aa29cf0d,2026-09-23 19:35:33,Adyen,Credit Card,success,
8e01eae8-29fd-4683-b0c8-ce46ba6f8cda,2026-09-03 20:04:24,PayPal,Credit Card,success,
36177047-0766-4e20-8f4c-8634da08bfdd,2026-09-25 17:14:23,PayPal,Credit Card,failed,3DS_TIMEOUT
59ee528a-c7e6-4501-8998-d2e4164e13ee,2026-08-26 06:05:35,Stripe,Credit Card,failed,BANK_DECLINE
05c8d3d6-2a28-4e6c-9d8b-6f9646dae46c,2026-09-15 01:47:11,PayPal,Credit Card,success,
1aeae335-59fa-4652-9ae4-cf2301d13189,2026-07-29 10:05:57,Adyen,Credit Card,success,
f3d839a7-2e37-43ef-ab08-4d66bfc414fd,2026-08-14 01:16:07,PayPal,Credit Card,failed,3DS_TIMEOUT
f6955817-37e9-4549-ad15-78fff637f5c5,2026-09-25 03:52:51,PayPal,Credit Card,success,
39b41ed4-fec5-4da2-96cb-51d8e4b95cc4,2026-09-29 15:54:24,Stripe,Credit Card,success,
35794b5e-e1f4-425f-91dd-407a998d0708,2026-09-25 14:35:16,PayPal,Credit Card,failed,BANK_DECLINE
6154244c-137e-4da5-b6a3-09bfe98d0bfe,2026-09-29 14:40:13,PayPal,Credit Card,success,
49551fb6-b938-414a-bd68-1f5ae9dad6ee,2026-09-24 15:24:53,Adyen,Credit Card,success,
80e117a2-e39f-4b7d-93a9-d177bdbd60ec,2026-08-18 22:42:02,Adyen,Credit Card,success,
3767a727-31e7-4529-8711-13f45f86b0e3,2026-09-12 10:41:18,Adyen,Credit Card,success,
524d9ab8-e4ca-4544-b074-58872675ee7b,2026-09-28 04:40:40,Stripe,Credit Card,success,
926c6130-ce27-4a2f-ac3e-f087790c62a9,2026-08-23 11:40:49,Adyen,Credit Card,success,
0c17ea89-0be5-4b6d-a9c4-0b0d5515d7ea,2026-07-11 18:40:45,Stripe,Credit Card,success,
cd0650f7-6e1c-46b5-b945-cc05d4c64201,2026-09-18 19:54:32,PayPal,Credit Card,success,
306e5f51-a3a8-421f-8b6e-528ebcc8aea9,2026-09-23 16:42:21,Adyen,Credit Card,success,
1c8a3039-00cc-488b-95b4-dce91f5c1063,2026-09-30 10:49:11,Adyen,Credit Card,success,
08af163e-7621-4b2c-94a3-222b1c385054,2026-09-07 20:54:26,Adyen,Credit Card,success,
7964672c-3cc9-4ce2-947c-8a54af5b0103,2026-07-20 03:05:31,PayPal,Credit Card,failed,BANK_DECLINE
abcee660-a28f-4ccc-8ada-4fc460833cde,2026-09-08 18:03:41,Stripe,Credit Card,success,
c18d0e48-2b94-4240-aa3e-727c38a5d3fc,2026-09-14 16:57:19,Adyen,Credit Card,success,
278accda-d9d8-4a5b-9e13-6712de9c7a3c,2026-08-29 13:24:39,Stripe,Credit Card,success,
4704f6cf-5c25-4675-abe6-64801b795d34,2026-09-19 14:03:46,PayPal,Credit Card,success,
4509255a-23cf-4a15-8cd6-4c2a11158249,2026-07-20 14:04:39,PayPal,Credit Card,success,
9dfb3483-d6ca-4837-aab9-11ee3a3d19ad,2026-08-30 08:04:04,PayPal,Credit Card,success,
67425506-36c0-4982-af31-a9aa7b30f70d,2026-08-27 21:51:28,Stripe,Credit Card,success,
44fb8e6a-d64a-4b0f-a50f-b821feb6f898,2026-08-20 16:12:16,Adyen,Credit Card,success,
cd6827af-4979-449c-87d8-d76fa4d1bc48,2026-08-28 05:21:25,Stripe,Credit Card,success,
a655f2a7-7a6a-4582-92ab-5236014dca1d,2026-08-31 01:52:45,Stripe,Credit Card,success,
c6c93503-57de-41e8-b083-1c0bc4e931c9,2026-08-16 07:39:45,Adyen,Credit Card,success,
eabb3d3e-1e66-4ee3-ba92-aaea68bd5444,2026-09-12 03:52:54,Adyen,Credit Card,success,
d0a276d1-b144-4f50-a3de-4373b2ed555f,2026-09-14 03:07:51,PayPal,Credit Card,success,
b82e05bc-fab2-4fde-abb7-a0212e610b3b,2026-08-19 13:53:11,Adyen,Credit Card,success,
476e5dad-ab20-4c18-b36b-f7e4aa2a11e2,2026-08-14 06:28:11,Adyen,Credit Card,success,
339cfed5-adc1-4e5d-bf38-5f64fdfe1dd1,2026-08-04 01:06:48,Adyen,Credit Card,success,
5ba7da60-85b8-4476-a294-4c5626068ec3,2026-10-01 11:33:25,PayPal,Credit Card,success,
29150d07-f78e-4ea0-b505-f5ad85722b61,2026-07-18 02:18:51,Stripe,Credit Card,success,
2352489d-ee43-427d-8962-9d8644b6f158,2026-09-19 11:27:15,PayPal,Credit Card,success,
546dbe47-0543-4049-9d04-8008f105a3a8,2026-09-18 10:48:43,Stripe,Credit Card,success,
42fc0a51-2260-41c2-a9d5-3f78ddab4bed,2026-09-12 06:53:05,Adyen,Credit Card,success,
384b010c-3b20-439c-97ae-72a1e0d82e94,2026-09-23 01:22:47,Adyen,Credit Card,success,
a5fd49bc-8d60-4a57-8c36-fc3a343c8261,2026-08-03 10:28:54,Stripe,Credit Card,success,
05dea2d1-e390-4479-b42c-8d7e3baf5a16,2026-08-13 09:58:13,Stripe,Credit Card,success,
3c0505b9-0e56-4938-8379-a9055964061f,2026-09-05 13:50:47,PayPal,Credit Card,success,
bc181978-6334-4234-94c1-1497f7558b95,2026-08-07 02:36:00,Adyen,Credit Card,success,
9f97a94c-ab5b-475a-8bb6-778064cdf6ad,2026-09-18 15:44:31,Adyen,Credit Card,success,
4eec4671-8431-4874-9044-3abf2e642524,2026-08-18 15:25:20,Adyen,Credit Card,success,
36dd0a8c-56d7-47b3-856f-8a100cab682e,2026-09-12 05:03:54,Stripe,Credit Card,success,
c2bbcd68-7e82-4094-97f2-288fceab1d31,2026-08-29 04:04:27,Stripe,Credit Card,success,
7e3c8aaf-cc01-45e6-8022-7b2728ac107b,2026-09-06 07:31:01,PayPal,Credit Card,success,
1438922f-ffab-45d4-b880-9965286ece3b,2026-08-10 23:30:31,Stripe,Credit Card,success,
181480e8-d69a-4609-9b57-2e4a525e39db,2026-08-01 04:33:15,Stripe,Credit Card,success,
e309e2c4-1969-45e3-a5f8-21aa41286f35,2026-10-05 20:17:24,Adyen,Credit Card,success,
294b875e-b20a-4a76-93f6-3721120dfbc7,2026-09-12 21:29:31,Adyen,Credit Card,success,
8de05d86-65af-478c-b4dd-6f6f4eb90cfb,2026-07-29 03:56:37,Adyen,Credit Card,success,
8a549e28-56e1-4bd2-971a-a9c96ef14bfd,2026-09-08 21:42:33,Adyen,Credit Card,success,
d8bc8e7d-2ee7-4250-8a27-4d8c501d38c0,2026-08-09 09:02:24,PayPal,Credit Card,success,
f2189540-87bb-4a6e-8e27-5b964a281f08,2026-07-20 12:02:53,PayPal,Credit Card,failed,INSUFFICIENT_FUNDS
6f705ae9-433e-403d-ab09-49031ee7ed98,2026-08-20 01:24:36,Adyen,Credit Card,success,
3a73b409-5690-42c2-ac91-bbd3c28d3b3e,2026-07-22 01:23:53,Adyen,Credit Card,success,
cb34c696-7f1f-46d0-ab48-0a7269bb46ac,2026-07-26 21:11:08,Stripe,Credit Card,failed,INSUFFICIENT_FUNDS
d4f8765d-f095-4ce5-9b83-7699d51a5bf5,2026-09-18 16:56:13,Stripe,Credit Card,success,
22b45562-362a-48e6-a14b-123a0718c69a,2026-08-09 15:14:43,Stripe,Credit Card,failed,BANK_DECLINE
a2ecbce8-86b4-4fe6-9c3f-85580b791a30,2026-09-20 16:37:56,PayPal,Credit Card,success,
178ab765-d3a8-4bb6-bd35-4484c898ae85,2026-09-23 10:37:24,PayPal,Credit Card,failed,3DS_TIMEOUT
fa8d75e2-55e0-4172-b27a-251d055dc5e1,2026-07-10 12:45:08,Stripe,Credit Card,success,
0e9262d6-9cc6-44b6-b089-0586a290c171,2026-08-01 16:45:46,Adyen,Credit Card,success,
ae7c21c7-92d8-416d-836c-5e5fe1711fa8,2026-09-22 11:19:37,Adyen,Credit Card,success,
6897d0a4-5ff8-435f-ac26-84d405b07a80,2026-07-18 11:37:10,Adyen,Credit Card,success,
c3517dc0-5c4b-43cc-a94f-78964f569c71,2026-09-14 13:14:58,Stripe,Credit Card,success,
fbc67b7f-a093-40a8-9f8b-740382715f0e,2026-08-14 18:22:15,PayPal,Credit Card,success,
574d8a57-2a3c-4d43-a631-2d3dc645ffff,2026-09-07 14:26:26,Stripe,Credit Card,success,
fca47862-e6f0-4e11-acd8-a6327018fd74,2026-09-25 20:10:12,PayPal,Credit Card,success,
e978fff9-25a2-4ae8-98bd-04cc74023f4f,2026-07-26 23:12:17,Adyen,Credit Card,failed,INSUFFICIENT_FUNDS
3ed5f533-5445-43ae-ac7a-03c47914e86a,2026-07-18 01:18:38,Adyen,Credit Card,success,
a069c964-e4c3-49a1-88e3-5d31d45bca1f,2026-08-10 18:28:15,PayPal,Credit Card,success,
f62826ac-3163-45c7-ace2-a86d84de6d98,2026-08-13 00:20:21,PayPal,Credit Card,success,
6cba4881-36d4-4eb5-9fbb-2c453f4b8de7,2026-09-23 06:21:43,Adyen,Credit Card,success,
b3ace075-baca-43f5-97c3-58a96be699f4,2026-07-26 22:38:43,Adyen,Credit Card,failed,BANK_DECLINE
6c075a81-ef68-4efa-94d0-9e5d409176f8,2026-09-12 22:54:55,Stripe,Credit Card,success,
d144413e-7054-4e69-99d4-2a46d15bed93,2026-08-03 20:05:24,Stripe,Credit Card,failed,BANK_DECLINE
62537018-b8c3-4e46-b101-80d213fd8ed8,2026-09-03 23:11:40,PayPal,Credit Card,success,
39557968-ddd5-4ed5-88e9-fe7f30de1640,2026-09-23 05:47:55,Stripe,Credit Card,success,
ff310259-78bc-445c-b18b-7b00488439f7,2026-09-16 10:32:30,PayPal,Credit Card,success,
e0ae57d7-ce40-4056-9301-06eb51feb4ba,2026-08-01 15:41:56,PayPal,Credit Card,success,
b667c87a-05ff-4e7a-a71b-592cb947d80c,2026-07-14 00:54:00,Stripe,Credit Card,success,
b60d6e56-fca0-4e00-baa0-10b308c110a1,2026-09-07 06:02:52,Adyen,Credit Card,success,
d3f7f301-4925-4f35-9fed-f6f76bebc3c0,2026-07-28 11:51:25,Stripe,Credit Card,success,
a3b6d899-14b5-4f12-9827-b4322d0a34a0,2026-10-04 01:40:21,Adyen,Credit Card,failed,BANK_DECLINE
f02d9628-3aad-479a-a46e-a9b8d5131e08,2026-08-22 01:55:17,Stripe,Credit Card,success,
0a634790-829a-4fab-af04-1a0b68690f2c,2026-07-25 23:50:17,Stripe,Credit Card,failed,BANK_DECLINE
51c4ef0e-ed4c-4d3e-accb-d0cbd36af31a,2026-10-02 10:15:14,PayPal,Credit Card,failed,3DS_TIMEOUT
81cde410-de76-4b5e-81cf-e6077bafd26c,2026-09-05 11:48:08,PayPal,Credit Card,success,
668e81b7-dc85-434a-8c3a-8517b988ccea,2026-07-22 09:54:05,PayPal,Credit Card,failed,3DS_TIMEOUT
e60dc379-98a1-4380-98b0-9cdb74245894,2026-09-07 09:22:38,PayPal,Credit Card,success,
b619ea07-c1b7-46e4-ad47-b1ee85c74043,2026-09-23 08:10:33,Adyen,Credit Card,success,
737b3c5b-6860-4517-aad7-9e3fcdecb489,2026-07-18 19:15:09,Adyen,Credit Card,success,
c4c79176-c40b-454c-930e-cb4b1236bf38,2026-07-24 07:37:04,PayPal,Credit Card,success,
c8adb858-addb-4aef-a26e-9cf2b21ecf2b,2026-07-13 21:39:38,PayPal,Credit Card,success,
6bf4b4ce-0af2-41f3-a225-e6e37e7a1ede,2026-07-10 12:53:02,Adyen,Credit Card,success,
ab075fe1-da83-41c1-87b6-b5af401d28a4,2026-07-30 11:39:26,PayPal,Credit Card,success,
8e3827c4-7960-417d-ae6e-fec50f0e8010,2026-09-10 02:34:37,PayPal,Credit Card,success,
5a31616f-fa5c-4f83-a749-64ec10eee34d,2026-07-19 04:06:01,Adyen,Credit Card,success,
4974de4e-5165-463d-8fef-79b8c7d0aeec,2026-08-12 11:28:41,Adyen,Credit Card,success,
d8979779-fb12-43b2-a4ce-4bbaf241dae9,2026-07-23 01:30:06,PayPal,Credit Card,success,
f75ce9e2-3717-4eb2-bd54-6072573effb1,2026-08-03 05:53:39,Stripe,Credit Card,success,
3055d360-c03a-4c91-9a08-95a56f459447,2026-07-08 16:33:00,Adyen,Credit Card,failed,3DS_TIMEOUT
67f69f8a-d6ec-431a-8d44-5e569a5436b3,2026-09-09 23:17:36,Stripe,Credit Card,failed,INSUFFICIENT_FUNDS
d91fa60e-2eec-4ef3-bcdd-d5f22332f873,2026-09-21 21:03:27,Stripe,Credit Card,success,
9951e0e6-8d5d-430d-ad58-980e29521242,2026-07-21 10:45:39,Stripe,Credit Card,success,
ebbf9ba7-49c3-497b-9ad5-ab81e782463d,2026-10-05 21:19:50,Adyen,Credit Card,success,
225a540c-d6a7-448f-ac49-53d3aabc9331,2026-09-25 23:53:52,Stripe,Credit Card,success,
70742eca-1b70-46cb-ba58-7e2aae3928c6,2026-07-30 06:47:29,PayPal,Credit Card,failed,3DS_TIMEOUT
c2213ad1-fdd0-41d2-a125-071f377b8858,2026-09-14 19:48:30,PayPal,Credit Card,success,
5265b729-ce36-479e-abdb-629ad62e2e34,2026-07-11 09:48:24,Stripe,Credit Card,success,
b10d55fe-503b-4e2c-bd89-136150b8e86a,2026-07-23 00:20:11,Adyen,Credit Card,failed,3DS_TIMEOUT
824ebd48-e452-4905-bf43-8dcaf8463506,2026-09-20 19:01:03,Stripe,Credit Card,success,
c7c0de47-eb3f-481c-8c21-41718139924f,2026-07-20 15:02:54,Adyen,Credit Card,success,
a7f7fd19-c588-4b98-8af5-2b90f1b550b5,2026-09-18 21:45:24,PayPal,Credit Card,success,
0b7ed2dd-ad93-4b49-9231-956691b2274c,2026-07-24 11:31:50,PayPal,Credit Card,success,
acdae328-35fa-4b7c-82b6-de8573d072b2,2026-08-12 16:37:16,Stripe,Credit Card,failed,BANK_DECLINE
337c0b76-5081-484c-a99a-cdeefdafc5f7,2026-10-04 19:11:16,PayPal,Credit Card,success,
07c1da78-1816-4344-ac62-6c637cb2cf02,2026-07-31 19:29:25,Adyen,Credit Card,success,
cdd26f4d-5278-4793-baab-fc0bb7c65ad9,2026-09-01 05:04:45,PayPal,Credit Card,success,
e065b801-d879-4d17-b642-23ec35e69863,2026-07-13 03:25:45,PayPal,Credit Card,success,
4d912e42-4cd6-4bf3-8299-58e85ada76dd,2026-09-16 22:26:50,PayPal,Credit Card,success,
90a19a1e-2732-48f8-b315-a606cbb1fe8a,2026-08-26 08:53:20,Adyen,Credit Card,success,
7057d009-c3d5-4f6f-a37f-4f10c6aacddd,2026-07-18 06:48:54,Stripe,Credit Card,success,
67d0e165-a005-46ad-b219-6f08c16ccdd4,2026-07-10 18:38:58,PayPal,Credit Card,success,
2f2bd504-c01d-4824-a417-084fddea7b87,2026-09-30 19:56:38,Stripe,Credit Card,success,
6f4f71f0-839c-4a59-abbf-e00013c4d500,2026-08-27 14:32:31,Adyen,Credit Card,success,
95a63fae-f772-4a9d-adbc-a80c384865f8,2026-08-30 14:23:14,Stripe,Credit Card,success,
599375bb-01ce-466c-8563-c4f06b551d4a,2026-07-15 02:17:43,Adyen,Credit Card,success,
28561ebb-fece-4484-86ca-089743a31725,2026-08-07 22:18:44,Stripe,Credit Card,failed,BANK_DECLINE
e528af20-0ef1-415d-aece-65dfaa62edaa,2026-08-13 18:12:33,PayPal,Credit Card,success,
913c4b18-d23a-4105-b40a-68b15447a28f,2026-07-12 14:54:23,Adyen,Credit Card,failed,INSUFFICIENT_FUNDS
89574ba2-20fb-49e5-aa7c-d734eca65edf,2026-09-23 05:40:46,Adyen,Credit Card,success,
b497a297-54a0-4659-bc9b-ac035e3c3c78,2026-07-09 05:58:34,Stripe,Credit Card,success,
637a6db7-7d72-403b-9049-4e4f36f627f9,2026-07-30 03:12:44,Stripe,Credit Card,success,
3c5f6bd8-71e8-481a-b7d9-b9e9c2a92140,2026-08-11 08:32:40,Stripe,Credit Card,success,
41a518e2-1e72-46fc-86ea-28bcfb0c1f2c,2026-08-09 09:26:36,Stripe,Credit Card,success,
176ede0f-d2d7-4855-b157-f752d678ac60,2026-07-23 14:22:00,Adyen,Credit Card,success,
1777f8c0-d473-4d16-a041-05d60c88b2d1,2026-09-20 03:10:02,PayPal,Credit Card,success,
d330f044-f2bd-4b4c-8c88-9e2d64f4c9fb,2026-09-12 20:32:29,PayPal,Credit Card,success,
e09dcd45-3633-497a-9819-f890bd01e112,2026-10-01 01:43:32,PayPal,Credit Card,success,
964d2667-c578-45c5-b0c1-d5f0f30f4bcf,2026-10-05 01:58:31,Stripe,Credit Card,success,
6ca02d43-feee-411e-9b43-0c4f2eae181b,2026-09-13 18:02:25,Adyen,Credit Card,success,
7453b8d9-2991-406d-ba68-a8737016ff35,2026-09-22 12:09:31,Stripe,Credit Card,success,
bf138d20-bab8-4c06-886a-4934f4c92516,2026-07-09 20:31:15,PayPal,Credit Card,success,
902aef22-24b8-47cc-a85a-ff2a92635e29,2026-09-21 15:54:54,Stripe,Credit Card,success,
872b0665-be40-49b6-b1b7-45d42adee1e8,2026-08-11 06:34:06,Stripe,Credit Card,success,
381d49f6-ad7a-43c9-8f4a-1f430c300863,2026-09-12 11:06:29,PayPal,Credit Card,success,
da18b731-440b-44ff-9dc3-3bb73fecf414,2026-08-07 06:45:21,Adyen,Credit Card,success,
bce0af83-7ff5-4c88-b12f-c51ced28335e,2026-09-14 09:00:01,PayPal,Credit Card,success,
87a3507f-4c21-46a9-807c-3e1e03da9aad,2026-08-31 03:28:24,PayPal,Credit Card,success,
f55db502-7940-44c9-b7bf-6a520e96007e,2026-09-12 12:37:59,Stripe,Credit Card,success,
66b4c431-8ec3-475e-a98b-6caf022344ad,2026-08-19 22:54:22,Adyen,Credit Card,success,
68d8dced-b57e-4db6-bf47-f40458cbdfb3,2026-09-29 04:05:04,PayPal,Credit Card,failed,BANK_DECLINE
d1fccbea-18c7-4dfb-8fbe-702a4b7a9793,2026-09-29 14:52:59,Adyen,Credit Card,failed,BANK_DECLINE
4b95fca3-2178-479a-bd52-df44cdf5dc1d,2026-09-26 03:10:26,Adyen,Credit Card,success,
e4a8c9b4-bc2d-4a66-ad73-02630405d043,2026-08-17 17:49:37,Stripe,Credit Card,success,
d033c245-41d3-407b-a239-2a458d8b89f5,2026-09-08 06:04:57,PayPal,Credit Card,success,
2db68522-be14-4eee-b016-d0be1e913daa,2026-10-04 06:20:37,Adyen,Credit Card,success,
165b5878-7df5-4554-9019-7a1c4733f079,2026-08-15 12:55:40,Stripe,Credit Card,success,
76764b5b-30c8-4ef2-b33a-2f36ac4d9b86,2026-09-17 18:12:12,Adyen,Credit Card,success,
2c2597b7-3f19-4975-ba5d-119b01e013da,2026-09-07 18:58:18,PayPal,Credit Card,success,
a202a94c-1789-4d3c-9874-b8145feff166,2026-09-22 19:06:06,Adyen,Credit Card,failed,3DS_TIMEOUT
486b25de-819f-4bd4-a256-2010f440f2fb,2026-08-14 04:30:36,Adyen,Credit Card,success,
46ccd65d-b0e9-4d61-a9cb-1c47fc04bdb4,2026-09-21 06:36:42,PayPal,Credit Card,success,
38f06b3d-dd30-491c-bc96-8a6b94a340d8,2026-07-16 12:47:14,Stripe,Credit Card,success,
8d5419bb-c84f-48c3-a44a-60bf29b70f2c,2026-07-18 20:58:17,PayPal,Credit Card,success,
7fdb8d2b-f15f-48ed-ae74-c1bdac7b9973,2026-10-04 15:57:51,Stripe,Credit Card,failed,BANK_DECLINE
e8ae08f4-0353-4d54-8517-d56c33619ca9,2026-09-07 18:18:10,Adyen,Credit Card,success,
620361e3-029b-4cbb-b161-0302ade15cc2,2026-08-02 04:29:44,Stripe,Credit Card,success,
cb76afb7-ffb4-4b37-a3bc-1675ba9217f3,2026-07-19 14:56:40,Stripe,Credit Card,success,
7c4efc21-f203-410f-89e0-9e21c31270c7,2026-08-01 18:13:35,Adyen,Credit Card,success,
cabfa781-8fe2-4243-af92-55ab3ed5d207,2026-07-25 06:29:22,Stripe,Credit Card,success,
a769b841-abdb-4d7b-bda3-dafff898f507,2026-09-13 04:25:06,Stripe,Credit Card,success,
63d49ef5-9777-47c0-978d-3bf04eb4baef,2026-08-15 14:48:53,PayPal,Credit Card,success,
311c8da3-4027-436b-809d-b18ae90c2039,2026-08-24 20:11:45,Adyen,Credit Card,success,
26bf2f56-cbea-4957-9877-f14b25742f99,2026-09-01 13:00:24,PayPal,Credit Card,success,
145e51b3-1976-4d4a-9c85-db9fce7d2265,2026-07-11 09:13:30,PayPal,Credit Card,success,
26d31c0a-9a0e-4f9e-8c02-742d0ea9ed6f,2026-07-15 12:43:46,Stripe,Credit Card,failed,3DS_TIMEOUT
ebf8a075-7708-4e77-bf46-a47676c92776,2026-07-29 08:52:51,Adyen,Credit Card,success,
64734471-3d94-4fb4-a0ff-74937cac189a,2026-09-22 03:51:45,Stripe,Credit Card,success,
5f3ee28d-a068-4b3a-97c1-bdd6b6f23373,2026-07-13 00:29:43,Adyen,Credit Card,success,
e2288a2c-27a3-47f3-98fb-6e52f5c3e3e8,2026-07-10 05:01:45,Adyen,Credit Card,failed,BANK_DECLINE
07b88048-f7cd-48a4-8613-664d756a8558,2026-07-10 01:23:14,Stripe,Credit Card,success,
84bb4c1f-7ddd-47d6-ae9f-5cd60c8e7527,2026-07-15 05:18:17,Stripe,Credit Card,success,
f8473efe-c5aa-4a89-a1e9-ee3fc1386313,2026-08-17 18:39:48,Stripe,Credit Card,success,
45fe5f05-6b6e-435a-befb-e0b84b0e0d59,2026-07-18 10:52:34,Adyen,Credit Card,success,
f377b20d-6ba0-47af-af75-0d9b870a85fc,2026-07-11 07:42:37,Stripe,Credit Card,success,
f2f1946b-c126-4eb0-9c10-c0e8a24851a2,2026-07-21 22:44:17,Adyen,Credit Card,success,
cabd9366-8d73-4ba8-8f7d-b41d50655f75,2026-09-13 05:41:27,Stripe,Credit Card,failed,3DS_TIMEOUT
c27bcaf1-2773-4d20-8562-34e26378f5d4,2026-09-16 19:05:56,Stripe,Credit Card,success,
8974a003-fdd6-48f5-9ac2-a4cb85184ef3,2026-09-25 17:14:01,Stripe,Credit Card,failed,INSUFFICIENT_FUNDS
b2e7f98c-09ec-4131-9cec-e915834e774f,2026-08-22 04:58:04,Stripe,Credit Card,success,
ab6d5df4-d438-480c-8302-890fa83bea7c,2026-08-03 02:11:31,Stripe,Credit Card,failed,3DS_TIMEOUT
22b5266a-5dff-4354-b49d-06adf207ee6e,2026-09-13 22:50:59,Adyen,Credit Card,failed,INSUFFICIENT_FUNDS
dd00ea50-a124-4581-b372-ce98af746123,2026-08-10 12:46:26,PayPal,Credit Card,success,
0afbc846-0ad4-414d-9775-b19e8d506c76,2026-08-28 16:57:32,PayPal,Credit Card,success,
779440b0-0122-4031-8e07-6e5d3df40af2,2026-09-29 19:49:02,Stripe,Credit Card,success,
5f6e047a-9e4c-4f9f-baa3-8d08a3d909c7,2026-08-26 11:04:11,Stripe,Credit Card,success,
472d2b3c-d642-41a7-b5ed-c3ab7e5a5316,2026-08-27 07:55:21,PayPal,Credit Card,success,
30fd2272-d1b1-4f0f-b1ac-c416caf7227b,2026-07-15 03:24:34,Adyen,Credit Card,success,
5aa7cced-a815-4326-bbf8-514c6c5be268,2026-08-04 10:52:45,PayPal,Credit Card,success,
c8c9fd17-4132-44c1-91df-ded189a9fec7,2026-10-01 13:09:07,PayPal,Credit Card,success,
8dd4aab0-eaae-46bf-b89d-d246b1ff262c,2026-07-10 02:07:16,PayPal,Credit Card,failed,3DS_TIMEOUT
ddd37332-6d06-4f52-9d4b-7f2785bb4fd9,2026-08-18 12:10:27,PayPal,Credit Card,success,
d6d832d6-1b91-4b79-97de-874479be7260,2026-08-27 19:56:11,Adyen,Credit Card,success,
f0008a5e-a72d-4495-87ce-6692f67cd733,2026-07-19 15:52:12,PayPal,Credit Card,success,
a3ed4fce-7b28-4292-95c0-fb51365d66f1,2026-07-28 10:47:29,Adyen,Credit Card,success,
a9e4f7f0-22fd-4ca1-bbfe-6b174f7814e9,2026-09-17 17:32:03,Adyen,Credit Card,success,
70ce3ead-7f21-4f28-82f7-4959a0759202,2026-09-29 06:05:01,Stripe,Credit Card,success,
083dffdf-ce2e-4783-8ac8-41abc57eb407,2026-07-24 17:19:07,Stripe,Credit Card,failed,INSUFFICIENT_FUNDS
d76dac81-34ca-404f-b209-8912d54ea21c,2026-09-19 18:43:50,Adyen,Credit Card,success,
5daf3747-f472-46fc-9125-b6fdeaed62e6,2026-07-22 17:01:09,Adyen,Credit Card,success,
09bee171-2b50-47a3-a712-9f79a6d5adfa,2026-08-24 17:05:00,PayPal,Credit Card,success,
99e9ce78-508d-4469-b0ce-b095db1c988a,2026-07-19 10:13:07,Adyen,Credit Card,success,
d223a9fd-e3f2-45df-8403-7f4b32eebdc4,2026-07-10 11:46:08,Adyen,Credit Card,success,
9903d2b4-0b9c-4032-9241-88bf78f4c003,2026-08-28 15:15:11,PayPal,Credit Card,success,
75672c34-2024-4e8d-b422-fbf0e6631418,2026-08-03 05:40:21,Stripe,Credit Card,success,
ceff5506-7c98-48cd-9cdf-ddff458d92e0,2026-08-09 15:11:49,Stripe,Credit Card,success,
9687a12b-f390-4e5f-b8a6-6345c483bcbc,2026-08-04 07:10:16,Stripe,Credit Card,success,
a536ef0a-a711-42bb-9715-17d7bdcd5712,2026-09-14 14:51:50,Adyen,Credit Card,success,
7ccf6ccc-f9eb-4838-8824-3c5e9ae0abd9,2026-08-19 13:29:58,PayPal,Credit Card,failed,INSUFFICIENT_FUNDS
f1113867-579f-4dfd-abf3-e71b82e6a990,2026-07-09 06:53:27,PayPal,Credit Card,failed,3DS_TIMEOUT
b2027120-6cd2-4166-8f4d-816e767a4108,2026-08-05 11:09:39,Stripe,Credit Card,success,
3714bf05-eac0-471a-88be-cdd5729fea92,2026-08-21 13:02:11,Stripe,Credit Card,success,
df4f6bc4-0875-4063-9593-159ff2e46375,2026-07-12 10:53:08,Adyen,Credit Card,success,
043bf562-c572-4bf9-8646-380d42fec2d5,2026-08-11 16:16:54,Adyen,Credit Card,success,
8fc66156-164e-410f-a478-0835ca283925,2026-08-01 21:20:57,Adyen,Credit Card,success,
3f82da78-9bad-4ef3-8961-533eb4444b39,2026-09-17 15:35:46,PayPal,Credit Card,success,
50cd6f15-89e0-45c8-911d-e9cedc103446,2026-09-12 08:28:58,PayPal,Credit Card,success,
e2e853bb-6fbc-4a7c-a7e1-509c9d3d4a29,2026-09-04 10:39:39,Stripe,Credit Card,success,
30f9a405-c7b2-47a5-bf78-decb8c5fc436,2026-08-13 23:32:17,PayPal,Credit Card,success,
b7fa9036-edda-4138-8a79-91587436564f,2026-08-07 21:25:11,Stripe,Credit Card,success,
f0f1470c-12ad-4faa-92e5-f16f605f2dd2,2026-08-22 22:52:02,PayPal,Credit Card,success,
a353a69d-5bbe-4d2d-97f5-f050571f111d,2026-08-30 05:22:26,Stripe,Credit Card,success,
7462cd6b-9ff8-482a-a343-397d7e8a4dbf,2026-07-13 16:12:47,PayPal,Credit Card,success,
5299cccc-9aba-4051-ac06-abcf4233f353,2026-09-28 12:42:46,PayPal,Credit Card,success,
bd8770d6-6b82-4829-9da3-2c49247fc73e,2026-09-27 01:15:49,Stripe,Credit Card,failed,BANK_DECLINE
05828a26-d212-4ae6-a568-7ea6893d0c53,2026-08-24 05:22:46,Stripe,Credit Card,success,
18ce86e1-f63b-408c-99ef-d9394c2f548e,2026-09-18 08:46:50,Adyen,Credit Card,success,
b4aaf8c8-e3e1-42fb-8306-91f9968e0fd2,2026-07-09 02:29:23,Stripe,Credit Card,success,
2b2b643f-5c68-425e-9de3-b5b747bed2e5,2026-10-01 21:46:52,Adyen,Credit Card,success,
d15fb485-cccc-4ceb-ad6a-d88564f02b8b,2026-07-18 12:53:12,PayPal,Credit Card,success,
0ad04020-71ee-4f44-a2cd-4a6ba6f0ccfb,2026-08-02 17:56:20,PayPal,Credit Card,failed,BANK_DECLINE
43224e35-a404-4f17-8479-79471e7bf024,2026-09-10 09:05:06,PayPal,Credit Card,success,
705a03dc-859f-4f4c-832d-0d91e69efea5,2026-08-05 15:17:36,Adyen,Credit Card,success,
6ffae57a-f704-4ad6-bc1d-25e324511d3a,2026-09-11 07:19:08,Stripe,Credit Card,success,
d5a242cc-102a-4c23-b792-9b0e89c797af,2026-07-18 21:34:36,Stripe,Credit Card,success,
77c76d26-2163-49b6-8745-f5500785370e,2026-07-23 20:21:54,PayPal,Credit Card,failed,INSUFFICIENT_FUNDS
b36efabc-acf9-4320-afa3-0c33051acb48,2026-10-04 02:33:27,Stripe,Credit Card,success,
4c76aae1-418d-4f36-a74a-0f7a818a1a1b,2026-09-02 09:44:30,Stripe,Credit Card,success,
d1b00e60-3f51-4461-afd4-056ccca50bec,2026-08-02 15:30:07,Stripe,Credit Card,success,
2e3227bb-cfb0-4166-97e1-347f744042ab,2026-07-18 18:58:52,PayPal,Credit Card,success,
87e4c999-06a3-4703-b729-0e26c812f700,2026-09-20 06:11:18,Stripe,Credit Card,success,
36e2a47e-8271-45bd-ade4-f621b5575f42,2026-08-01 19:07:46,Stripe,Credit Card,success,
68603c19-9c6c-4afa-8416-af166eba16a1,2026-08-20 08:18:19,Stripe,Credit Card,success,
82ef0dda-987f-435f-9eb9-b4523a22442d,2026-09-28 02:23:20,Stripe,Credit Card,success,
