session_id,num_events,duration_sec,device,channel,add_to_cart,address_entry,checkout_start,compare,exit,order_placed,page_view,payment_attempt,payment_fail,product_view,search,friction_label,is_abandoned
0009b3ad-3000-4766-a54a-4decdefe9407,8,122.0,mobile,social,0,0,0,0,1,0,4,0,0,0,3,poor_recommendations,1
002c5370-1134-434d-9c27-942715a1eed7,2,23.0,mobile,organic,0,0,0,0,1,0,1,0,0,0,0,,1
003b8eca-63cd-4827-8275-d9b47497804d,8,78.0,desktop,email,0,0,0,0,1,0,4,0,0,0,3,poor_recommendations,1
004682a1-298c-4292-b921-670427445c0a,2,24.0,mobile,organic,0,0,0,0,1,0,1,0,0,0,0,,1
00480fab-9c3c-467e-a94d-321daca0af86,2,12.0,desktop,organic,0,0,0,0,1,0,1,0,0,0,0,,1
0075f25f-c667-4f96-bd09-4efe8d64d999,6,97.0,mobile,paid_search,1,0,1,0,0,1,1,1,0,1,0,no_friction,0
008312b3-b01a-462e-ade8-b2dcff452581,2,18.0,mobile,paid_search,0,0,0,0,1,0,1,0,0,0,0,,1
008bf013-6c2d-46fd-a519-9119b61160c7,6,128.0,mobile,organic,1,1,1,0,1,0,1,0,0,1,0,delivery_uncertainty,1
00968b75-850e-4893-9e45-aa01a6470273,2,28.0,tablet,paid_search,0,0,0,0,1,0,1,0,0,0,0,,1
009fb0d7-b92c-4e7d-bfd3-0b0b8b10cb9a,5,115.0,mobile,organic,1,0,1,0,1,0,1,0,0,1,0,price_shock,1
00b00714-a788-4111-a63d-7ef33d30c936,2,8.0,mobile,paid_search,0,0,0,0,1,0,1,0,0,0,0,,1
00d4f04a-4f62-4551-b90e-e2cd197b682f,6,121.0,mobile,social,1,1,1,0,1,0,1,0,0,1,0,delivery_uncertainty,1
00e5c4ef-41a1-4e54-b7a9-397cde09e2bd,10,190.0,mobile,paid_search,0,0,0,4,1,0,1,0,0,4,0,unclear_product_info,1
01101e13-1c0b-4ecd-9eaf-ae841e699c5c,2,26.0,mobile,direct,0,0,0,0,1,0,1,0,0,0,0,,1
012b9a6e-1618-43d1-a9ba-921924f041be,7,150.0,mobile,organic,1,0,1,0,1,0,1,1,1,1,0,payment_failure,1
014da90e-47a1-4e27-991f-a315def4acd9,2,5.0,mobile,paid_search,0,0,0,0,1,0,1,0,0,0,0,,1
0151e39a-bf6f-48d6-94bd-78eb0cc82c05,2,15.0,desktop,paid_search,0,0,0,0,1,0,1,0,0,0,0,,1
017deb85-0de0-4b0e-9682-afbfe8afa78e,6,117.0,mobile,organic,1,1,1,0,1,0,1,0,0,1,0,delivery_uncertainty,1
01816939-1155-44f6-9e55-6193da713c23,2,15.0,mobile,paid_search,0,0,0,0,1,0,1,0,0,0,0,,1
0195e888-488f-4745-96a2-1d2d3a1dc37e,6,115.0,mobile,social,1,0,1,0,0,1,1,1,0,1,0,no_friction,0
01996ac1-c0df-4694-84b4-8e09413dc48e,2,15.0,mobile,organic,0,0,0,0,1,0,1,0,0,0,0,,1
01a1e3a1-b391-415f-81cc-49f62054e360,10,220.0,mobile,organic,0,0,0,4,1,0,1,0,0,4,0,unclear_product_info,1
01b3601c-5fc0-4dc2-b0fe-91a27e0a084d,2,27.0,desktop,paid_search,0,0,0,0,1,0,1,0,0,0,0,,1
01c64871-20a9-4f88-a0f5-0b5ffadd334f,5,89.0,mobile,social,1,0,1,0,1,0,1,0,0,1,0,price_shock,1
01cfb02a-f756-4e91-b9bd-4c098b5f271f,2,19.0,mobile,organic,0,0,0,0,1,0,1,0,0,0,0,,1
01eb79ec-b86b-467b-ab54-8bbe742ab122,2,27.0,desktop,direct,0,0,0,0,1,0,1,0,0,0,0,,1
020a61cf-ec43-47f0-919c-81cb761cc8c9,2,12.0,desktop,organic,0,0,0,0,1,0,1,0,0,0,0,,1
022df5d3-337b-497d-aa74-7ed1cc1336a4,5,98.0,tablet,social,1,0,1,0,1,0,1,0,0,1,0,price_shock,1
0231b280-17bf-4a67-8b43-4c3bea97b1d0,2,12.0,mobile,social,0,0,0,0,1,0,1,0,0,0,0,,1
02740d6f-4081-40a2-828e-4161ba92bd1f,2,8.0,desktop,email,0,0,0,0,1,0,1,0,0,0,0,,1
027a7050-cc79-47d7-859a-1e7e01cd7715,2,10.0,desktop,organic,0,0,0,0,1,0,1,0,0,0,0,,1
02944e36-1f25-4da0-9bf5-bec0dcd35d5b,6,109.0,desktop,social,1,1,1,0,1,0,1,0,0,1,0,delivery_uncertainty,1
02b86f55-849c-4641-8ecd-0e6970242db1,6,107.0,desktop,email,1,0,1,0,0,1,1,1,0,1,0,post_purchase_anxiety,0
02b907dc-2314-4876-99ec-1d149e363302,2,11.0,desktop,organic,0,0,0,0,1,0,1,0,0,0,0,,1
02ba4163-038a-4cb7-a416-5d1f352c3f7e,2,7.0,tablet,email,0,0,0,0,1,0,1,0,0,0,0,,1
02dbda43-9494-496b-90a1-bfe002883f97,2,14.0,mobile,organic,0,0,0,0,1,0,1,0,0,0,0,,1
02e2dea3-f55c-4abd-afeb-426de81eeaf5,2,21.0,desktop,direct,0,0,0,0,1,0,1,0,0,0,0,,1
02e6003d-d3c1-44cc-96a6-c803bd010f2e,5,84.0,mobile,organic,1,0,1,0,1,0,1,0,0,1,0,price_shock,1
02e7aa5e-2b25-4ddb-ba8e-6611e4496676,6,121.0,mobile,paid_search,1,0,1,0,0,1,1,1,0,1,0,no_friction,0
032f22f0-2f26-471c-8964-8b943d4a0fe2,2,9.0,mobile,email,0,0,0,0,1,0,1,0,0,0,0,,1
033cdb76-01d6-448e-9ab7-4348b9adae4f,2,22.0,mobile,direct,0,0,0,0,1,0,1,0,0,0,0,,1
03606cfe-29a4-4ccb-8423-a20269bd9ac3,2,28.0,tablet,email,0,0,0,0,1,0,1,0,0,0,0,,1
0367d972-49f1-42a1-9d41-d27d16b2f686,5,80.0,mobile,direct,1,0,1,0,1,0,1,0,0,1,0,price_shock,1
03755f09-a708-462d-b275-ce8aa6c869a2,2,7.0,desktop,direct,0,0,0,0,1,0,1,0,0,0,0,,1
037f30b0-2df9-463e-9cab-3babed72eebb,2,28.0,desktop,email,0,0,0,0,1,0,1,0,0,0,0,,1
038385a1-f4ac-49c9-82f1-b2c12d61a14f,6,122.0,desktop,social,1,1,1,0,1,0,1,0,0,1,0,delivery_uncertainty,1
0385faff-6417-48ba-bd51-b91b5ffb60d5,6,115.0,desktop,organic,1,0,1,0,0,1,1,1,0,1,0,no_friction,0
03903f69-9491-4301-abdc-a00752021501,2,10.0,desktop,organic,0,0,0,0,1,0,1,0,0,0,0,,1
03963d7c-71f1-491d-aa26-2241c3ccb0c1,6,158.0,tablet,email,1,0,1,0,0,1,1,1,0,1,0,no_friction,0
03a67504-2b71-4e50-a9ac-bdb6ea202247,2,27.0,mobile,organic,0,0,0,0,1,0,1,0,0,0,0,,1
03a6b367-1186-47ba-b584-9ddc9bdefc33,2,23.0,mobile,organic,0,0,0,0,1,0,1,0,0,0,0,,1
03aa8a76-0c67-495b-a01c-765164ae1556,5,98.0,mobile,social,1,0,1,0,1,0,1,0,0,1,0,price_shock,1
03b85951-eb2e-4255-9735-e9a95383b466,6,134.0,mobile,organic,1,0,1,0,0,1,1,1,0,1,0,no_friction,0
03c6548c-6dd3-4d8a-ab10-9fb88885e5a6,6,138.0,mobile,paid_search,1,1,1,0,1,0,1,0,0,1,0,delivery_uncertainty,1
03d436e2-9cf1-4bd7-9b4a-d91e79c0f5ec,6,137.0,tablet,organic,1,0,1,0,0,1,1,1,0,1,0,no_friction,0
03d7e0ac-d3aa-4424-81a0-ae9dd853097d,8,87.0,tablet,paid_search,0,0,0,0,1,0,4,0,0,0,3,poor_recommendations,1
03dca4af-42ee-4876-891b-e4d95ec9d58b,2,29.0,mobile,paid_search,0,0,0,0,1,0,1,0,0,0,0,,1
03dcb27a-3aa5-401f-8a79-be6aba91f3a1,5,84.0,desktop,paid_search,1,0,1,0,1,0,1,0,0,1,0,price_shock,1
03e0fa67-0597-490b-a4ba-8d8701180960,2,18.0,desktop,social,0,0,0,0,1,0,1,0,0,0,0,,1
03e5d9ef-6873-478d-adfa-1b4e2608223b,8,110.0,mobile,email,0,0,0,0,1,0,4,0,0,0,3,poor_recommendations,1
03efd4d6-8185-4741-9cad-8c9a4988b21f,2,26.0,desktop,social,0,0,0,0,1,0,1,0,0,0,0,,1
03f12eae-10ed-4a44-8a6f-34a6dafcdc3a,2,7.0,mobile,organic,0,0,0,0,1,0,1,0,0,0,0,,1
040798d3-ba02-449f-bf69-078a18250ed1,6,98.0,mobile,paid_search,1,0,1,0,0,1,1,1,0,1,0,no_friction,0
04101fc4-06a6-4108-ab78-1b8c86ae48fb,2,10.0,mobile,paid_search,0,0,0,0,1,0,1,0,0,0,0,,1
042ad5a2-d1b0-406b-9e58-3a9bed9f2092,2,15.0,mobile,organic,0,0,0,0,1,0,1,0,0,0,0,,1
0433b015-5df9-447e-9ac6-abb04f55e632,2,28.0,desktop,social,0,0,0,0,1,0,1,0,0,0,0,,1
043bf562-c572-4bf9-8646-380d42fec2d5,6,110.0,mobile,paid_search,1,0,1,0,0,1,1,1,0,1,0,no_friction,0
044bd905-877c-4c5f-a548-dce35669aa35,5,105.0,mobile,organic,1,0,1,0,1,0,1,0,0,1,0,price_shock,1
04535916-7b44-4a10-8d80-9cb5772461c6,7,114.0,desktop,direct,1,0,1,0,1,0,1,1,1,1,0,payment_failure,1
047364af-1cd2-41b8-b6b2-2caebe012d7c,2,22.0,desktop,paid_search,0,0,0,0,1,0,1,0,0,0,0,,1
047bae01-0ce5-4c90-97e7-a65e59301c50,6,97.0,mobile,organic,1,0,1,0,0,1,1,1,0,1,0,post_purchase_anxiety,0
0492aa8e-c0ff-4047-97fe-9ecef62922b9,2,11.0,mobile,organic,0,0,0,0,1,0,1,0,0,0,0,,1
049f60d0-f459-4cb1-a0dd-45a39a33c82f,2,21.0,mobile,social,0,0,0,0,1,0,1,0,0,0,0,,1
04a95533-b1c6-4fcd-b4f2-91527e25cb17,2,29.0,desktop,email,0,0,0,0,1,0,1,0,0,0,0,,1
04cd9f6f-e030-4040-bc1a-cac7afb509d1,2,13.0,desktop,email,0,0,0,0,1,0,1,0,0,0,0,,1
04d0bfce-55db-4c14-afd7-91509577d31d,5,106.0,mobile,social,1,0,1,0,1,0,1,0,0,1,0,price_shock,1
04d33308-a331-4a56-b885-6c7ba65d185f,6,99.0,mobile,organic,1,0,1,0,0,1,1,1,0,1,0,no_friction,0
04f46d59-82f8-49ed-9016-0db3ddb9f1d2,2,29.0,mobile,social,0,0,0,0,1,0,1,0,0,0,0,,1
04f7a874-ef84-44b4-9bfc-3851326a4f02,2,11.0,tablet,paid_search,0,0,0,0,1,0,1,0,0,0,0,,1
04fcbdea-889f-45bb-a6a8-0b74656c6a56,2,17.0,desktop,paid_search,0,0,0,0,1,0,1,0,0,0,0,,1
05070a53-4ba9-4b01-b80c-e98650210aa0,10,242.0,desktop,organic,0,0,0,4,1,0,1,0,0,4,0,unclear_product_info,1
0533fb33-7a95-4956-8bda-f64a498af5c0,2,17.0,mobile,email,0,0,0,0,1,0,1,0,0,0,0,,1
056bc632-fdda-4651-b711-1b541e5bbf6e,6,113.0,mobile,organic,1,1,1,0,1,0,1,0,0,1,0,delivery_uncertainty,1
0572c6b6-6cd2-4b92-808f-3286233e0fcc,2,29.0,mobile,organic,0,0,0,0,1,0,1,0,0,0,0,,1
058041d9-5a12-463d-a96c-d6af3292c610,2,29.0,mobile,social,0,0,0,0,1,0,1,0,0,0,0,,1
05828a26-d212-4ae6-a568-7ea6893d0c53,6,152.0,mobile,paid_search,1,0,1,0,0,1,1,1,0,1,0,no_friction,0
0589fb97-cafe-4f81-b999-0b1f7a17eaa3,2,28.0,desktop,paid_search,0,0,0,0,1,0,1,0,0,0,0,,1
058ecf3f-e14c-45d5-96b5-9d3245c64fe1,2,23.0,desktop,direct,0,0,0,0,1,0,1,0,0,0,0,,1
059dfdd0-6bb8-4c51-9131-963feede0ae7,2,16.0,mobile,organic,0,0,0,0,1,0,1,0,0,0,0,,1
05a2b1b3-0542-4464-b0e6-b983a82e8c4e,2,22.0,desktop,paid_search,0,0,0,0,1,0,1,0,0,0,0,,1
05a8a7c5-75d3-4cb7-93b2-682f5fb0b4b8,2,22.0,mobile,organic,0,0,0,0,1,0,1,0,0,0,0,,1
05b1a7ad-fca4-4c58-921d-b8cbab1c2a1d,6,103.0,mobile,paid_search,1,0,1,0,0,1,1,1,0,1,0,no_friction,0
05c8d3d6-2a28-4e6c-9d8b-6f9646dae46c,6,125.0,mobile,direct,1,0,1,0,0,1,1,1,0,1,0,post_purchase_anxiety,0
05dc07ec-f85c-4e89-a625-26898a04a483,8,86.0,mobile,organic,0,0,0,0,1,0,4,0,0,0,3,poor_recommendations,1
05dd4657-9db2-44cd-a0b0-ff74049794e2,7,120.0,mobile,organic,1,0,1,0,1,0,1,1,1,1,0,payment_failure,1
05dea2d1-e390-4479-b42c-8d7e3baf5a16,6,76.0,desktop,paid_search,1,0,1,0,0,1,1,1,0,1,0,no_friction,0
05ebebb3-2415-41a7-a57c-25ce6c897e28,10,217.0,mobile,paid_search,0,0,0,4,1,0,1,0,0,4,0,unclear_product_info,1
05f421f1-0978-4ed3-8edc-929fe1b81b9f,2,24.0,mobile,organic,0,0,0,0,1,0,1,0,0,0,0,,1
063652a6-cf77-4d08-9b9d-4cea57e7b19a,10,234.0,mobile,organic,0,0,0,4,1,0,1,0,0,4,0,unclear_product_info,1
0639ca87-f359-412f-a53b-36c0d1858832,6,109.0,mobile,organic,1,0,1,0,0,1,1,1,0,1,0,no_friction,0
063e95bf-aa44-4a52-9782-6e9a772c388f,8,104.0,mobile,organic,0,0,0,0,1,0,4,0,0,0,3,poor_recommendations,1
0642864f-197a-4ff9-85dc-ab56362d9228,5,98.0,mobile,direct,1,0,1,0,1,0,1,0,0,1,0,price_shock,1
06527a72-e471-4ae5-bc20-70a296cefae2,6,110.0,mobile,organic,1,0,1,0,0,1,1,1,0,1,0,no_friction,0
0658117f-02ef-4fd5-bc17-075b00546e37,6,120.0,desktop,paid_search,1,0,1,0,0,1,1,1,0,1,0,no_friction,0
06704f14-bfac-45ba-b30c-b61d8fa105b4,6,103.0,mobile,email,1,0,1,0,0,1,1,1,0,1,0,post_purchase_anxiety,0
069034e4-7157-48b7-97f3-6e4c35aa4325,2,15.0,mobile,paid_search,0,0,0,0,1,0,1,0,0,0,0,,1
06a0de55-9d00-4df3-ae1c-116249e6245f,2,6.0,mobile,direct,0,0,0,0,1,0,1,0,0,0,0,,1
06a58b18-a266-4d37-ac49-1cb86aba259d,2,13.0,mobile,paid_search,0,0,0,0,1,0,1,0,0,0,0,,1
06bd78cc-0b5b-4313-8384-4cdf3d95256b,2,16.0,desktop,paid_search,0,0,0,0,1,0,1,0,0,0,0,,1
06befbc8-fe14-4a56-9251-3c38e52bae58,2,18.0,mobile,social,0,0,0,0,1,0,1,0,0,0,0,,1
06c12bbf-b2a6-430d-b359-e084cf41bb1e,6,131.0,desktop,social,1,0,1,0,0,1,1,1,0,1,0,no_friction,0
06c4bf03-3221-4da7-9267-9a9200c950d0,6,118.0,desktop,email,1,1,1,0,1,0,1,0,0,1,0,delivery_uncertainty,1
06c69739-94df-48e0-88e4-3472b3b5451a,6,113.0,desktop,email,1,0,1,0,0,1,1,1,0,1,0,post_purchase_anxiety,0
06d0a797-80be-4ec8-9eb7-10e031d9e18c,6,85.0,mobile,social,1,0,1,0,0,1,1,1,0,1,0,post_purchase_anxiety,0
06e56601-8b5d-4eb5-86cd-9c8ddafc10ec,2,5.0,mobile,organic,0,0,0,0,1,0,1,0,0,0,0,,1
06f6295b-7279-4508-a500-9c1ee4867c73,7,150.0,mobile,social,1,0,1,0,1,0,1,1,1,1,0,payment_failure,1
0700fc43-9455-435e-9ba9-059fda703da3,2,13.0,mobile,paid_search,0,0,0,0,1,0,1,0,0,0,0,,1
0700ffe9-f018-4829-96ab-af8491da46d2,6,118.0,mobile,organic,1,1,1,0,1,0,1,0,0,1,0,delivery_uncertainty,1
0714974e-67ab-48c9-91fa-f2e32020d528,6,107.0,desktop,paid_search,1,0,1,0,0,1,1,1,0,1,0,no_friction,0
0716f4e3-0bde-45ae-964a-2c8473ee4fd5,2,27.0,mobile,paid_search,0,0,0,0,1,0,1,0,0,0,0,,1
07260b78-46b8-4ceb-88b7-37255cebe0d1,10,252.0,mobile,organic,0,0,0,4,1,0,1,0,0,4,0,unclear_product_info,1
0736f8af-7b4e-4fd6-880a-205bfd92a3f4,2,30.0,desktop,paid_search,0,0,0,0,1,0,1,0,0,0,0,,1
0737a7a7-3658-46fa-b562-6edf6ac266a1,10,224.0,mobile,organic,0,0,0,4,1,0,1,0,0,4,0,unclear_product_info,1
07740978-7a7d-4469-a4e4-5fd76de6f234,5,98.0,desktop,organic,1,0,1,0,1,0,1,0,0,1,0,price_shock,1
07778982-1c00-4579-989e-1f63d73bb054,2,7.0,tablet,paid_search,0,0,0,0,1,0,1,0,0,0,0,,1
07b79e17-3ff8-4fd7-9c4e-84c3394b9df5,6,102.0,mobile,social,1,0,1,0,0,1,1,1,0,1,0,post_purchase_anxiety,0
07b88048-f7cd-48a4-8613-664d756a8558,6,125.0,desktop,organic,1,0,1,0,0,1,1,1,0,1,0,no_friction,0
07bd7d79-d13a-4bda-886a-6390dcfa3365,2,22.0,mobile,organic,0,0,0,0,1,0,1,0,0,0,0,,1
07c01b5a-b599-4dc0-82c4-2ceae0def321,2,16.0,mobile,paid_search,0,0,0,0,1,0,1,0,0,0,0,,1
07c1da78-1816-4344-ac62-6c637cb2cf02,6,118.0,mobile,organic,1,0,1,0,0,1,1,1,0,1,0,no_friction,0
07c4719a-9e36-4f9d-88d9-c7d67cbef510,8,112.0,desktop,organic,0,0,0,0,1,0,4,0,0,0,3,poor_recommendations,1
07cb9d10-0cce-4dd0-bdde-e83a094255aa,6,109.0,desktop,social,1,0,1,0,0,1,1,1,0,1,0,no_friction,0
07e9d90e-3eb4-4f7a-bfbe-d03422761b5d,2,24.0,mobile,paid_search,0,0,0,0,1,0,1,0,0,0,0,,1
07fd18c1-ec72-43fd-a57c-b39201edaa90,2,26.0,desktop,organic,0,0,0,0,1,0,1,0,0,0,0,,1
0816e568-d175-4864-9e87-0b7b82d5f31f,2,5.0,desktop,organic,0,0,0,0,1,0,1,0,0,0,0,,1
081ba88e-b38e-494e-b63a-8c5c5c199da1,7,113.0,mobile,organic,1,0,1,0,1,0,1,1,1,1,0,payment_failure,1
081c1935-07e8-4007-8ec0-69ad64487294,6,109.0,mobile,paid_search,1,1,1,0,1,0,1,0,0,1,0,delivery_uncertainty,1
081e9466-c849-448b-82fc-42a9842a828c,8,91.0,mobile,paid_search,0,0,0,0,1,0,4,0,0,0,3,poor_recommendations,1
082fdfea-239f-4e07-8bfc-90a53e6111ce,10,174.0,tablet,paid_search,0,0,0,4,1,0,1,0,0,4,0,unclear_product_info,1
0832f103-8fad-4aee-b358-560d7e97733e,6,125.0,desktop,organic,1,1,1,0,1,0,1,0,0,1,0,delivery_uncertainty,1
083dffdf-ce2e-4783-8ac8-41abc57eb407,7,139.0,tablet,organic,1,0,1,0,1,0,1,1,1,1,0,payment_failure,1
085fb5b1-93ca-4a72-ac3a-ac918e294ff1,2,10.0,desktop,social,0,0,0,0,1,0,1,0,0,0,0,,1
088caf05-8675-41a6-ba71-d30114b0b22c,2,11.0,tablet,paid_search,0,0,0,0,1,0,1,0,0,0,0,,1
088ed7ec-d15e-4c4c-a378-c3f0c3a5f2c2,2,16.0,desktop,organic,0,0,0,0,1,0,1,0,0,0,0,,1
0890cfd7-641b-4e63-9811-d4434f4421f2,2,5.0,desktop,organic,0,0,0,0,1,0,1,0,0,0,0,,1
089b390e-d6a7-4df6-b806-d23562da9783,2,21.0,mobile,organic,0,0,0,0,1,0,1,0,0,0,0,,1
08a7d491-b6f5-481f-a2f7-5abece4fb334,2,19.0,tablet,organic,0,0,0,0,1,0,1,0,0,0,0,,1
08af163e-7621-4b2c-94a3-222b1c385054,6,100.0,mobile,email,1,0,1,0,0,1,1,1,0,1,0,no_friction,0
08b5bbd5-4e96-4a6c-b93b-419f938e7086,6,146.0,tablet,social,1,0,1,0,0,1,1,1,0,1,0,post_purchase_anxiety,0
08bd9db2-dbc9-486b-8ef9-dece6e6cce9f,6,111.0,desktop,organic,1,0,1,0,0,1,1,1,0,1,0,no_friction,0
08c206d3-0d37-4396-b146-10bc20c1d508,6,101.0,mobile,organic,1,1,1,0,1,0,1,0,0,1,0,delivery_uncertainty,1
08c745db-81fb-45e1-a35e-9eea9e748b90,2,13.0,desktop,paid_search,0,0,0,0,1,0,1,0,0,0,0,,1
08cdf3ad-805a-4a09-a66d-7993897a6ce1,8,92.0,mobile,social,0,0,0,0,1,0,4,0,0,0,3,poor_recommendations,1
08d79038-5b8a-42fa-af70-2bee8c6198c4,2,30.0,desktop,organic,0,0,0,0,1,0,1,0,0,0,0,,1
08e4bf87-aa19-4e12-a973-8bd2848ca7c0,2,12.0,tablet,social,0,0,0,0,1,0,1,0,0,0,0,,1
08fd604b-a6c5-40d5-8e2e-5266f1c0c344,2,5.0,mobile,organic,0,0,0,0,1,0,1,0,0,0,0,,1
08feb61d-1dc3-4ff8-8bfb-070b89683638,2,26.0,mobile,direct,0,0,0,0,1,0,1,0,0,0,0,,1
08ffd2f3-8458-4c4e-a4c5-ca3b8a10f50a,6,108.0,mobile,organic,1,0,1,0,0,1,1,1,0,1,0,no_friction,0
090b2549-e2f0-4fe0-a9a6-a9a1d883ee80,10,156.0,mobile,social,0,0,0,4,1,0,1,0,0,4,0,unclear_product_info,1
09191e76-bedb-446e-bb13-18b5881dae15,2,26.0,desktop,organic,0,0,0,0,1,0,1,0,0,0,0,,1
092863b3-b494-40d3-8b69-a149be5bfe92,2,14.0,desktop,organic,0,0,0,0,1,0,1,0,0,0,0,,1
092c900d-992a-4f44-a617-573cbfcf2d65,5,103.0,mobile,paid_search,1,0,1,0,1,0,1,0,0,1,0,price_shock,1
094cc6f5-8aa1-45b5-96f6-9c99d0acb207,2,10.0,mobile,social,0,0,0,0,1,0,1,0,0,0,0,,1
096de55f-0c28-49cf-8a63-23afe35e8186,2,11.0,mobile,email,0,0,0,0,1,0,1,0,0,0,0,,1
09898f41-3c74-47ad-bf5b-84328cefa475,6,132.0,desktop,organic,1,0,1,0,0,1,1,1,0,1,0,post_purchase_anxiety,0
09991546-8bd7-41df-acbe-58b169e41d7d,2,12.0,mobile,social,0,0,0,0,1,0,1,0,0,0,0,,1
09b3ceae-6c7f-40b2-8850-7a8122cc9125,6,118.0,mobile,social,1,0,1,0,0,1,1,1,0,1,0,no_friction,0
09bee171-2b50-47a3-a712-9f79a6d5adfa,6,129.0,mobile,organic,1,0,1,0,0,1,1,1,0,1,0,no_friction,0
09de4511-4ec9-43e3-a4ec-ef723c228a9b,6,135.0,mobile,organic,1,0,1,0,0,1,1,1,0,1,0,no_friction,0
0a06aaf5-d9ad-4f81-868a-75bc1332dca6,2,14.0,mobile,organic,0,0,0,0,1,0,1,0,0,0,0,,1
0a0d8ce2-0034-4e72-978e-d30232a081f1,10,217.0,mobile,email,0,0,0,4,1,0,1,0,0,4,0,unclear_product_info,1
0a2035a5-b3a3-4cfb-9662-1d810939a618,5,92.0,tablet,paid_search,1,0,1,0,1,0,1,0,0,1,0,price_shock,1
0a266827-ca93-4e70-a7a4-23e6dc815dab,10,227.0,desktop,social,0,0,0,4,1,0,1,0,0,4,0,unclear_product_info,1
0a53a793-bbb5-4dd5-9712-def21935ebc6,2,9.0,mobile,social,0,0,0,0,1,0,1,0,0,0,0,,1
0a5ea073-3013-409d-8d19-9dca867b0fa9,5,80.0,desktop,paid_search,1,0,1,0,1,0,1,0,0,1,0,price_shock,1
0a619443-7bee-4c84-a235-3770f17052e9,2,15.0,mobile,organic,0,0,0,0,1,0,1,0,0,0,0,,1
0a634790-829a-4fab-af04-1a0b68690f2c,7,109.0,desktop,paid_search,1,0,1,0,1,0,1,1,1,1,0,payment_failure,1
0a689351-7f5a-4c6f-9f94-3269dd9578ff,2,30.0,mobile,paid_search,0,0,0,0,1,0,1,0,0,0,0,,1
0a700c41-825f-49eb-9ba9-1ec0f8b0f794,8,114.0,tablet,social,0,0,0,0,1,0,4,0,0,0,3,poor_recommendations,1
0a738d79-f6dd-4c3e-ac62-b615c07c713c,2,22.0,mobile,organic,0,0,0,0,1,0,1,0,0,0,0,,1
0a78c67a-672e-4e43-aed8-84dac7af81a9,6,128.0,mobile,organic,1,0,1,0,0,1,1,1,0,1,0,no_friction,0
0a7ee30e-8018-476d-8f10-f54cca10d41f,2,23.0,mobile,social,0,0,0,0,1,0,1,0,0,0,0,,1
0a7f3a09-38a7-4c14-905f-0486177cf69b,5,122.0,mobile,direct,1,0,1,0,1,0,1,0,0,1,0,price_shock,1
0a84f2d3-c844-4500-8d9a-207f3a447d4a,2,14.0,mobile,organic,0,0,0,0,1,0,1,0,0,0,0,,1
0a8fdb48-918e-4a73-9b54-f16ccd02132a,2,9.0,tablet,organic,0,0,0,0,1,0,1,0,0,0,0,,1
0a980df7-a5e2-43e9-bce1-025f8482e8bc,2,14.0,tablet,organic,0,0,0,0,1,0,1,0,0,0,0,,1
0a9832a9-d135-4052-acd7-1911da341bbe,2,18.0,tablet,direct,0,0,0,0,1,0,1,0,0,0,0,,1
0aa9a778-3d9a-4a38-b789-e5da6241c91c,2,13.0,mobile,organic,0,0,0,0,1,0,1,0,0,0,0,,1
0abbbc68-6595-453b-8c9b-735ea5d90d06,5,73.0,tablet,paid_search,1,0,1,0,1,0,1,0,0,1,0,price_shock,1
0aca60ad-9f6a-4664-af06-1c88bf9f51fe,2,23.0,desktop,paid_search,0,0,0,0,1,0,1,0,0,0,0,,1
0aca61ed-2875-4519-a902-d171a9059552,2,18.0,mobile,organic,0,0,0,0,1,0,1,0,0,0,0,,1
0ad04020-71ee-4f44-a2cd-4a6ba6f0ccfb,7,119.0,mobile,direct,1,0,1,0,1,0,1,1,1,1,0,payment_failure,1
0afaa13d-aa31-481b-98b5-50e0a03136ad,5,76.0,desktop,email,1,0,1,0,1,0,1,0,0,1,0,price_shock,1
0afbc846-0ad4-414d-9775-b19e8d506c76,6,80.0,mobile,organic,1,0,1,0,0,1,1,1,0,1,0,no_friction,0
0b2d3eb4-cf5e-4ea0-8ad6-4a869874b9fd,2,14.0,mobile,email,0,0,0,0,1,0,1,0,0,0,0,,1
0b2e2ade-582d-41dd-b94e-6dd9c5a6485e,6,127.0,desktop,paid_search,1,0,1,0,0,1,1,1,0,1,0,no_friction,0
0b320add-4279-40bc-802e-736e7e88b2c3,2,10.0,desktop,direct,0,0,0,0,1,0,1,0,0,0,0,,1
0b3681a4-ec5c-4e4b-9335-f4a751edbb83,6,99.0,tablet,direct,1,0,1,0,0,1,1,1,0,1,0,no_friction,0
0b3aa6b4-ac72-4fa2-8182-a3c3f8804e41,2,28.0,mobile,email,0,0,0,0,1,0,1,0,0,0,0,,1
0b3b66f8-f101-4aa7-b0a0-a667f9b0cd80,2,17.0,mobile,organic,0,0,0,0,1,0,1,0,0,0,0,,1
0b40a2c1-376b-47e5-8e42-1a15d1efaef6,2,17.0,desktop,paid_search,0,0,0,0,1,0,1,0,0,0,0,,1
0b4d5539-11a5-4797-9070-a04f4d4f0d93,2,30.0,mobile,paid_search,0,0,0,0,1,0,1,0,0,0,0,,1
0b502c21-d6e7-4df7-802c-39d85afa5297,2,11.0,desktop,direct,0,0,0,0,1,0,1,0,0,0,0,,1
0b630db2-baef-4455-bdf8-e5cff17ed011,6,99.0,desktop,organic,1,0,1,0,0,1,1,1,0,1,0,no_friction,0
0b682e7f-180d-4359-8b8d-d45f8c91574b,2,7.0,tablet,social,0,0,0,0,1,0,1,0,0,0,0,,1
0b7ed2dd-ad93-4b49-9231-956691b2274c,6,94.0,mobile,direct,1,0,1,0,0,1,1,1,0,1,0,no_friction,0
0b90ee47-770d-4a47-8cf6-4d3348ac784d,2,10.0,desktop,social,0,0,0,0,1,0,1,0,0,0,0,,1
0bb7c25b-32a8-4782-aa6e-cecb115b9d87,2,18.0,tablet,paid_search,0,0,0,0,1,0,1,0,0,0,0,,1
0bbcabc6-3b01-47f5-9c01-9b6a53d6c5ee,2,29.0,mobile,social,0,0,0,0,1,0,1,0,0,0,0,,1
0bbf56ac-2cb5-4aa8-b0d1-60cda54f14ae,2,30.0,mobile,social,0,0,0,0,1,0,1,0,0,0,0,,1
0bc31561-d089-4433-b307-7f20644f43aa,2,12.0,mobile,organic,0,0,0,0,1,0,1,0,0,0,0,,1
0bc33b82-77bb-4b21-b155-6a98a1c0d82d,2,5.0,mobile,email,0,0,0,0,1,0,1,0,0,0,0,,1
0bc96a99-9061-44d3-a099-0ef936fc64ee,10,260.0,mobile,paid_search,0,0,0,4,1,0,1,0,0,4,0,unclear_product_info,1
0bcf2550-4560-4ae6-b277-cdf00d90a8a0,2,16.0,tablet,organic,0,0,0,0,1,0,1,0,0,0,0,,1
0bdcbc61-ba91-4ef5-a184-d0b3ede0b78a,10,158.0,mobile,social,0,0,0,4,1,0,1,0,0,4,0,unclear_product_info,1
0be1fca4-d293-4ddd-801f-f11ff30d2981,7,114.0,mobile,organic,1,0,1,0,1,0,1,1,1,1,0,payment_failure,1
0c17ea89-0be5-4b6d-a9c4-0b0d5515d7ea,6,123.0,desktop,organic,1,0,1,0,0,1,1,1,0,1,0,no_friction,0
0c30634b-6f03-4111-ae5f-3e50c43ca59d,2,16.0,mobile,organic,0,0,0,0,1,0,1,0,0,0,0,,1
0c43d9da-d819-4ea0-b95e-6f5c8d9a3c70,2,10.0,tablet,organic,0,0,0,0,1,0,1,0,0,0,0,,1
0c463293-d2cc-4139-80e6-59ac2510662e,2,5.0,mobile,social,0,0,0,0,1,0,1,0,0,0,0,,1
0c5bd3c8-e8f0-40a5-9b7b-50b525bb396a,2,12.0,mobile,social,0,0,0,0,1,0,1,0,0,0,0,,1
0c6f797a-7ada-4740-99b2-0ede026b7a77,7,131.0,desktop,organic,1,0,1,0,1,0,1,1,1,1,0,payment_failure,1
0c7f69e5-c76a-4dae-9320-6d2add3da871,2,30.0,mobile,organic,0,0,0,0,1,0,1,0,0,0,0,,1
0c80be8f-cccf-4d65-b994-2e7ea40c02ba,6,120.0,desktop,email,1,0,1,0,0,1,1,1,0,1,0,no_friction,0
0c89c599-60c0-48ef-bce9-c051a56581c0,6,107.0,mobile,paid_search,1,0,1,0,0,1,1,1,0,1,0,post_purchase_anxiety,0
0c8f765a-7a63-4af1-ba73-dfbc00a0d2e0,2,9.0,tablet,paid_search,0,0,0,0,1,0,1,0,0,0,0,,1
0c9928cb-0b34-4064-8244-a473d7ef1a67,10,207.0,mobile,social,0,0,0,4,1,0,1,0,0,4,0,unclear_product_info,1
0c9ab83a-119e-450f-834b-6866d77c849f,6,136.0,desktop,direct,1,0,1,0,0,1,1,1,0,1,0,no_friction,0
0ca3e090-c1c9-44f1-965d-74b08cc8c040,2,29.0,tablet,email,0,0,0,0,1,0,1,0,0,0,0,,1
0cb019bd-068d-4a98-8ad8-0cbc25588363,6,118.0,mobile,organic,1,0,1,0,0,1,1,1,0,1,0,no_friction,0
0cbddc49-19f0-450f-bef0-524457a6c93f,2,10.0,mobile,paid_search,0,0,0,0,1,0,1,0,0,0,0,,1
0cd14a3b-fa1c-4bc5-a8dd-ea3ac4292ab9,5,81.0,tablet,organic,1,0,1,0,1,0,1,0,0,1,0,price_shock,1
0cd58fe4-25f7-44aa-a9dc-21666755ff43,10,254.0,mobile,organic,0,0,0,4,1,0,1,0,0,4,0,unclear_product_info,1
0d08fc6f-6d60-4659-b14d-5611d5a82503,2,19.0,mobile,social,0,0,0,0,1,0,1,0,0,0,0,,1
0d0a965f-ec16-46f1-8b3b-234556bc2e70,10,196.0,desktop,organic,0,0,0,4,1,0,1,0,0,4,0,unclear_product_info,1
0d1519e8-7983-46b4-a352-a38bbe5dece5,5,93.0,desktop,organic,1,0,1,0,1,0,1,0,0,1,0,price_shock,1
0d2dd381-6d3b-42fb-aaac-91dfb3ae7504,2,18.0,mobile,organic,0,0,0,0,1,0,1,0,0,0,0,,1
0d3310b2-ce73-4515-8948-e7c3d6e04a71,2,10.0,mobile,social,0,0,0,0,1,0,1,0,0,0,0,,1
0d340af6-179f-42fc-aea5-6f9fdae7d143,2,13.0,mobile,email,0,0,0,0,1,0,1,0,0,0,0,,1
0d3c09f9-2a58-4872-87b7-b029995e3ab5,2,6.0,tablet,social,0,0,0,0,1,0,1,0,0,0,0,,1
0d522487-de24-4571-b1d3-064b4a6c85e1,8,91.0,desktop,email,0,0,0,0,1,0,4,0,0,0,3,poor_recommendations,1
0d5427a9-f76f-4320-9c2e-fa879ca57324,6,119.0,mobile,paid_search,1,0,1,0,0,1,1,1,0,1,0,no_friction,0
0d59668d-e25f-4a98-855a-76720df7bbaa,6,96.0,mobile,organic,1,0,1,0,0,1,1,1,0,1,0,no_friction,0
0d5984f7-7a11-4a86-9cd4-b063d5b06b41,6,106.0,mobile,organic,1,0,1,0,0,1,1,1,0,1,0,no_friction,0
0d645d7b-a2ff-42de-9e57-17c9368d4abb,2,18.0,tablet,social,0,0,0,0,1,0,1,0,0,0,0,,1
0d8266ef-39f8-4b5f-bbac-3b4b874d7ef3,2,22.0,desktop,organic,0,0,0,0,1,0,1,0,0,0,0,,1
0d9be672-9b54-430a-9184-d4c1f3f52a8e,2,30.0,desktop,paid_search,0,0,0,0,1,0,1,0,0,0,0,,1
0dac32c2-99bb-4a46-870b-b8336e07f53e,2,18.0,mobile,social,0,0,0,0,1,0,1,0,0,0,0,,1
0daf26dd-ada1-4c21-a51e-9be10eef05f1,6,98.0,mobile,direct,1,1,1,0,1,0,1,0,0,1,0,delivery_uncertainty,1
0db64731-a072-44d4-858f-3e8dfa8fbae2,2,26.0,mobile,organic,0,0,0,0,1,0,1,0,0,0,0,,1
0dc4f5d4-35a8-4831-a767-0921fdf56dbd,2,11.0,mobile,social,0,0,0,0,1,0,1,0,0,0,0,,1
0ddd35eb-40bf-4e00-8ec2-96aaa26ec5b1,6,118.0,tablet,paid_search,1,0,1,0,0,1,1,1,0,1,0,no_friction,0
0de155ec-11a1-43fb-bdbc-1bec8edb4804,7,141.0,desktop,organic,1,0,1,0,1,0,1,1,1,1,0,payment_failure,1
0de65f30-700e-4293-a8cb-0c1a8aa7ba91,2,6.0,mobile,email,0,0,0,0,1,0,1,0,0,0,0,,1
0dededa1-ba53-4e4e-aa37-6f07faa52228,2,24.0,mobile,paid_search,0,0,0,0,1,0,1,0,0,0,0,,1
0def2745-e7bc-43c6-bc17-161546a1a263,7,136.0,desktop,organic,1,0,1,0,1,0,1,1,1,1,0,payment_failure,1
0df0476a-f86a-452f-912f-30e92c49c262,7,137.0,mobile,organic,1,0,1,0,1,0,1,1,1,1,0,payment_failure,1
0e084032-640d-4924-930d-d87c87802648,2,15.0,tablet,organic,0,0,0,0,1,0,1,0,0,0,0,,1
0e0a1683-3543-4c92-9d9c-586e284681a7,6,104.0,mobile,organic,1,1,1,0,1,0,1,0,0,1,0,delivery_uncertainty,1
0e0f01a2-750e-4301-85b2-ea30fee0d643,2,23.0,desktop,organic,0,0,0,0,1,0,1,0,0,0,0,,1
0e117943-af6b-4ae6-94cc-f402f6ffad42,6,127.0,mobile,organic,1,0,1,0,0,1,1,1,0,1,0,post_purchase_anxiety,0
0e227d6a-adee-42aa-9e69-ab2d5162f3e1,2,10.0,mobile,direct,0,0,0,0,1,0,1,0,0,0,0,,1
0e5858ac-70c1-4291-9815-814a3631ae57,6,114.0,mobile,paid_search,1,0,1,0,0,1,1,1,0,1,0,no_friction,0
0e612ee6-720b-4316-ae95-8b7a94c985e4,6,117.0,mobile,organic,1,0,1,0,0,1,1,1,0,1,0,no_friction,0
0e9262d6-9cc6-44b6-b089-0586a290c171,6,98.0,tablet,email,1,0,1,0,0,1,1,1,0,1,0,no_friction,0
0ea31152-211c-4199-8169-f34aad5c1dfa,2,16.0,tablet,paid_search,0,0,0,0,1,0,1,0,0,0,0,,1
0ea92ac0-c5fa-4c65-9981-8bbddb19f956,6,97.0,mobile,email,1,0,1,0,0,1,1,1,0,1,0,no_friction,0
0ec327d2-41f5-40e8-bb24-b4893e9c0ef1,6,127.0,desktop,social,1,1,1,0,1,0,1,0,0,1,0,delivery_uncertainty,1
0ec4cbb0-7343-4ac9-b534-89cd9f1dc280,8,88.0,mobile,social,0,0,0,0,1,0,4,0,0,0,3,poor_recommendations,1
0ec886ec-b7e6-429a-9dc6-3c4a55f46f29,2,17.0,mobile,paid_search,0,0,0,0,1,0,1,0,0,0,0,,1
0ee8f3f7-243d-466f-b99e-a11674bb2bb9,2,16.0,mobile,organic,0,0,0,0,1,0,1,0,0,0,0,,1
0eeb85ed-3e09-4fad-ba67-1c745fd4a9c6,2,19.0,mobile,paid_search,0,0,0,0,1,0,1,0,0,0,0,,1
0eef5e9b-4ae8-4e90-89c5-c262a4baba1f,2,14.0,desktop,organic,0,0,0,0,1,0,1,0,0,0,0,,1
0ef62246-4466-4bee-904f-89ced2fb0973,8,97.0,desktop,organic,0,0,0,0,1,0,4,0,0,0,3,poor_recommendations,1
0ef878fc-12e6-4eb5-a67e-22d9fc2ef5c1,10,193.0,mobile,paid_search,0,0,0,4,1,0,1,0,0,4,0,unclear_product_info,1
0f00eb9a-acd6-40fc-a45f-df58746842fe,2,12.0,mobile,paid_search,0,0,0,0,1,0,1,0,0,0,0,,1
0f06ae2d-3667-41d6-9c8c-17c124ec9716,6,132.0,tablet,social,1,0,1,0,0,1,1,1,0,1,0,no_friction,0
0f1de35a-3d87-4346-abbe-623edfdc399e,7,155.0,mobile,email,1,0,1,0,1,0,1,1,1,1,0,payment_failure,1
0f1f3ea9-572a-4e34-b0fc-5368587cabc7,2,7.0,mobile,social,0,0,0,0,1,0,1,0,0,0,0,,1
0f2bb0ce-8bb2-447c-a3c7-49d2541d0d62,6,112.0,mobile,paid_search,1,0,1,0,0,1,1,1,0,1,0,no_friction,0
0f434655-11a7-4e9b-8019-4a70b60cb4a8,2,6.0,desktop,organic,0,0,0,0,1,0,1,0,0,0,0,,1
0f5400ef-5eeb-4f0d-803b-12a49684fe6a,2,20.0,mobile,paid_search,0,0,0,0,1,0,1,0,0,0,0,,1
0f60e2f3-2d50-4947-a9da-1d4dbc4c376c,2,6.0,mobile,direct,0,0,0,0,1,0,1,0,0,0,0,,1
0f637f69-aeef-49b1-a69f-8b83b9ebf11b,6,128.0,desktop,organic,1,0,1,0,0,1,1,1,0,1,0,no_friction,0
0f7d1634-451e-4c8c-af52-88a5b89732c3,2,23.0,tablet,organic,0,0,0,0,1,0,1,0,0,0,0,,1
0f7f8511-f23e-4766-8504-f7b0665cd55c,8,105.0,mobile,organic,0,0,0,0,1,0,4,0,0,0,3,poor_recommendations,1
0fb4b30b-f5cf-43db-92df-8fb2a5e06232,6,118.0,mobile,organic,1,0,1,0,0,1,1,1,0,1,0,no_friction,0
0feb3965-bf0c-49e9-ae3a-30662beafce6,2,7.0,desktop,social,0,0,0,0,1,0,1,0,0,0,0,,1
0ff31063-804b-4558-93d5-7c0718dabe1d,6,100.0,mobile,paid_search,1,0,1,0,0,1,1,1,0,1,0,no_friction,0
0fff96f6-4226-444d-8a54-5d03a94ec222,6,111.0,mobile,email,1,0,1,0,0,1,1,1,0,1,0,no_friction,0
100031f0-788f-41f6-802b-b9a927708511,2,23.0,desktop,direct,0,0,0,0,1,0,1,0,0,0,0,,1
1012fe8c-f0ab-4645-a462-d7a55c8ccdbd,2,12.0,desktop,organic,0,0,0,0,1,0,1,0,0,0,0,,1
101cb0f8-f0da-4ed9-8950-bedb5c90ba02,8,99.0,desktop,organic,0,0,0,0,1,0,4,0,0,0,3,poor_recommendations,1
1023777c-38f8-4832-9416-a90dd3788f8a,10,191.0,tablet,organic,0,0,0,4,1,0,1,0,0,4,0,unclear_product_info,1
103aa05f-480e-4420-bdb5-c6e5fe669eeb,6,121.0,mobile,social,1,1,1,0,1,0,1,0,0,1,0,delivery_uncertainty,1
104d0ccd-73a6-4d55-ba75-f870caa65267,6,106.0,desktop,paid_search,1,0,1,0,0,1,1,1,0,1,0,no_friction,0
10600672-1b33-4d43-b111-e327b0821ff7,2,24.0,mobile,email,0,0,0,0,1,0,1,0,0,0,0,,1
10611041-5471-4b01-9f4f-ad4bc0ed748f,2,7.0,mobile,organic,0,0,0,0,1,0,1,0,0,0,0,,1
1064a4e8-231a-4e1d-8d13-869865ec1b28,7,143.0,mobile,organic,1,0,1,0,1,0,1,1,1,1,0,payment_failure,1
107b33a6-5bc4-4a53-bfaf-184b174722ab,2,18.0,mobile,email,0,0,0,0,1,0,1,0,0,0,0,,1
107d8216-5569-4198-96f0-c4f826e3c9ab,2,27.0,desktop,organic,0,0,0,0,1,0,1,0,0,0,0,,1
107dcf57-c6d9-476e-9ba1-23655f55e032,2,26.0,mobile,email,0,0,0,0,1,0,1,0,0,0,0,,1
10922726-5dad-48b9-a426-ab9d0ca2d25e,10,129.0,desktop,organic,0,0,0,4,1,0,1,0,0,4,0,unclear_product_info,1
10a7ea0e-a8f9-49df-a450-f10fe12b25e2,6,88.0,mobile,organic,1,0,1,0,0,1,1,1,0,1,0,no_friction,0
10b444b7-c68c-4c1e-8c3a-e0d750a8a240,2,27.0,mobile,paid_search,0,0,0,0,1,0,1,0,0,0,0,,1
10dcdc03-80db-4708-8e21-0d3ba954bf62,2,16.0,mobile,paid_search,0,0,0,0,1,0,1,0,0,0,0,,1
10f0943f-4828-4009-bde9-a963023eebbc,6,126.0,desktop,direct,1,0,1,0,0,1,1,1,0,1,0,no_friction,0
10fd731e-7cf4-4680-af4c-86792cf45f2f,2,9.0,mobile,organic,0,0,0,0,1,0,1,0,0,0,0,,1
110f6a97-eaaf-444b-b342-763d2a0226e2,2,13.0,mobile,organic,0,0,0,0,1,0,1,0,0,0,0,,1
112ca134-a60a-4549-a553-27418d80170c,2,21.0,desktop,direct,0,0,0,0,1,0,1,0,0,0,0,,1
11337b2a-0250-4218-974e-c909cf5dd1f3,2,10.0,mobile,email,0,0,0,0,1,0,1,0,0,0,0,,1
113e9e64-6cb9-47d4-ad2f-efc22f9f2d2c,2,13.0,desktop,organic,0,0,0,0,1,0,1,0,0,0,0,,1
114c6141-c09e-4d62-a6ca-fc3dd03d8336,5,100.0,mobile,organic,1,0,1,0,1,0,1,0,0,1,0,price_shock,1
1158c811-e771-4ff2-8141-e5e62a0e0f03,2,30.0,mobile,organic,0,0,0,0,1,0,1,0,0,0,0,,1
1176e39f-9bbe-434a-b6ae-b6ae489c16a5,7,160.0,mobile,social,1,0,1,0,1,0,1,1,1,1,0,payment_failure,1
1187345b-b45a-46be-939c-0bb07ac583d6,10,178.0,desktop,organic,0,0,0,4,1,0,1,0,0,4,0,unclear_product_info,1
118c4c36-49a5-4ab7-bf2d-d625fc73c988,5,95.0,tablet,organic,1,0,1,0,1,0,1,0,0,1,0,price_shock,1
1192ca1c-9413-401b-9a8f-12029250d5b3,6,90.0,mobile,social,1,0,1,0,0,1,1,1,0,1,0,post_purchase_anxiety,0
1197561a-911b-40cc-8006-aee1f0a589e9,6,115.0,desktop,social,1,0,1,0,0,1,1,1,0,1,0,no_friction,0
11baea23-e67b-4b80-8582-658c9f09ffee,2,21.0,tablet,paid_search,0,0,0,0,1,0,1,0,0,0,0,,1
11c69397-050a-4cb7-9eeb-664179fc7e26,2,17.0,mobile,social,0,0,0,0,1,0,1,0,0,0,0,,1
11c90b8f-8a91-4bd8-8627-19a896af7dda,10,173.0,tablet,social,0,0,0,4,1,0,1,0,0,4,0,unclear_product_info,1
11decbbd-3ea9-4e44-bc0f-d77b9059b364,2,9.0,tablet,organic,0,0,0,0,1,0,1,0,0,0,0,,1
11eff1f9-bcb7-481b-ac9e-9b00e2dfc86d,2,8.0,mobile,social,0,0,0,0,1,0,1,0,0,0,0,,1
11f6c25b-7187-4225-884e-fb4afb39364a,2,22.0,mobile,direct,0,0,0,0,1,0,1,0,0,0,0,,1
120e079b-2bd9-4c5d-9ae7-0a957ac85472,2,12.0,desktop,organic,0,0,0,0,1,0,1,0,0,0,0,,1
121aa29c-9703-4c1f-84a4-af3c74a80f4a,6,125.0,mobile,paid_search,1,0,1,0,0,1,1,1,0,1,0,no_friction,0
12241952-e08b-495d-80e3-d1f0e4e96dbd,10,243.0,desktop,organic,0,0,0,4,1,0,1,0,0,4,0,unclear_product_info,1
1230b707-3fd6-4257-a551-c3fa660a75fc,6,83.0,desktop,organic,1,0,1,0,0,1,1,1,0,1,0,no_friction,0
123e92c0-acf6-402c-a3f5-6d2f5bad4808,6,113.0,desktop,direct,1,0,1,0,0,1,1,1,0,1,0,post_purchase_anxiety,0
12402d15-55db-42d9-8f87-e9f333ab48a9,2,29.0,desktop,organic,0,0,0,0,1,0,1,0,0,0,0,,1
12601d33-ab09-47d9-b65d-13a15eb18d6c,2,12.0,mobile,email,0,0,0,0,1,0,1,0,0,0,0,,1
1266aa69-c7a0-4ad8-b41e-fd54f452ab98,2,17.0,mobile,organic,0,0,0,0,1,0,1,0,0,0,0,,1
127bf721-fb97-4236-83d7-567f91d17266,6,107.0,mobile,organic,1,0,1,0,0,1,1,1,0,1,0,no_friction,0
128c721d-b92c-449f-b1a8-73a9c2954753,6,126.0,desktop,organic,1,0,1,0,0,1,1,1,0,1,0,no_friction,0
12a3db20-fdd0-4b00-aea2-b8d3be6724e6,7,162.0,mobile,social,1,0,1,0,1,0,1,1,1,1,0,payment_failure,1
12b0c05b-5437-480b-bd8c-dc059d3ace9a,2,5.0,mobile,direct,0,0,0,0,1,0,1,0,0,0,0,,1
12c1c0ae-9ebc-4afb-a2c4-6614b9c2c40f,2,29.0,desktop,organic,0,0,0,0,1,0,1,0,0,0,0,,1
12cf7884-d16a-4ff6-9efe-247dfd5ef181,6,148.0,mobile,social,1,0,1,0,0,1,1,1,0,1,0,no_friction,0
12d2801f-8520-4255-95f1-e52f6312e67a,7,129.0,mobile,paid_search,1,0,1,0,1,0,1,1,1,1,0,payment_failure,1
12e4df8a-a240-4d2b-bdb9-efd081bae6b0,5,75.0,mobile,direct,1,0,1,0,1,0,1,0,0,1,0,price_shock,1
12f3aecc-a6f8-4c27-9054-0a90fc1a9335,6,126.0,mobile,social,1,1,1,0,1,0,1,0,0,1,0,delivery_uncertainty,1
12f96c26-680e-4b25-acda-a5d6001cd217,2,26.0,desktop,email,0,0,0,0,1,0,1,0,0,0,0,,1
12fca5ab-7bbc-4a64-9a17-c4fd4c99aa6b,2,11.0,desktop,organic,0,0,0,0,1,0,1,0,0,0,0,,1
12fd8ecf-2336-4821-98a2-19e55f3c6054,2,14.0,mobile,social,0,0,0,0,1,0,1,0,0,0,0,,1
1303aa36-a682-4cb1-b529-406119daa81c,2,10.0,mobile,organic,0,0,0,0,1,0,1,0,0,0,0,,1
13165ed2-252d-4c79-bdef-fa31d9bd41f0,2,20.0,mobile,direct,0,0,0,0,1,0,1,0,0,0,0,,1
13171ced-3bc8-4f6f-9403-c033a2867c75,6,117.0,desktop,organic,1,0,1,0,0,1,1,1,0,1,0,no_friction,0
13180584-0aee-43b4-b180-cb82cb052427,6,121.0,mobile,organic,1,1,1,0,1,0,1,0,0,1,0,delivery_uncertainty,1
1321a159-d149-486e-920e-34dd50b31819,6,115.0,desktop,paid_search,1,0,1,0,0,1,1,1,0,1,0,no_friction,0
13420c72-b8ef-4e65-8758-eb3df2402f61,6,87.0,desktop,organic,1,0,1,0,0,1,1,1,0,1,0,no_friction,0
134eeb93-b2fc-431f-810f-65d01f58b794,6,119.0,desktop,email,1,0,1,0,0,1,1,1,0,1,0,post_purchase_anxiety,0
135859e4-3840-41c8-ab28-03a44478b4cf,7,120.0,desktop,social,1,0,1,0,1,0,1,1,1,1,0,payment_failure,1
135f1687-e490-40b1-9fdb-4929a0bc0085,6,107.0,mobile,paid_search,1,0,1,0,0,1,1,1,0,1,0,no_friction,0
1368466c-bb9a-4881-89cb-3f8735edb390,2,13.0,desktop,organic,0,0,0,0,1,0,1,0,0,0,0,,1
1382bc43-5534-4d79-b309-a909e02f01a5,6,131.0,mobile,social,1,0,1,0,0,1,1,1,0,1,0,post_purchase_anxiety,0
1386b472-17d6-42c2-a3ff-aa40c75a9b6f,2,29.0,desktop,social,0,0,0,0,1,0,1,0,0,0,0,,1
138ebe7a-bf71-4ce3-af65-94e8a2aae031,2,12.0,desktop,paid_search,0,0,0,0,1,0,1,0,0,0,0,,1
139b8a45-2102-424f-b0fd-f077c27a7e0e,2,5.0,mobile,organic,0,0,0,0,1,0,1,0,0,0,0,,1
13a16290-2e10-4acf-89bd-f7c68b129f86,8,89.0,mobile,organic,0,0,0,0,1,0,4,0,0,0,3,poor_recommendations,1
13aadd27-3eb9-4a95-a57e-f0cac88aaeb9,2,8.0,mobile,email,0,0,0,0,1,0,1,0,0,0,0,,1
13ad6d36-35ab-4851-9d61-0383c7ee7f65,2,9.0,mobile,paid_search,0,0,0,0,1,0,1,0,0,0,0,,1
13c16da8-2994-48c3-b1be-b2938f746487,2,19.0,desktop,direct,0,0,0,0,1,0,1,0,0,0,0,,1
13cdfc88-69a6-47bd-adc8-8cc025040c4a,6,109.0,mobile,organic,1,0,1,0,0,1,1,1,0,1,0,post_purchase_anxiety,0
13d1c283-9a79-4ba2-b51d-e9792691068a,2,11.0,mobile,organic,0,0,0,0,1,0,1,0,0,0,0,,1
13d6db37-b355-4a7c-a1b7-e6f1837f76df,7,140.0,mobile,social,1,0,1,0,1,0,1,1,1,1,0,payment_failure,1
13fcff6e-992a-4efd-8dfd-276a5b311ee3,2,20.0,mobile,paid_search,0,0,0,0,1,0,1,0,0,0,0,,1
141eeacf-e981-4583-89cf-ca2a1498202f,2,30.0,mobile,organic,0,0,0,0,1,0,1,0,0,0,0,,1
1422af7a-605d-424c-b67c-179ea741cc9c,2,22.0,mobile,direct,0,0,0,0,1,0,1,0,0,0,0,,1
1438922f-ffab-45d4-b880-9965286ece3b,6,83.0,desktop,social,1,0,1,0,0,1,1,1,0,1,0,no_friction,0
143a62e8-f6fe-4574-b809-5d7059fd8b8f,2,17.0,desktop,social,0,0,0,0,1,0,1,0,0,0,0,,1
1445f90f-43be-4416-93f6-fd30d6c5bd1d,6,95.0,mobile,organic,1,1,1,0,1,0,1,0,0,1,0,delivery_uncertainty,1
1451ffe2-6b02-433f-a417-4cdfdadb7cab,6,106.0,tablet,direct,1,0,1,0,0,1,1,1,0,1,0,no_friction,0
14543f93-3f4b-416a-b54c-ea4d19f44c17,7,139.0,desktop,organic,1,0,1,0,1,0,1,1,1,1,0,payment_failure,1
145e2c13-6b92-4eb2-ad56-19dea372123b,2,11.0,desktop,organic,0,0,0,0,1,0,1,0,0,0,0,,1
145e51b3-1976-4d4a-9c85-db9fce7d2265,6,86.0,desktop,organic,1,0,1,0,0,1,1,1,0,1,0,no_friction,0
14681dab-aabc-4081-8b0e-0f8b073f47fc,5,106.0,mobile,social,1,0,1,0,1,0,1,0,0,1,0,price_shock,1
146aecaf-8510-4ff5-bdf5-42ac079b6f55,6,107.0,desktop,paid_search,1,0,1,0,0,1,1,1,0,1,0,post_purchase_anxiety,0
1470281e-b399-4a2e-8bd0-ed36095f2f63,2,30.0,desktop,paid_search,0,0,0,0,1,0,1,0,0,0,0,,1
147919af-a66a-4955-95de-caac110a1b91,2,26.0,mobile,organic,0,0,0,0,1,0,1,0,0,0,0,,1
147c42c5-f4eb-4bd5-b0dc-3908bcfde9f5,6,136.0,mobile,direct,1,0,1,0,0,1,1,1,0,1,0,no_friction,0
147cf058-565d-4e43-ac34-189441505254,5,106.0,desktop,paid_search,1,0,1,0,1,0,1,0,0,1,0,price_shock,1
1488c7a2-8cd6-43ac-8e0b-544a56b6bf48,2,27.0,mobile,social,0,0,0,0,1,0,1,0,0,0,0,,1
14a88dac-ac1c-4b76-b06e-325c907c3478,2,20.0,mobile,social,0,0,0,0,1,0,1,0,0,0,0,,1
14acc2d4-32cc-4c72-a382-fefcad4398d7,2,15.0,mobile,paid_search,0,0,0,0,1,0,1,0,0,0,0,,1
14bebb54-ebe7-4010-ab42-9f4d39320514,2,13.0,mobile,organic,0,0,0,0,1,0,1,0,0,0,0,,1
14d5391c-091f-4fee-9bf1-eda02c672bdf,2,10.0,tablet,paid_search,0,0,0,0,1,0,1,0,0,0,0,,1
14d7caef-f74b-42e7-bdf0-0b969c2f20ca,6,124.0,mobile,organic,1,0,1,0,0,1,1,1,0,1,0,no_friction,0
14da070b-ee11-4445-a393-0d469aab8f60,2,20.0,desktop,social,0,0,0,0,1,0,1,0,0,0,0,,1
14fdb5b1-fe42-4bdb-a77b-156ad8228457,6,134.0,mobile,paid_search,1,1,1,0,1,0,1,0,0,1,0,delivery_uncertainty,1
151727dc-f0c5-4b0f-a05d-547571fd4bf4,2,14.0,mobile,direct,0,0,0,0,1,0,1,0,0,0,0,,1
152a9180-eaaa-441f-8014-9c8fea855eb9,6,107.0,desktop,organic,1,0,1,0,0,1,1,1,0,1,0,no_friction,0
1531db90-2835-40eb-ab31-02d67e14a756,10,224.0,tablet,email,0,0,0,4,1,0,1,0,0,4,0,unclear_product_info,1
1534fbdc-d5ce-4cd9-a1b9-1e22e7ce2652,2,19.0,mobile,organic,0,0,0,0,1,0,1,0,0,0,0,,1
15373bae-eeda-4ae1-94b4-5da9177a9340,2,22.0,desktop,social,0,0,0,0,1,0,1,0,0,0,0,,1
154eb61d-58db-4055-9f6b-b67cc25dd60e,2,20.0,desktop,organic,0,0,0,0,1,0,1,0,0,0,0,,1
156852ed-8cf0-4fef-9cfa-3967a747f188,2,23.0,mobile,email,0,0,0,0,1,0,1,0,0,0,0,,1
156c9bd3-015b-46b6-9b04-ffa61f5f53be,6,109.0,mobile,paid_search,1,1,1,0,1,0,1,0,0,1,0,delivery_uncertainty,1
15752fb3-963d-43e9-af5c-46d15ee817ce,2,21.0,desktop,paid_search,0,0,0,0,1,0,1,0,0,0,0,,1
15848f19-08fa-4d21-b986-da4382cccdb8,2,30.0,desktop,paid_search,0,0,0,0,1,0,1,0,0,0,0,,1
158ad7e0-002b-442b-af0a-6789db009b82,6,106.0,mobile,paid_search,1,1,1,0,1,0,1,0,0,1,0,delivery_uncertainty,1
159775c6-d6e3-463a-9bfd-a793c8b5b0a7,2,20.0,mobile,email,0,0,0,0,1,0,1,0,0,0,0,,1
15c084c6-1f4b-4ddb-87a0-3b96abad0a67,2,30.0,mobile,social,0,0,0,0,1,0,1,0,0,0,0,,1
15c55555-14de-4a69-8df0-db50c082ffac,2,18.0,desktop,organic,0,0,0,0,1,0,1,0,0,0,0,,1
15daf850-3811-4936-a8d8-1fbbca6b32c3,6,129.0,desktop,paid_search,1,0,1,0,0,1,1,1,0,1,0,no_friction,0
15dff211-454b-4790-89af-bdb88ab5593b,6,102.0,mobile,paid_search,1,0,1,0,0,1,1,1,0,1,0,no_friction,0
15e76956-0a94-4703-b3b8-05abadd018be,2,5.0,tablet,organic,0,0,0,0,1,0,1,0,0,0,0,,1
160c4dda-ae17-44bb-9178-538fe6ade5a4,2,29.0,mobile,social,0,0,0,0,1,0,1,0,0,0,0,,1
161c871b-cbbb-44d3-8be1-a7736b563297,2,7.0,mobile,direct,0,0,0,0,1,0,1,0,0,0,0,,1
161fa365-c0c5-42f5-b7dd-489ca4334c3c,2,5.0,mobile,organic,0,0,0,0,1,0,1,0,0,0,0,,1
1620232d-2c8e-4eb4-9339-1e818c4a2be4,6,109.0,mobile,paid_search,1,0,1,0,0,1,1,1,0,1,0,no_friction,0
1623c960-1709-46ee-ac00-3c5d8f1d6787,10,181.0,mobile,organic,0,0,0,4,1,0,1,0,0,4,0,unclear_product_info,1
163373a8-6d65-4ce1-85dc-9e1155cf48b3,2,21.0,mobile,organic,0,0,0,0,1,0,1,0,0,0,0,,1
163fb18e-afe4-4b1b-be71-65fc2be1f8be,2,15.0,desktop,social,0,0,0,0,1,0,1,0,0,0,0,,1
1642d277-29c3-402a-8139-5046982445b3,7,131.0,mobile,paid_search,1,0,1,0,1,0,1,1,1,1,0,payment_failure,1
16452eb8-84e1-4e84-b1e7-13fd34499446,6,80.0,mobile,direct,1,0,1,0,0,1,1,1,0,1,0,no_friction,0
1649cc30-cfc8-443e-83e4-5baef1a31934,2,27.0,mobile,social,0,0,0,0,1,0,1,0,0,0,0,,1
164ab5b7-2e74-48a1-b4b3-bba76afa103a,6,75.0,desktop,organic,1,0,1,0,0,1,1,1,0,1,0,no_friction,0
164f91b9-da76-49ff-9cfa-14807d3d6163,2,27.0,desktop,direct,0,0,0,0,1,0,1,0,0,0,0,,1
165b5878-7df5-4554-9019-7a1c4733f079,6,134.0,mobile,social,1,0,1,0,0,1,1,1,0,1,0,post_purchase_anxiety,0
166ad443-0de0-40c8-9855-2075d07be79c,2,8.0,mobile,organic,0,0,0,0,1,0,1,0,0,0,0,,1
1687a859-e4c0-41bd-999b-c1ae16055678,2,13.0,desktop,organic,0,0,0,0,1,0,1,0,0,0,0,,1
16b88936-ce26-45d3-9d56-f8584ac6eb91,6,126.0,mobile,paid_search,1,0,1,0,0,1,1,1,0,1,0,no_friction,0
16be6ec8-2be3-4921-a08c-8926be82235d,6,76.0,desktop,social,1,0,1,0,0,1,1,1,0,1,0,post_purchase_anxiety,0
16d60b78-0084-4d90-84ea-3b66a3193353,2,17.0,mobile,paid_search,0,0,0,0,1,0,1,0,0,0,0,,1
16f4cfa8-d91f-4a75-a26b-627ac022148f,2,24.0,tablet,social,0,0,0,0,1,0,1,0,0,0,0,,1
16fc8ad9-6944-4f6a-8625-90a0e2ae2b63,2,7.0,mobile,email,0,0,0,0,1,0,1,0,0,0,0,,1
17190da8-804f-4326-b2ab-53630b0a5503,10,200.0,mobile,organic,0,0,0,4,1,0,1,0,0,4,0,unclear_product_info,1
1744f968-253e-4cd6-b7b4-bc5c16b285f2,2,28.0,desktop,organic,0,0,0,0,1,0,1,0,0,0,0,,1
1748db92-5e19-4e80-b52c-dda59ca4cb34,6,130.0,mobile,paid_search,1,0,1,0,0,1,1,1,0,1,0,no_friction,0
174bc62d-aef7-4fec-b22b-dda3af299cc1,2,15.0,desktop,organic,0,0,0,0,1,0,1,0,0,0,0,,1
1753bf3b-b399-4897-b46f-36ac8de3cac7,2,25.0,desktop,social,0,0,0,0,1,0,1,0,0,0,0,,1
175cc826-3812-4f70-8add-1133516fe31e,2,17.0,mobile,organic,0,0,0,0,1,0,1,0,0,0,0,,1
17668024-258f-4e91-8c68-fb4a4c68fb15,2,20.0,desktop,organic,0,0,0,0,1,0,1,0,0,0,0,,1
1766ebec-508f-423e-8c79-dc4f58933390,2,24.0,mobile,organic,0,0,0,0,1,0,1,0,0,0,0,,1
1768b0a6-661c-4e43-8bb9-c68b1fb1fe0f,2,15.0,mobile,paid_search,0,0,0,0,1,0,1,0,0,0,0,,1
176ede0f-d2d7-4855-b157-f752d678ac60,6,98.0,mobile,organic,1,0,1,0,0,1,1,1,0,1,0,no_friction,0
1777f8c0-d473-4d16-a041-05d60c88b2d1,6,96.0,desktop,organic,1,0,1,0,0,1,1,1,0,1,0,no_friction,0
177e1875-0f55-4c07-9691-c0687cd56dfb,2,6.0,tablet,email,0,0,0,0,1,0,1,0,0,0,0,,1
1780d5c2-7491-46d0-97f1-371b3150b68f,2,15.0,desktop,organic,0,0,0,0,1,0,1,0,0,0,0,,1
178ab765-d3a8-4bb6-bd35-4484c898ae85,7,142.0,mobile,organic,1,0,1,0,1,0,1,1,1,1,0,payment_failure,1
178bdbf0-82ab-415f-b0b9-d7453c9e9024,2,23.0,desktop,social,0,0,0,0,1,0,1,0,0,0,0,,1
17980491-ff1e-4f18-84bf-13fe61ebc37a,6,115.0,mobile,social,1,1,1,0,1,0,1,0,0,1,0,delivery_uncertainty,1
17b660b3-d4e9-405b-8acc-f79a6cece877,7,133.0,desktop,social,1,0,1,0,1,0,1,1,1,1,0,payment_failure,1
17b7816f-fc02-4158-bd6d-f271d820b620,2,30.0,desktop,email,0,0,0,0,1,0,1,0,0,0,0,,1
17d0e377-62bb-4a6e-87c9-edc6caad3470,7,110.0,mobile,organic,1,0,1,0,1,0,1,1,1,1,0,payment_failure,1
17f16193-c26d-4ac2-a6bc-fb848c9d3665,2,25.0,mobile,direct,0,0,0,0,1,0,1,0,0,0,0,,1
17fae202-1b17-47ef-8b1b-6202c8a8eaa2,5,101.0,desktop,organic,1,0,1,0,1,0,1,0,0,1,0,price_shock,1
17ff7034-b021-4dcd-b32a-aa32fd89b4ab,2,8.0,desktop,email,0,0,0,0,1,0,1,0,0,0,0,,1
1803dadc-289a-4c56-a3fd-1a0ef824b2b7,6,82.0,mobile,organic,1,1,1,0,1,0,1,0,0,1,0,delivery_uncertainty,1
181480e8-d69a-4609-9b57-2e4a525e39db,6,106.0,mobile,organic,1,0,1,0,0,1,1,1,0,1,0,post_purchase_anxiety,0
18263cba-f93f-4f1b-9233-c7a47e980dc6,2,10.0,mobile,paid_search,0,0,0,0,1,0,1,0,0,0,0,,1
1833095b-95e5-415a-b7c8-c3acd0c77879,6,101.0,mobile,direct,1,1,1,0,1,0,1,0,0,1,0,delivery_uncertainty,1
18348b1e-37dd-426a-b2e3-bcf04624de6a,2,10.0,desktop,organic,0,0,0,0,1,0,1,0,0,0,0,,1
1834a1d8-caa7-44a1-bb31-d0e7db994d1a,6,89.0,mobile,social,1,1,1,0,1,0,1,0,0,1,0,delivery_uncertainty,1
1864232f-9768-4654-9f5a-d1d087f2aa14,2,27.0,desktop,organic,0,0,0,0,1,0,1,0,0,0,0,,1
18730ca4-77fc-4b6d-b673-c23e6e4421b5,7,88.0,mobile,paid_search,1,0,1,0,1,0,1,1,1,1,0,payment_failure,1
18880b88-faf7-4691-97fa-b70af79e32ed,2,19.0,desktop,paid_search,0,0,0,0,1,0,1,0,0,0,0,,1
189e29ec-3d94-4777-90a1-dacfd3cb3d42,2,11.0,mobile,organic,0,0,0,0,1,0,1,0,0,0,0,,1
189f773c-ebb7-4c89-9095-2324cc56b64c,6,107.0,mobile,direct,1,1,1,0,1,0,1,0,0,1,0,delivery_uncertainty,1
18a44c12-1209-4a8c-b6d4-ddbef97376a1,2,6.0,tablet,paid_search,0,0,0,0,1,0,1,0,0,0,0,,1
18a7f621-b988-42dc-916a-de66c7508d1b,2,25.0,desktop,direct,0,0,0,0,1,0,1,0,0,0,0,,1
18b07516-d77e-483a-b5c9-0e26548d8417,2,8.0,mobile,organic,0,0,0,0,1,0,1,0,0,0,0,,1
18b1dfd9-ebd8-48c2-ac64-9eeb037a2026,2,18.0,desktop,paid_search,0,0,0,0,1,0,1,0,0,0,0,,1
18baf08b-41dd-402e-9b79-b13d80294db7,2,13.0,mobile,social,0,0,0,0,1,0,1,0,0,0,0,,1
18ce86e1-f63b-408c-99ef-d9394c2f548e,6,115.0,tablet,social,1,0,1,0,0,1,1,1,0,1,0,no_friction,0
18f6f26c-df3e-4a92-977d-058b06a282b3,6,97.0,mobile,paid_search,1,0,1,0,0,1,1,1,0,1,0,no_friction,0
191e5adc-8871-4cdf-9f3c-1c04efc7bbc3,2,24.0,mobile,organic,0,0,0,0,1,0,1,0,0,0,0,,1
191fddf7-90cf-4f6f-85fc-618ab3f91ba6,2,29.0,mobile,organic,0,0,0,0,1,0,1,0,0,0,0,,1
19287cbd-b227-4a32-92f0-3cb522dec71e,7,126.0,desktop,social,1,0,1,0,1,0,1,1,1,1,0,payment_failure,1
19430bd7-aa33-4c1b-9381-28e3379a8070,2,13.0,tablet,paid_search,0,0,0,0,1,0,1,0,0,0,0,,1
197459b1-3fc1-4df9-a64a-cfe8fa879762,2,18.0,desktop,social,0,0,0,0,1,0,1,0,0,0,0,,1
197a26a3-fdaa-42ea-b108-9e7ea8742bdf,2,25.0,desktop,social,0,0,0,0,1,0,1,0,0,0,0,,1
1987db0e-c36e-40b4-bcf9-5cbb2cb25f27,6,126.0,desktop,email,1,1,1,0,1,0,1,0,0,1,0,delivery_uncertainty,1
198814c7-d6d6-495d-a65c-e4bff2e8f640,2,12.0,mobile,paid_search,0,0,0,0,1,0,1,0,0,0,0,,1
19a7a2ad-f090-421f-966f-363b2eee967b,2,19.0,mobile,email,0,0,0,0,1,0,1,0,0,0,0,,1
19afbe03-2906-4c1d-81a7-17345d54a644,8,111.0,desktop,paid_search,0,0,0,0,1,0,4,0,0,0,3,poor_recommendations,1
19b122f7-6e96-484d-a5ce-d902728779d5,2,29.0,mobile,organic,0,0,0,0,1,0,1,0,0,0,0,,1
19b8ab8b-0d20-4c01-b51a-1d9f92208d2b,5,60.0,mobile,organic,1,0,1,0,1,0,1,0,0,1,0,price_shock,1
19bfa851-3a84-442e-8b66-89144dd3aeab,2,26.0,desktop,direct,0,0,0,0,1,0,1,0,0,0,0,,1
19d340fc-b782-4c3f-b28d-122068d2c2f3,2,12.0,mobile,organic,0,0,0,0,1,0,1,0,0,0,0,,1
19ec8a34-6e51-4e1f-b6ae-adedf40df3d3,8,113.0,desktop,organic,0,0,0,0,1,0,4,0,0,0,3,poor_recommendations,1
19f38056-85fd-45c2-91b6-0ce51395ae37,2,12.0,mobile,paid_search,0,0,0,0,1,0,1,0,0,0,0,,1
1a1fadca-e953-40e0-9f7c-dcabc5386cb9,10,225.0,mobile,organic,0,0,0,4,1,0,1,0,0,4,0,unclear_product_info,1
1a235f3c-b11a-4edf-b136-78a6b962346a,5,121.0,mobile,organic,1,0,1,0,1,0,1,0,0,1,0,price_shock,1
1a2381b4-0a14-4b9a-8d9d-9d8da25e7007,2,23.0,mobile,paid_search,0,0,0,0,1,0,1,0,0,0,0,,1
1a289548-8496-4649-89a5-9c5a1a70b372,6,131.0,desktop,email,1,0,1,0,0,1,1,1,0,1,0,no_friction,0
1a55539e-5f64-4440-a380-322eeda4fcf5,2,24.0,mobile,email,0,0,0,0,1,0,1,0,0,0,0,,1
1a6a0bfb-43b3-41e7-b332-98dd311425f2,2,29.0,desktop,direct,0,0,0,0,1,0,1,0,0,0,0,,1
1a76ed6f-fd1d-4991-91ec-588a1099061f,6,137.0,desktop,direct,1,0,1,0,0,1,1,1,0,1,0,no_friction,0
1a808a0f-2268-4624-8938-13b3a0144ce8,2,22.0,mobile,email,0,0,0,0,1,0,1,0,0,0,0,,1
1a85396d-e4e7-48e0-b1aa-49c73397cab3,2,16.0,tablet,social,0,0,0,0,1,0,1,0,0,0,0,,1
1a88cd9e-a889-4963-8f03-14ec3146a070,10,187.0,mobile,paid_search,0,0,0,4,1,0,1,0,0,4,0,unclear_product_info,1
1a8dc427-d325-46a1-aa84-bdfd8e8af21a,2,18.0,mobile,organic,0,0,0,0,1,0,1,0,0,0,0,,1
1aa9d48f-cf9e-4566-b9bf-f01ef490d6ee,6,135.0,mobile,social,1,0,1,0,0,1,1,1,0,1,0,no_friction,0
1aaa3a94-8883-4807-ba6b-6e77145ad115,6,113.0,mobile,social,1,0,1,0,0,1,1,1,0,1,0,no_friction,0
1aba204d-cd2d-4388-9812-d95f82706be6,6,85.0,desktop,paid_search,1,0,1,0,0,1,1,1,0,1,0,no_friction,0
1ac2836b-ad4c-47e0-bd8e-8e4ad97e1f38,6,110.0,mobile,organic,1,1,1,0,1,0,1,0,0,1,0,delivery_uncertainty,1
1aca2a4d-219e-4f2a-afad-e4b526e705d6,6,135.0,mobile,social,1,1,1,0,1,0,1,0,0,1,0,delivery_uncertainty,1
1ad283f4-9958-4a88-917d-d53b865a5d7a,2,25.0,mobile,paid_search,0,0,0,0,1,0,1,0,0,0,0,,1
1aeae335-59fa-4652-9ae4-cf2301d13189,6,123.0,desktop,social,1,0,1,0,0,1,1,1,0,1,0,no_friction,0
1aef2fc1-7a19-4a5a-97f4-a3e6b486d532,2,29.0,desktop,paid_search,0,0,0,0,1,0,1,0,0,0,0,,1
1afb466d-680c-4ef2-8369-308c6e53ded1,6,118.0,desktop,paid_search,1,0,1,0,0,1,1,1,0,1,0,no_friction,0
1afd6a9f-bff8-4f67-8130-e2d1337f96f8,2,20.0,mobile,social,0,0,0,0,1,0,1,0,0,0,0,,1
1b0d3ca9-a694-4806-a583-61f61abd5389,8,110.0,mobile,social,0,0,0,0,1,0,4,0,0,0,3,poor_recommendations,1
1b21b413-1871-4f4c-b6c4-8710e0fa5441,6,151.0,mobile,paid_search,1,1,1,0,1,0,1,0,0,1,0,delivery_uncertainty,1
1b2d42f2-5cdd-4dec-a4c0-604c777d7aa0,6,79.0,mobile,direct,1,0,1,0,0,1,1,1,0,1,0,no_friction,0
1b2e33aa-c340-49f6-9bcc-e5b3a4c9c7a6,2,13.0,desktop,paid_search,0,0,0,0,1,0,1,0,0,0,0,,1
1b2fe85d-2610-467b-a366-6115842ca84b,6,137.0,mobile,social,1,0,1,0,0,1,1,1,0,1,0,no_friction,0
1b45a571-64a4-4222-b17d-3b7651503e3c,10,225.0,mobile,paid_search,0,0,0,4,1,0,1,0,0,4,0,unclear_product_info,1
1b4bedc1-473c-4c0d-bdda-43d5f367ec24,5,82.0,desktop,organic,1,0,1,0,1,0,1,0,0,1,0,price_shock,1
1b74d47e-06cf-4fdd-a7b8-0a76844cf353,2,26.0,mobile,social,0,0,0,0,1,0,1,0,0,0,0,,1
1b82c791-18f0-4f66-b191-813e0ccdf34f,2,13.0,desktop,direct,0,0,0,0,1,0,1,0,0,0,0,,1
1b8c7475-d745-4452-98ac-8122271609de,2,29.0,desktop,organic,0,0,0,0,1,0,1,0,0,0,0,,1
1b90e211-7a21-401a-9755-033c19022f40,6,120.0,tablet,organic,1,0,1,0,0,1,1,1,0,1,0,no_friction,0
1b916e64-b8c9-4a21-8681-10193c56dffa,2,16.0,mobile,organic,0,0,0,0,1,0,1,0,0,0,0,,1
1b96a936-78df-47e8-a68f-0b45a6b0c7e5,6,93.0,mobile,organic,1,0,1,0,0,1,1,1,0,1,0,no_friction,0
1ba8d3dd-3bb3-470f-b7db-2fb3d5ffdc53,2,29.0,mobile,email,0,0,0,0,1,0,1,0,0,0,0,,1
1bb56174-1c68-4951-a608-627f8b4ec504,2,28.0,desktop,organic,0,0,0,0,1,0,1,0,0,0,0,,1
1bc18aa2-8e91-4f35-a956-63c1ef301fb7,6,78.0,desktop,social,1,0,1,0,0,1,1,1,0,1,0,no_friction,0
1bc64edc-4501-44a5-bb0a-cae7f1e6828b,8,93.0,desktop,organic,0,0,0,0,1,0,4,0,0,0,3,poor_recommendations,1
1bd06812-2c9d-4713-9259-ed8a94d5b684,6,99.0,mobile,direct,1,0,1,0,0,1,1,1,0,1,0,no_friction,0
1bd4ea29-2186-4f75-a9ab-2bfa30306ba9,6,122.0,mobile,paid_search,1,1,1,0,1,0,1,0,0,1,0,delivery_uncertainty,1
1bd72685-0492-445a-b0a5-5a717cda01db,2,19.0,mobile,social,0,0,0,0,1,0,1,0,0,0,0,,1
1bdaf746-1936-4f8e-a041-b1a3f92e3150,2,12.0,mobile,organic,0,0,0,0,1,0,1,0,0,0,0,,1
1bf29b31-c624-482b-98e8-46b3d60289d6,2,27.0,mobile,organic,0,0,0,0,1,0,1,0,0,0,0,,1
1bf3f355-00cb-452e-abd3-c49cad16addf,2,26.0,desktop,direct,0,0,0,0,1,0,1,0,0,0,0,,1
1bfb61be-08cb-4cb5-9064-3dacec3d687e,2,18.0,desktop,direct,0,0,0,0,1,0,1,0,0,0,0,,1
1c139729-4c2e-4534-84ef-7890899a6504,6,103.0,desktop,paid_search,1,0,1,0,0,1,1,1,0,1,0,no_friction,0
1c29063b-ea87-4ada-a78c-ecda1295cfb4,2,26.0,mobile,paid_search,0,0,0,0,1,0,1,0,0,0,0,,1
1c45848c-6425-4f68-a39f-a21dfea450fc,6,141.0,desktop,direct,1,0,1,0,0,1,1,1,0,1,0,post_purchase_anxiety,0
1c5069b3-efae-4b79-8daa-fb7344e1ef8c,2,23.0,mobile,paid_search,0,0,0,0,1,0,1,0,0,0,0,,1
1c512a29-596b-481e-b678-938334a330cc,6,140.0,mobile,direct,1,1,1,0,1,0,1,0,0,1,0,delivery_uncertainty,1
1c55c6b6-a924-46b6-9a5c-f271779df5e3,2,16.0,mobile,paid_search,0,0,0,0,1,0,1,0,0,0,0,,1
1c5b3921-5cbf-44c9-8828-4e1fe255f4a0,2,13.0,mobile,organic,0,0,0,0,1,0,1,0,0,0,0,,1
1c6d861f-782b-40e2-8950-c693ed295451,10,208.0,desktop,organic,0,0,0,4,1,0,1,0,0,4,0,unclear_product_info,1
1c787add-556e-4b0e-a60e-af3cd786ba6e,6,96.0,mobile,email,1,0,1,0,0,1,1,1,0,1,0,no_friction,0
1c82aa81-361d-46f7-bdb6-ac8ffcc2ea6d,7,127.0,mobile,organic,1,0,1,0,1,0,1,1,1,1,0,payment_failure,1
1c8a3039-00cc-488b-95b4-dce91f5c1063,6,112.0,mobile,paid_search,1,0,1,0,0,1,1,1,0,1,0,no_friction,0
1c9247a2-84e1-40c7-8763-e4d15b9a6243,8,104.0,mobile,direct,0,0,0,0,1,0,4,0,0,0,3,poor_recommendations,1
1c93fcc9-fbcd-45c2-bda0-34064e43314e,6,141.0,desktop,organic,1,0,1,0,0,1,1,1,0,1,0,no_friction,0
1c9b4c62-444c-43f5-a072-a66d50ad04ab,6,100.0,mobile,social,1,1,1,0,1,0,1,0,0,1,0,delivery_uncertainty,1
1cae537b-0cfd-466b-8fa0-6435ef466daf,2,29.0,mobile,organic,0,0,0,0,1,0,1,0,0,0,0,,1
1cbe297d-6458-4148-8170-02d3b54ed374,6,104.0,mobile,social,1,1,1,0,1,0,1,0,0,1,0,delivery_uncertainty,1
1cc7ff49-c32b-45fc-aa16-6a72d5a502b9,2,17.0,desktop,organic,0,0,0,0,1,0,1,0,0,0,0,,1
1ce2f2ad-d124-4b52-bbb3-5b3ea3c7015a,2,21.0,desktop,organic,0,0,0,0,1,0,1,0,0,0,0,,1
1ce847df-fd24-4e93-9215-4b2f7ee3fbe9,2,16.0,mobile,organic,0,0,0,0,1,0,1,0,0,0,0,,1
1cec7168-d23d-4f62-9148-6ce999083b6b,7,106.0,mobile,organic,1,0,1,0,1,0,1,1,1,1,0,payment_failure,1
1cfb3161-3eaf-4270-9766-24f482c5d3c4,2,17.0,mobile,organic,0,0,0,0,1,0,1,0,0,0,0,,1
1d065f81-b03b-49c2-8c78-485ca004a27a,6,112.0,desktop,organic,1,0,1,0,0,1,1,1,0,1,0,no_friction,0
1d0e913e-b715-4da2-a2b8-eb73738db7d9,2,21.0,mobile,social,0,0,0,0,1,0,1,0,0,0,0,,1
1d160f95-b8d6-4163-ae4b-9796493a024e,6,135.0,desktop,direct,1,1,1,0,1,0,1,0,0,1,0,delivery_uncertainty,1
1d2ccd9e-cfbc-4de6-ab0d-9870a207572d,2,26.0,mobile,organic,0,0,0,0,1,0,1,0,0,0,0,,1
1d391c08-6176-4331-8809-5988d103aa1c,6,81.0,mobile,paid_search,1,0,1,0,0,1,1,1,0,1,0,post_purchase_anxiety,0
1d3f7406-0f3c-46ff-877c-3be0e12c3dc7,10,201.0,mobile,paid_search,0,0,0,4,1,0,1,0,0,4,0,unclear_product_info,1
1d851f74-f1d4-4f28-b826-1a51b1849392,2,14.0,mobile,organic,0,0,0,0,1,0,1,0,0,0,0,,1
1d9de2ec-ce80-4947-9f0e-cf2a32da462f,7,122.0,mobile,email,1,0,1,0,1,0,1,1,1,1,0,payment_failure,1
1d9ef600-eaab-400a-92ca-5d7a733b3dc3,7,116.0,mobile,organic,1,0,1,0,1,0,1,1,1,1,0,payment_failure,1
1da27e0a-975b-489e-87f2-5332b252a5c1,2,15.0,desktop,email,0,0,0,0,1,0,1,0,0,0,0,,1
1dd01d6d-738b-457c-98bf-c4ca575e7996,6,128.0,tablet,social,1,0,1,0,0,1,1,1,0,1,0,no_friction,0
1dd90acb-cb02-46c0-8230-6ec6109ffade,6,90.0,mobile,paid_search,1,1,1,0,1,0,1,0,0,1,0,delivery_uncertainty,1
1de09f9b-de24-4d31-ab3d-6915978b71dd,2,16.0,mobile,organic,0,0,0,0,1,0,1,0,0,0,0,,1
1de9dd81-6814-4d21-aa55-804a3fec9ddd,10,206.0,desktop,paid_search,0,0,0,4,1,0,1,0,0,4,0,unclear_product_info,1
1dec19b5-d80d-4a13-b8e6-4f9801f3929f,2,13.0,tablet,organic,0,0,0,0,1,0,1,0,0,0,0,,1
1df1db9f-8e3d-4354-855f-574ce15c0e7a,2,10.0,desktop,organic,0,0,0,0,1,0,1,0,0,0,0,,1
1e136d9d-1ac1-4350-a3f2-33a5505c1450,8,108.0,mobile,organic,0,0,0,0,1,0,4,0,0,0,3,poor_recommendations,1
1e35841c-7c39-447e-aa65-98920548bc24,10,247.0,mobile,paid_search,0,0,0,4,1,0,1,0,0,4,0,unclear_product_info,1
1e555aae-eb13-497d-a877-b0c450fdaf73,2,12.0,desktop,paid_search,0,0,0,0,1,0,1,0,0,0,0,,1
1e752a9c-5c8c-44a7-98b5-147ef33cab36,6,119.0,mobile,paid_search,1,0,1,0,0,1,1,1,0,1,0,no_friction,0
1e90d61c-2734-4a77-a828-c92d7836a19f,2,19.0,desktop,direct,0,0,0,0,1,0,1,0,0,0,0,,1
1e98e238-13dd-4b56-8e1b-a85e5f4dbd11,8,113.0,desktop,email,0,0,0,0,1,0,4,0,0,0,3,poor_recommendations,1
1e9ee99a-4beb-4fac-b221-ccfdb68a02a4,2,8.0,mobile,paid_search,0,0,0,0,1,0,1,0,0,0,0,,1
1e9fff49-1a06-4009-8473-d9211868bc33,2,28.0,mobile,organic,0,0,0,0,1,0,1,0,0,0,0,,1
1ea66ebd-e8bb-428f-9558-91894cedb9be,6,114.0,mobile,organic,1,1,1,0,1,0,1,0,0,1,0,delivery_uncertainty,1
1eb1cbf6-8939-4206-8089-da145ca67ac9,6,103.0,desktop,organic,1,0,1,0,0,1,1,1,0,1,0,no_friction,0
1ebf3641-0c18-4d81-be0b-b3349f4c977d,2,22.0,desktop,paid_search,0,0,0,0,1,0,1,0,0,0,0,,1
1ec1de9e-ce92-40b2-9c52-1b1675a126b5,2,30.0,mobile,organic,0,0,0,0,1,0,1,0,0,0,0,,1
1ec291b0-0c90-40c2-9185-5d250bd7831f,2,14.0,mobile,organic,0,0,0,0,1,0,1,0,0,0,0,,1
1ec60d8a-6d67-482a-a331-26225da37159,2,5.0,desktop,social,0,0,0,0,1,0,1,0,0,0,0,,1
1eca4edb-a013-45be-ad07-b2d849f34482,6,76.0,mobile,paid_search,1,0,1,0,0,1,1,1,0,1,0,no_friction,0
1edae2eb-6f9a-4531-a320-d4fc1e59130a,2,11.0,tablet,social,0,0,0,0,1,0,1,0,0,0,0,,1
1efb31c9-a173-41c2-888f-6445fab0e2fc,2,30.0,mobile,social,0,0,0,0,1,0,1,0,0,0,0,,1
1efd15b8-57e5-476d-b6eb-e8fa27b7dc33,2,25.0,desktop,organic,0,0,0,0,1,0,1,0,0,0,0,,1
1f0060e2-c5c4-401c-9b59-cc85cad310af,6,121.0,mobile,social,1,0,1,0,0,1,1,1,0,1,0,post_purchase_anxiety,0
1f0e6bb9-ea41-4567-ac6d-0e94274e3b39,8,112.0,mobile,email,0,0,0,0,1,0,4,0,0,0,3,poor_recommendations,1
1f13f448-456d-49a5-8634-27fd8150624f,2,29.0,mobile,social,0,0,0,0,1,0,1,0,0,0,0,,1
1f1a9d9d-f2ee-4f4f-abbf-9da8a47923d5,2,16.0,desktop,direct,0,0,0,0,1,0,1,0,0,0,0,,1
1f206562-e2fc-4591-a37a-b072a4d92956,6,99.0,desktop,social,1,0,1,0,0,1,1,1,0,1,0,post_purchase_anxiety,0
1f2fd9a7-ee35-4979-a759-0ab525254596,2,19.0,mobile,social,0,0,0,0,1,0,1,0,0,0,0,,1
1f345db1-e51b-4bc1-ba9e-0412e6e5d432,2,7.0,tablet,organic,0,0,0,0,1,0,1,0,0,0,0,,1
1f4d4f50-1532-4e91-a438-6261d886c7d0,2,17.0,desktop,organic,0,0,0,0,1,0,1,0,0,0,0,,1
1f54dfb7-0cdd-4789-b502-eab29a898005,2,7.0,tablet,organic,0,0,0,0,1,0,1,0,0,0,0,,1
1f6fac14-cc67-4ae3-8dba-20c76a9446f7,6,112.0,desktop,social,1,0,1,0,0,1,1,1,0,1,0,no_friction,0
1f7f40cc-2db5-4468-9970-51a84856ef93,6,96.0,mobile,social,1,0,1,0,0,1,1,1,0,1,0,no_friction,0
1f89fe99-1a80-472f-8791-15a425694d52,6,128.0,mobile,email,1,0,1,0,0,1,1,1,0,1,0,no_friction,0
1f8e1057-2cc9-472c-9204-a1286eed433d,2,14.0,mobile,direct,0,0,0,0,1,0,1,0,0,0,0,,1
1f9acaa9-92fc-40d5-a2b6-2990f207c30e,10,242.0,mobile,social,0,0,0,4,1,0,1,0,0,4,0,unclear_product_info,1
1fc35eb3-0122-48dc-8928-865906811d77,2,13.0,mobile,paid_search,0,0,0,0,1,0,1,0,0,0,0,,1
1fc859aa-4d36-454a-a3e6-098b1e430e27,2,27.0,desktop,organic,0,0,0,0,1,0,1,0,0,0,0,,1
1fd054c6-fd33-445f-9392-d0cffc3c334f,2,13.0,mobile,paid_search,0,0,0,0,1,0,1,0,0,0,0,,1
1fd50fd4-53f6-45f7-b0b0-1ba7c193b90f,7,153.0,desktop,paid_search,1,0,1,0,1,0,1,1,1,1,0,payment_failure,1
1fd5b77d-df3b-4f87-bb1c-00601947562e,2,23.0,tablet,email,0,0,0,0,1,0,1,0,0,0,0,,1
1fda2b1a-82d0-44c0-b3a4-57147f3bd303,6,98.0,mobile,organic,1,0,1,0,0,1,1,1,0,1,0,no_friction,0
1fef5aa2-4440-412f-a8a1-87c24002c82f,6,120.0,mobile,organic,1,0,1,0,0,1,1,1,0,1,0,no_friction,0
2000413f-cf43-4609-9c72-5f5baa43b891,6,136.0,mobile,direct,1,0,1,0,0,1,1,1,0,1,0,no_friction,0
2017fd38-8cf8-4cdb-9e51-f0f14fd6150b,6,81.0,desktop,organic,1,0,1,0,0,1,1,1,0,1,0,no_friction,0
203213ae-a320-49d2-8198-42d18114cb00,2,15.0,tablet,social,0,0,0,0,1,0,1,0,0,0,0,,1
2038b023-b5d1-4f02-af19-8fdff7e69dc9,2,10.0,mobile,organic,0,0,0,0,1,0,1,0,0,0,0,,1
203b0b13-ef39-4706-9b3e-46eafc7bf5d8,6,127.0,mobile,social,1,0,1,0,0,1,1,1,0,1,0,post_purchase_anxiety,0
204e9487-9fe2-4d32-b534-a65d649bbabf,2,27.0,mobile,organic,0,0,0,0,1,0,1,0,0,0,0,,1
207e5392-8e0c-4f06-9689-62575c3609b4,2,25.0,mobile,organic,0,0,0,0,1,0,1,0,0,0,0,,1
207f14fe-8145-421f-a898-b91433c015da,2,20.0,mobile,paid_search,0,0,0,0,1,0,1,0,0,0,0,,1
208d9c32-0193-4726-9371-f880a0ef2545,2,9.0,desktop,paid_search,0,0,0,0,1,0,1,0,0,0,0,,1
209a834c-84c8-4619-ac2d-9e4e1bb14d49,6,104.0,desktop,organic,1,0,1,0,0,1,1,1,0,1,0,no_friction,0
209c450a-1610-4edf-b528-937bd096f405,6,119.0,mobile,organic,1,0,1,0,0,1,1,1,0,1,0,post_purchase_anxiety,0
20a37a05-fdeb-40e3-83b8-6c54cc1eb54f,2,23.0,desktop,organic,0,0,0,0,1,0,1,0,0,0,0,,1
20a58be1-d8d5-44fb-8f58-afff9cc7021b,2,25.0,mobile,organic,0,0,0,0,1,0,1,0,0,0,0,,1
20ab46b8-1529-4a68-b640-6f374ae58021,2,21.0,mobile,organic,0,0,0,0,1,0,1,0,0,0,0,,1
20cfe473-46b1-4813-acf0-5e6d7c087fbf,6,119.0,desktop,organic,1,0,1,0,0,1,1,1,0,1,0,no_friction,0
20dd02ff-4ecf-460f-8489-b3e3716557c5,2,13.0,tablet,organic,0,0,0,0,1,0,1,0,0,0,0,,1
20ee8b32-bf78-4c94-a574-32a5951ddb6d,2,11.0,mobile,email,0,0,0,0,1,0,1,0,0,0,0,,1
20ee8e92-4d96-48b2-98d9-1b3bcafad8b6,6,98.0,mobile,paid_search,1,0,1,0,0,1,1,1,0,1,0,no_friction,0
20f24904-1d32-4470-b18f-430fc67ae2be,6,113.0,desktop,organic,1,0,1,0,0,1,1,1,0,1,0,no_friction,0
20f71f64-81cd-4e14-94f9-a09fb9c725a0,2,21.0,mobile,email,0,0,0,0,1,0,1,0,0,0,0,,1
20f8f43f-693d-46b0-9e09-fb8ee563f4d0,2,7.0,desktop,direct,0,0,0,0,1,0,1,0,0,0,0,,1
210ec987-80f1-43d7-bef4-bef6c5ef0d17,2,19.0,mobile,organic,0,0,0,0,1,0,1,0,0,0,0,,1
211806ad-5f81-4894-8a3b-9e810d38ce68,2,23.0,mobile,organic,0,0,0,0,1,0,1,0,0,0,0,,1
213b4e6d-ae7d-4ff5-ad1f-cff1848cbaa4,6,111.0,mobile,paid_search,1,0,1,0,0,1,1,1,0,1,0,no_friction,0
2166a748-b8ce-40a3-b0c9-478ed2507608,2,17.0,mobile,organic,0,0,0,0,1,0,1,0,0,0,0,,1
21677d44-ee4d-469d-9270-cfed05219065,10,252.0,desktop,email,0,0,0,4,1,0,1,0,0,4,0,unclear_product_info,1
2183f5c2-bf23-4a42-b170-66894963f7cb,2,12.0,desktop,email,0,0,0,0,1,0,1,0,0,0,0,,1
21922062-911e-4a03-bcad-09b9c71b7940,2,9.0,mobile,paid_search,0,0,0,0,1,0,1,0,0,0,0,,1
2199d94a-a900-4855-adec-ad0ce8961e57,6,131.0,mobile,paid_search,1,0,1,0,0,1,1,1,0,1,0,no_friction,0
21c9e402-97a1-451e-ba4d-abff33ffec83,6,108.0,desktop,organic,1,1,1,0,1,0,1,0,0,1,0,delivery_uncertainty,1
21dd4186-7981-472a-bc3b-ca4db3ea0f74,5,84.0,mobile,paid_search,1,0,1,0,1,0,1,0,0,1,0,price_shock,1
21e684e6-4b8d-4bd1-8182-609a804cc2d6,2,26.0,mobile,organic,0,0,0,0,1,0,1,0,0,0,0,,1
22005bfb-4d12-451b-9b65-ab692472566b,6,101.0,desktop,organic,1,0,1,0,0,1,1,1,0,1,0,no_friction,0
220a730f-b3f2-463b-ae87-da3690ec8bfb,2,11.0,mobile,paid_search,0,0,0,0,1,0,1,0,0,0,0,,1
221041cf-046d-4812-b0fa-3694652fc555,2,12.0,mobile,organic,0,0,0,0,1,0,1,0,0,0,0,,1
222f6b3d-0c1f-4cd8-af41-2b35b3bb18c9,2,8.0,mobile,organic,0,0,0,0,1,0,1,0,0,0,0,,1
224af5a3-8b12-4c30-80ce-848bdb263f33,2,10.0,mobile,social,0,0,0,0,1,0,1,0,0,0,0,,1
225a540c-d6a7-448f-ac49-53d3aabc9331,6,105.0,desktop,social,1,0,1,0,0,1,1,1,0,1,0,no_friction,0
226b450b-6b9d-4480-b4c9-a0a9f7db7ab3,2,30.0,mobile,organic,0,0,0,0,1,0,1,0,0,0,0,,1
22742163-7fc6-429b-806c-c768c431aca4,5,86.0,mobile,organic,1,0,1,0,1,0,1,0,0,1,0,price_shock,1
227d2627-5f53-48d3-8677-b35c67846e83,7,158.0,mobile,social,1,0,1,0,1,0,1,1,1,1,0,payment_failure,1
229a4b1e-c5bd-45d4-8ed9-27ded3c305e9,2,22.0,mobile,social,0,0,0,0,1,0,1,0,0,0,0,,1
22a9ee63-999f-48af-8aa3-006eeb8eb465,5,96.0,desktop,direct,1,0,1,0,1,0,1,0,0,1,0,price_shock,1
22b45562-362a-48e6-a14b-123a0718c69a,7,111.0,mobile,organic,1,0,1,0,1,0,1,1,1,1,0,payment_failure,1
22b5266a-5dff-4354-b49d-06adf207ee6e,7,109.0,tablet,organic,1,0,1,0,1,0,1,1,1,1,0,payment_failure,1
22cdf976-bdb8-4275-b995-58edd99ba4d5,2,20.0,mobile,paid_search,0,0,0,0,1,0,1,0,0,0,0,,1
22fee884-7a9e-483c-8d49-fddefa3d8ca4,6,114.0,tablet,paid_search,1,0,1,0,0,1,1,1,0,1,0,no_friction,0
2304ecf4-157b-4028-8502-af361117df47,6,128.0,mobile,social,1,1,1,0,1,0,1,0,0,1,0,delivery_uncertainty,1
233a13c8-2164-4e01-9829-71fbd9c241b8,10,171.0,mobile,organic,0,0,0,4,1,0,1,0,0,4,0,unclear_product_info,1
23423585-92d2-41b5-a5e5-fb5fa2e8865e,2,22.0,mobile,organic,0,0,0,0,1,0,1,0,0,0,0,,1
2352489d-ee43-427d-8962-9d8644b6f158,6,99.0,desktop,paid_search,1,0,1,0,0,1,1,1,0,1,0,post_purchase_anxiety,0
235711a9-0761-4ee5-bab7-217b19c96a93,6,84.0,mobile,organic,1,0,1,0,0,1,1,1,0,1,0,post_purchase_anxiety,0
23588067-bbcd-4d6f-ab2d-ada04692d02f,6,93.0,desktop,organic,1,0,1,0,0,1,1,1,0,1,0,no_friction,0
2372a5db-041a-4790-a8b8-3f221ed9f4f3,6,98.0,mobile,organic,1,0,1,0,0,1,1,1,0,1,0,no_friction,0
2378c222-6591-4f6c-8218-82d75d629133,8,69.0,desktop,organic,0,0,0,0,1,0,4,0,0,0,3,poor_recommendations,1
238b905d-8f4f-49e7-be94-62f0fe5b6774,2,11.0,mobile,organic,0,0,0,0,1,0,1,0,0,0,0,,1
23974cee-b93c-46d6-8f02-d03ef95071d2,6,78.0,desktop,social,1,1,1,0,1,0,1,0,0,1,0,delivery_uncertainty,1
23a537bf-0b60-4478-aafe-f9f42b1a866d,6,115.0,desktop,organic,1,0,1,0,0,1,1,1,0,1,0,post_purchase_anxiety,0
23b4ab46-f16d-4142-9b5a-1d753ad07963,7,126.0,mobile,organic,1,0,1,0,1,0,1,1,1,1,0,payment_failure,1
23b57947-642b-4286-b8b9-d991caf226a2,2,19.0,mobile,email,0,0,0,0,1,0,1,0,0,0,0,,1
23ba6f87-c916-419d-be78-016e75663c14,10,231.0,mobile,paid_search,0,0,0,4,1,0,1,0,0,4,0,unclear_product_info,1
23c215ff-30d1-4040-8827-3e1e1da5b71f,6,100.0,mobile,email,1,0,1,0,0,1,1,1,0,1,0,no_friction,0
23d5e5e7-5d98-471f-95b4-349476f82275,2,11.0,desktop,direct,0,0,0,0,1,0,1,0,0,0,0,,1
23e0f8f4-48d8-4c1d-81b7-2e87359334e7,5,121.0,desktop,email,1,0,1,0,1,0,1,0,0,1,0,price_shock,1
23ea9053-48f1-4952-ba3c-b222a735585d,8,73.0,mobile,organic,0,0,0,0,1,0,4,0,0,0,3,poor_recommendations,1
24111f68-4f06-4c1b-80d0-a1253dc02230,2,23.0,tablet,paid_search,0,0,0,0,1,0,1,0,0,0,0,,1
241766c7-938a-42c3-8f2c-f3ac0a7eb30d,2,29.0,desktop,social,0,0,0,0,1,0,1,0,0,0,0,,1
2419b384-54fe-4039-98ce-f6ccde56392b,2,22.0,mobile,organic,0,0,0,0,1,0,1,0,0,0,0,,1
24411e58-9d55-4ea3-83ae-6f66056ef160,2,24.0,mobile,social,0,0,0,0,1,0,1,0,0,0,0,,1
24576956-8f2b-4fd9-bf0d-4c673e36c39b,2,21.0,mobile,social,0,0,0,0,1,0,1,0,0,0,0,,1
247bd4e2-577d-4261-9a3a-2c4fbc86812c,6,140.0,desktop,email,1,0,1,0,0,1,1,1,0,1,0,no_friction,0
248936a4-f25c-4596-b4ea-26ad555350f9,10,178.0,desktop,email,0,0,0,4,1,0,1,0,0,4,0,unclear_product_info,1
248d536b-ceb6-4c91-a813-ed50c58ded51,10,201.0,desktop,social,0,0,0,4,1,0,1,0,0,4,0,unclear_product_info,1
24912f76-2d6b-4ba2-a8e1-b44e808e1f36,6,107.0,mobile,organic,1,0,1,0,0,1,1,1,0,1,0,no_friction,0
2498a6fb-71a5-4163-a0ae-769d53810460,6,81.0,mobile,email,1,0,1,0,0,1,1,1,0,1,0,no_friction,0
249e2e9f-bb8f-4152-a55b-e5c3274919ed,6,120.0,mobile,organic,1,0,1,0,0,1,1,1,0,1,0,no_friction,0
24a32ab0-7e83-4a2b-8b93-874afa56b75c,10,254.0,desktop,organic,0,0,0,4,1,0,1,0,0,4,0,unclear_product_info,1
24af08d6-9938-4412-9d6b-18ddef331fd5,2,5.0,mobile,organic,0,0,0,0,1,0,1,0,0,0,0,,1
24c0a885-e17c-4c84-817f-d5d51eccbfc9,7,103.0,desktop,direct,1,0,1,0,1,0,1,1,1,1,0,payment_failure,1
24cd8823-ae14-4844-828f-a840a457aee8,2,12.0,mobile,direct,0,0,0,0,1,0,1,0,0,0,0,,1
24dd95da-8f30-431d-817c-6b7f771adf28,6,99.0,mobile,organic,1,0,1,0,0,1,1,1,0,1,0,no_friction,0
24e0432e-b474-40a6-8b49-83e9f3fc71e2,2,17.0,mobile,organic,0,0,0,0,1,0,1,0,0,0,0,,1
24e857f5-afec-4bca-9da1-7b10eef2da52,6,109.0,desktop,paid_search,1,0,1,0,0,1,1,1,0,1,0,no_friction,0
24e92d76-a65b-41a0-8f63-bf1cc87e1774,2,11.0,tablet,email,0,0,0,0,1,0,1,0,0,0,0,,1
24e9c5f9-50a6-4c36-827f-21ac986cad02,2,22.0,desktop,organic,0,0,0,0,1,0,1,0,0,0,0,,1
25105808-0228-41fc-8e88-4f508b22627a,2,17.0,mobile,organic,0,0,0,0,1,0,1,0,0,0,0,,1
251f74b5-2d8d-4779-baae-16617a14c02f,6,139.0,desktop,organic,1,0,1,0,0,1,1,1,0,1,0,no_friction,0
25244fc1-3ffa-4f8c-a58e-cfcab655ec42,7,123.0,mobile,organic,1,0,1,0,1,0,1,1,1,1,0,payment_failure,1
253fcd2b-a33e-4128-85f3-a9ba734bed9a,10,275.0,mobile,direct,0,0,0,4,1,0,1,0,0,4,0,unclear_product_info,1
25409601-cfda-43eb-965e-388bb820d650,6,105.0,mobile,social,1,0,1,0,0,1,1,1,0,1,0,no_friction,0
2540f3f0-1484-4208-8b22-6394e9be85ce,6,125.0,mobile,organic,1,1,1,0,1,0,1,0,0,1,0,delivery_uncertainty,1
2570f41c-a424-47c1-a31f-13e3b44435c1,2,21.0,mobile,paid_search,0,0,0,0,1,0,1,0,0,0,0,,1
257942fb-c47e-4d18-b06e-f53f3cf53795,6,93.0,desktop,email,1,0,1,0,0,1,1,1,0,1,0,no_friction,0
2582f964-d8a3-4d49-ad9e-175eb277edd8,6,80.0,desktop,social,1,0,1,0,0,1,1,1,0,1,0,post_purchase_anxiety,0
258de9cd-513f-4a36-bcce-c28ef33914a1,6,87.0,mobile,organic,1,1,1,0,1,0,1,0,0,1,0,delivery_uncertainty,1
259f440e-c7ac-41da-8fd9-735a4d48aa4b,2,30.0,desktop,organic,0,0,0,0,1,0,1,0,0,0,0,,1
25aa9bc0-26e1-481c-ac46-c3e4a1c2e11c,5,91.0,desktop,paid_search,1,0,1,0,1,0,1,0,0,1,0,price_shock,1
25ab84cf-c606-457b-bfed-ea58ab0a7bc8,2,18.0,mobile,paid_search,0,0,0,0,1,0,1,0,0,0,0,,1
25b429a6-aaf8-409b-8ff8-909472aca949,2,20.0,desktop,organic,0,0,0,0,1,0,1,0,0,0,0,,1
25bbb4e7-4e01-432b-af37-3565dcae9e5a,8,73.0,mobile,paid_search,0,0,0,0,1,0,4,0,0,0,3,poor_recommendations,1
25c5af66-0d7f-429d-a117-9d2d35cdbf14,6,87.0,mobile,email,1,0,1,0,0,1,1,1,0,1,0,no_friction,0
25c6bfe7-444a-46bf-bf15-29d922b7ec9f,10,199.0,mobile,organic,0,0,0,4,1,0,1,0,0,4,0,unclear_product_info,1
25c9743a-e7a0-4698-8c4b-b6631793a1c7,2,27.0,mobile,organic,0,0,0,0,1,0,1,0,0,0,0,,1
25d46fd1-75e6-4b4c-9a87-4a497007184f,2,30.0,mobile,organic,0,0,0,0,1,0,1,0,0,0,0,,1
25e6945d-ce2b-44e4-9f02-16af8d19a392,2,17.0,desktop,social,0,0,0,0,1,0,1,0,0,0,0,,1
25ee2151-4517-4010-a578-6e3c563f78a4,10,185.0,tablet,social,0,0,0,4,1,0,1,0,0,4,0,unclear_product_info,1
25f1d859-ce7b-43b2-a3ce-0613d2341f67,10,230.0,tablet,social,0,0,0,4,1,0,1,0,0,4,0,unclear_product_info,1
25fe03e6-5179-41fc-b5f3-d242ed82dd71,2,16.0,mobile,organic,0,0,0,0,1,0,1,0,0,0,0,,1
260e693d-1703-477c-b181-c378512f7202,6,115.0,mobile,organic,1,0,1,0,0,1,1,1,0,1,0,no_friction,0
26196d4e-288e-4a63-8163-55a8b7e0e924,6,111.0,desktop,organic,1,0,1,0,0,1,1,1,0,1,0,no_friction,0
261c7ca7-bea2-4b3e-894c-f2f8a24c07ea,8,89.0,mobile,direct,0,0,0,0,1,0,4,0,0,0,3,poor_recommendations,1
2631b2c4-188c-4850-b1fa-c63aa655c291,2,14.0,mobile,paid_search,0,0,0,0,1,0,1,0,0,0,0,,1
265d6837-deef-4b72-a299-7aa7736fc357,2,5.0,mobile,organic,0,0,0,0,1,0,1,0,0,0,0,,1
267b8753-8446-433e-8fea-4908f37620cc,2,20.0,tablet,social,0,0,0,0,1,0,1,0,0,0,0,,1
26944c3c-5c3f-4c59-ab13-a9a0139b4a38,2,11.0,mobile,social,0,0,0,0,1,0,1,0,0,0,0,,1
26a4a2c1-699e-4e5e-8bb9-e2e0a6f19b4d,6,96.0,mobile,social,1,0,1,0,0,1,1,1,0,1,0,post_purchase_anxiety,0
26abdd89-8b7a-4eac-b8aa-bf1f6e57e314,6,94.0,desktop,social,1,0,1,0,0,1,1,1,0,1,0,no_friction,0
26b37a54-caf2-4891-86b7-24426b455b2b,6,90.0,desktop,organic,1,1,1,0,1,0,1,0,0,1,0,delivery_uncertainty,1
26bf2f56-cbea-4957-9877-f14b25742f99,6,121.0,tablet,email,1,0,1,0,0,1,1,1,0,1,0,no_friction,0
26c33533-e63b-4015-8953-8172f1cf4bd5,5,84.0,mobile,social,1,0,1,0,1,0,1,0,0,1,0,price_shock,1
26d31c0a-9a0e-4f9e-8c02-742d0ea9ed6f,7,127.0,mobile,organic,1,0,1,0,1,0,1,1,1,1,0,payment_failure,1
26e1e3ae-a924-476b-9a7a-e89e83860b9e,2,12.0,mobile,organic,0,0,0,0,1,0,1,0,0,0,0,,1
26ef743c-39b5-4529-90e9-086cd855c46d,7,127.0,mobile,organic,1,0,1,0,1,0,1,1,1,1,0,payment_failure,1
26f61e98-17cd-4307-b593-3b5870b889c8,2,22.0,desktop,organic,0,0,0,0,1,0,1,0,0,0,0,,1
27193e78-04e3-420d-9b39-abb1497caae6,2,21.0,mobile,organic,0,0,0,0,1,0,1,0,0,0,0,,1
27204f16-3eaf-42e6-a318-1b57718764b9,2,13.0,mobile,social,0,0,0,0,1,0,1,0,0,0,0,,1
272997da-018f-4ce0-bcdc-f3a19041bf3a,2,19.0,desktop,organic,0,0,0,0,1,0,1,0,0,0,0,,1
272ffbba-5963-4363-95ab-4e549e5423b8,7,125.0,desktop,direct,1,0,1,0,1,0,1,1,1,1,0,payment_failure,1
27315b41-ff58-44c6-8312-0ea14c39db57,2,13.0,desktop,email,0,0,0,0,1,0,1,0,0,0,0,,1
2737a348-8cba-499e-aefd-f10b67e6a345,2,5.0,mobile,paid_search,0,0,0,0,1,0,1,0,0,0,0,,1
27390f7f-b7a3-4b42-a7ee-09262dced621,6,123.0,desktop,organic,1,0,1,0,0,1,1,1,0,1,0,post_purchase_anxiety,0
273b2608-f02a-44e5-825b-d3cf1198c06c,2,9.0,mobile,email,0,0,0,0,1,0,1,0,0,0,0,,1
273f1472-898c-4a45-87d0-c413cafcfdae,2,27.0,mobile,direct,0,0,0,0,1,0,1,0,0,0,0,,1
274d6656-e203-4217-bc8d-9122c0819d42,2,29.0,mobile,organic,0,0,0,0,1,0,1,0,0,0,0,,1
27519fc1-03e5-4a38-af99-c1e5270c20d3,8,101.0,desktop,paid_search,0,0,0,0,1,0,4,0,0,0,3,poor_recommendations,1
276a91bb-6251-4b79-87b2-d2992a35bfe4,2,24.0,desktop,paid_search,0,0,0,0,1,0,1,0,0,0,0,,1
277e3090-4705-4c28-bcd2-e93f4781a284,2,17.0,mobile,direct,0,0,0,0,1,0,1,0,0,0,0,,1
278accda-d9d8-4a5b-9e13-6712de9c7a3c,6,119.0,mobile,direct,1,0,1,0,0,1,1,1,0,1,0,no_friction,0
278ca232-3caf-4862-895c-e29edc30da60,2,7.0,desktop,email,0,0,0,0,1,0,1,0,0,0,0,,1
27a86ddd-f937-4891-8817-59549d126774,2,12.0,mobile,paid_search,0,0,0,0,1,0,1,0,0,0,0,,1
27ae9f84-c7ec-4f52-a384-dee383807145,6,121.0,tablet,organic,1,0,1,0,0,1,1,1,0,1,0,no_friction,0
27d4e86d-da15-408d-b2f6-205edf98a888,2,20.0,desktop,organic,0,0,0,0,1,0,1,0,0,0,0,,1
27d4f4b6-c1c8-4cb4-a2a7-bc7d8b071d97,2,19.0,mobile,organic,0,0,0,0,1,0,1,0,0,0,0,,1
27d52c00-0576-4003-ac0a-35042b2439df,6,100.0,mobile,social,1,0,1,0,0,1,1,1,0,1,0,post_purchase_anxiety,0
27e4da2b-aa0a-4af5-be03-e56f38974901,2,11.0,desktop,organic,0,0,0,0,1,0,1,0,0,0,0,,1
27fd9845-253c-420c-a14a-e3780cffb613,2,6.0,desktop,organic,0,0,0,0,1,0,1,0,0,0,0,,1
2805323e-2d4c-4120-ac29-cf8645e1b25b,2,28.0,tablet,organic,0,0,0,0,1,0,1,0,0,0,0,,1
280f1867-07b8-4e47-a235-9466de418082,6,73.0,desktop,social,1,0,1,0,0,1,1,1,0,1,0,no_friction,0
2810ae66-1cbc-4ed8-ac24-a03825c26b2f,2,14.0,desktop,paid_search,0,0,0,0,1,0,1,0,0,0,0,,1
282c6f1e-c5c6-4dc9-94d7-e67b99e8cd3f,10,158.0,mobile,social,0,0,0,4,1,0,1,0,0,4,0,unclear_product_info,1
2840bda8-f806-4ac4-ad92-91a1ff5393db,2,7.0,mobile,paid_search,0,0,0,0,1,0,1,0,0,0,0,,1
2841fe2c-6952-4169-b7ec-ac9fe4acbeed,2,14.0,desktop,email,0,0,0,0,1,0,1,0,0,0,0,,1
284b4081-a8e1-4587-9673-336d45e3a705,2,15.0,mobile,email,0,0,0,0,1,0,1,0,0,0,0,,1
28561ebb-fece-4484-86ca-089743a31725,7,136.0,mobile,paid_search,1,0,1,0,1,0,1,1,1,1,0,payment_failure,1
28660a9e-6181-4a65-8da2-4cc03fc13ec7,2,20.0,mobile,organic,0,0,0,0,1,0,1,0,0,0,0,,1
286e72b9-b748-40f8-93e6-37335d9a5ac1,6,131.0,mobile,organic,1,0,1,0,0,1,1,1,0,1,0,post_purchase_anxiety,0
28be407e-bff4-42e7-b391-ea6b8d83397e,2,14.0,mobile,paid_search,0,0,0,0,1,0,1,0,0,0,0,,1
28bf9fbb-b9cb-4902-9d4c-07f69797eac0,10,249.0,desktop,paid_search,0,0,0,4,1,0,1,0,0,4,0,unclear_product_info,1
28db2c5d-c748-4447-8449-9edada7c33ce,2,20.0,mobile,direct,0,0,0,0,1,0,1,0,0,0,0,,1
28e2dc26-a955-48d8-9994-c6a59ac75b3c,2,9.0,mobile,organic,0,0,0,0,1,0,1,0,0,0,0,,1
28f147d1-c534-4813-aecb-032b10470641,2,16.0,desktop,organic,0,0,0,0,1,0,1,0,0,0,0,,1
28f65c51-3034-4913-a18f-6677114daac7,2,20.0,desktop,organic,0,0,0,0,1,0,1,0,0,0,0,,1
28fa0fc2-f3aa-4aef-b7fa-6ef64ac00f0a,6,100.0,mobile,social,1,0,1,0,0,1,1,1,0,1,0,no_friction,0
29054001-21f6-4b0c-8e97-d9305a608a06,2,16.0,mobile,paid_search,0,0,0,0,1,0,1,0,0,0,0,,1
29055e3a-e8b2-4221-8ade-9c7c8357a941,6,139.0,desktop,email,1,1,1,0,1,0,1,0,0,1,0,delivery_uncertainty,1
290d446d-a0bf-4f18-8371-0b06750a7716,6,115.0,desktop,organic,1,1,1,0,1,0,1,0,0,1,0,delivery_uncertainty,1
29120678-3fcd-4ad9-8683-020bc621efbb,2,16.0,mobile,organic,0,0,0,0,1,0,1,0,0,0,0,,1
29150d07-f78e-4ea0-b505-f5ad85722b61,6,135.0,mobile,organic,1,0,1,0,0,1,1,1,0,1,0,no_friction,0
2922a2e8-9d27-4dfa-8713-86f55c095381,2,26.0,mobile,social,0,0,0,0,1,0,1,0,0,0,0,,1
294b875e-b20a-4a76-93f6-3721120dfbc7,6,140.0,mobile,paid_search,1,0,1,0,0,1,1,1,0,1,0,no_friction,0
295a586f-1e4a-4d8d-9201-9891d8602970,2,30.0,desktop,social,0,0,0,0,1,0,1,0,0,0,0,,1
295bb4e0-e089-4cd4-90a8-d3f528158b10,2,18.0,mobile,organic,0,0,0,0,1,0,1,0,0,0,0,,1
295f5fab-0b55-46cf-912d-22b4ae43c806,8,107.0,tablet,direct,0,0,0,0,1,0,4,0,0,0,3,poor_recommendations,1
296243f0-80ae-4377-8557-1b27363bb4e7,2,11.0,mobile,social,0,0,0,0,1,0,1,0,0,0,0,,1
296f9195-c89f-49b9-9b8d-839d3414d0e4,6,112.0,desktop,email,1,1,1,0,1,0,1,0,0,1,0,delivery_uncertainty,1
29765989-cf01-421a-848e-cc7068ffb895,5,87.0,mobile,social,1,0,1,0,1,0,1,0,0,1,0,price_shock,1
297d69cd-444f-4561-839b-52e7e4c8bc46,6,113.0,tablet,organic,1,1,1,0,1,0,1,0,0,1,0,delivery_uncertainty,1
2988a74e-287a-4d65-b2e4-1ec276513ece,10,170.0,mobile,paid_search,0,0,0,4,1,0,1,0,0,4,0,unclear_product_info,1
299897ef-dcfa-4ff1-8d3c-d68cab767f0b,8,99.0,tablet,organic,0,0,0,0,1,0,4,0,0,0,3,poor_recommendations,1
29a9f3c7-5997-4bf1-a55d-f739c9a2f381,2,16.0,desktop,paid_search,0,0,0,0,1,0,1,0,0,0,0,,1
29ac769d-6ae5-4ad4-9399-937f1fda3683,6,132.0,mobile,email,1,0,1,0,0,1,1,1,0,1,0,no_friction,0
29b4d7e8-7e90-4259-8d91-b186c0563862,2,17.0,mobile,organic,0,0,0,0,1,0,1,0,0,0,0,,1
29bea13d-0749-4467-925d-b21536a9905b,2,9.0,tablet,organic,0,0,0,0,1,0,1,0,0,0,0,,1
29c4b0b2-8ddc-4514-bb02-be5af0f0768f,6,103.0,tablet,social,1,0,1,0,0,1,1,1,0,1,0,post_purchase_anxiety,0
29d22f02-b5c4-47e6-95d0-a3c2d79ecd36,6,101.0,mobile,organic,1,0,1,0,0,1,1,1,0,1,0,no_friction,0
29d2767c-c43b-4df3-b342-ce97e3ba2019,6,97.0,mobile,social,1,0,1,0,0,1,1,1,0,1,0,post_purchase_anxiety,0
29d3adeb-de8b-4aaa-b696-b4251d9b80dd,2,22.0,desktop,paid_search,0,0,0,0,1,0,1,0,0,0,0,,1
29dbaa8f-7d25-4c23-913d-28cbb41b7f5e,2,10.0,desktop,paid_search,0,0,0,0,1,0,1,0,0,0,0,,1
29f418bc-938d-428a-8fab-d3c9d24a4d2a,2,19.0,desktop,social,0,0,0,0,1,0,1,0,0,0,0,,1
29f4b341-b330-4c26-8a0c-581f8011b31c,6,112.0,desktop,direct,1,0,1,0,0,1,1,1,0,1,0,post_purchase_anxiety,0
29f51382-f444-43a2-bb98-0cfc7ecc65dc,2,18.0,tablet,email,0,0,0,0,1,0,1,0,0,0,0,,1
29f7c1cb-bba8-4803-b8ad-c09da14ba809,2,18.0,mobile,social,0,0,0,0,1,0,1,0,0,0,0,,1
2a0819c6-106e-4fef-b980-e0fed6422245,2,11.0,mobile,paid_search,0,0,0,0,1,0,1,0,0,0,0,,1
2a0a752b-1951-42a8-8b01-ad5cf1e162a3,2,7.0,mobile,organic,0,0,0,0,1,0,1,0,0,0,0,,1
2a0d790d-0722-4cbb-bdfe-c5a328009a80,2,18.0,mobile,organic,0,0,0,0,1,0,1,0,0,0,0,,1
2a0e8e08-bbe6-48bb-93c0-fc6ad8faa18c,2,7.0,desktop,paid_search,0,0,0,0,1,0,1,0,0,0,0,,1
2a179aed-ba55-428f-b601-2681751ccfae,2,11.0,mobile,paid_search,0,0,0,0,1,0,1,0,0,0,0,,1
2a1f7db0-087d-45fa-9b2a-39521d1fb603,2,6.0,desktop,organic,0,0,0,0,1,0,1,0,0,0,0,,1
2a2c3370-7444-4950-a9fd-9e59aec351dc,6,122.0,mobile,direct,1,0,1,0,0,1,1,1,0,1,0,no_friction,0
2a3fcdc5-e0b9-4c45-b35d-39a5edf6dc8c,2,28.0,mobile,organic,0,0,0,0,1,0,1,0,0,0,0,,1
2a443f7f-1413-4c60-9120-cef1636ff92c,2,28.0,mobile,direct,0,0,0,0,1,0,1,0,0,0,0,,1
2a4a44d0-4c72-4390-8249-e07ac33bb0f6,2,17.0,mobile,organic,0,0,0,0,1,0,1,0,0,0,0,,1
2a527865-9940-4638-80c9-680f59fa5471,2,15.0,mobile,social,0,0,0,0,1,0,1,0,0,0,0,,1
2a53d9cd-d9c0-4a86-822a-6da5c6192f95,7,134.0,mobile,direct,1,0,1,0,1,0,1,1,1,1,0,payment_failure,1
2a550794-b7a3-4212-8de6-aab6d2146d38,2,17.0,desktop,organic,0,0,0,0,1,0,1,0,0,0,0,,1
2a597394-29f9-4d82-8724-2609f28c2460,5,81.0,mobile,organic,1,0,1,0,1,0,1,0,0,1,0,price_shock,1
2a6403a7-8d4a-43f9-b4c1-1e5eb18683fc,2,15.0,mobile,paid_search,0,0,0,0,1,0,1,0,0,0,0,,1
2a67780c-3cff-4388-8169-fd1ce743326a,2,5.0,mobile,email,0,0,0,0,1,0,1,0,0,0,0,,1
2a715697-48c0-4e93-a68b-7bf9dfdfe8ca,2,23.0,desktop,organic,0,0,0,0,1,0,1,0,0,0,0,,1
2a7aff16-328a-4c4c-a258-c0d9d6e6db7b,5,81.0,mobile,social,1,0,1,0,1,0,1,0,0,1,0,price_shock,1
2a8f2a89-be50-4202-8d51-7d42a20448c8,2,20.0,desktop,organic,0,0,0,0,1,0,1,0,0,0,0,,1
2acb175c-4f6b-476b-a29b-b99b5ea95c79,7,143.0,mobile,direct,1,0,1,0,1,0,1,1,1,1,0,payment_failure,1
2ae62308-e4f2-4370-9088-59bfb97638b2,6,114.0,desktop,social,1,1,1,0,1,0,1,0,0,1,0,delivery_uncertainty,1
2af6367f-8ad4-40ea-999a-f2497f792fd9,8,86.0,mobile,organic,0,0,0,0,1,0,4,0,0,0,3,poor_recommendations,1
2af84760-a948-428a-bdbf-a933d210df21,10,242.0,mobile,email,0,0,0,4,1,0,1,0,0,4,0,unclear_product_info,1
2b016bcd-49af-487b-8b57-9140ff8258e4,6,117.0,mobile,organic,1,0,1,0,0,1,1,1,0,1,0,no_friction,0
2b028920-ee73-4c6d-aa73-d7be025d5b37,2,16.0,mobile,organic,0,0,0,0,1,0,1,0,0,0,0,,1
2b0c84a8-8cc5-4add-96cd-a02485742469,10,229.0,tablet,social,0,0,0,4,1,0,1,0,0,4,0,unclear_product_info,1
2b1decd3-ea07-458c-97df-0ea1699548bc,5,78.0,desktop,paid_search,1,0,1,0,1,0,1,0,0,1,0,price_shock,1
2b276806-d23f-4ee2-8074-25a670e4901f,6,85.0,mobile,paid_search,1,0,1,0,0,1,1,1,0,1,0,no_friction,0
2b2846b5-db3f-47fc-b143-78a63bad0efe,8,112.0,mobile,social,0,0,0,0,1,0,4,0,0,0,3,poor_recommendations,1
2b2b643f-5c68-425e-9de3-b5b747bed2e5,6,115.0,mobile,paid_search,1,0,1,0,0,1,1,1,0,1,0,post_purchase_anxiety,0
2b44b652-549f-4c07-9db5-3b788215197e,10,181.0,mobile,organic,0,0,0,4,1,0,1,0,0,4,0,unclear_product_info,1
2b4a587a-2993-44b0-9076-dce3e51f5777,6,93.0,desktop,social,1,0,1,0,0,1,1,1,0,1,0,no_friction,0
2b4b8fc3-cae2-4422-8961-e501b129e630,6,110.0,desktop,organic,1,0,1,0,0,1,1,1,0,1,0,no_friction,0
2b53e03b-757a-4d50-9949-ffbdecacf15c,2,16.0,desktop,direct,0,0,0,0,1,0,1,0,0,0,0,,1
2b6aa22f-8996-43b8-bc0a-1948783cd7bc,7,117.0,desktop,email,1,0,1,0,1,0,1,1,1,1,0,payment_failure,1
2b71499d-b67c-48d1-96bd-36e1e24cbf1f,2,10.0,mobile,organic,0,0,0,0,1,0,1,0,0,0,0,,1
2b7b3c34-b4db-4c2c-9bb6-57e28f8d3dbb,6,85.0,mobile,paid_search,1,1,1,0,1,0,1,0,0,1,0,delivery_uncertainty,1
2b838ec7-fe53-4d75-bf96-23430107d204,7,105.0,tablet,organic,1,0,1,0,1,0,1,1,1,1,0,payment_failure,1
2b8693a8-5dd4-44a7-b35d-2acf50e88f36,8,102.0,mobile,social,0,0,0,0,1,0,4,0,0,0,3,poor_recommendations,1
2b89443c-bbbd-40a4-8916-56fdf9aeb96e,2,11.0,desktop,email,0,0,0,0,1,0,1,0,0,0,0,,1
2b8f934a-05d7-4b7a-80bc-b1eed9ee102e,2,19.0,desktop,paid_search,0,0,0,0,1,0,1,0,0,0,0,,1
2b917d5a-38a8-4296-b48c-1a5f4575da9c,6,100.0,tablet,social,1,0,1,0,0,1,1,1,0,1,0,no_friction,0
2b9a5447-0e39-48be-9e87-f7f76a408331,6,126.0,mobile,direct,1,1,1,0,1,0,1,0,0,1,0,delivery_uncertainty,1
2b9d660c-a516-4e7a-a0f8-8ea7bf9a7151,6,86.0,desktop,organic,1,0,1,0,0,1,1,1,0,1,0,no_friction,0
2ba16a28-9907-4294-a29f-7eaeed6cff16,2,5.0,mobile,organic,0,0,0,0,1,0,1,0,0,0,0,,1
2bab0219-bd27-42e1-b474-984afb14e004,6,85.0,mobile,paid_search,1,0,1,0,0,1,1,1,0,1,0,no_friction,0
2bb4e934-25af-495e-9f13-535e8eaf2c1e,8,106.0,desktop,social,0,0,0,0,1,0,4,0,0,0,3,poor_recommendations,1
2bb795ca-9522-4e8b-878c-bf435f38537c,2,16.0,desktop,direct,0,0,0,0,1,0,1,0,0,0,0,,1
2bbb6628-21f5-4e21-8de1-8eac993cbf72,6,118.0,mobile,paid_search,1,0,1,0,0,1,1,1,0,1,0,post_purchase_anxiety,0
2bcaf914-430a-44b6-ad8f-290dd2cb5b7b,2,19.0,mobile,organic,0,0,0,0,1,0,1,0,0,0,0,,1
2bd030d2-9f93-4eef-84ad-b06f0ec6ea6b,6,101.0,desktop,organic,1,0,1,0,0,1,1,1,0,1,0,post_purchase_anxiety,0
2bdbc628-3dca-4b6e-bc61-9b2fe4613c80,6,96.0,mobile,organic,1,0,1,0,0,1,1,1,0,1,0,no_friction,0
2beeb333-d71a-4c04-87e6-d05ae5343286,6,86.0,tablet,organic,1,0,1,0,0,1,1,1,0,1,0,no_friction,0
2bf77bb6-f183-4339-a918-7a75cad5c32a,2,9.0,mobile,organic,0,0,0,0,1,0,1,0,0,0,0,,1
2bfc2d90-5373-4049-b839-5bd11e96c344,8,105.0,mobile,social,0,0,0,0,1,0,4,0,0,0,3,poor_recommendations,1
2c110232-0ccd-428c-bc61-2c2cdbcdd0b6,2,13.0,mobile,paid_search,0,0,0,0,1,0,1,0,0,0,0,,1
2c17b46b-f129-4b92-99f7-3db896473fd5,6,92.0,desktop,paid_search,1,0,1,0,0,1,1,1,0,1,0,no_friction,0
2c2597b7-3f19-4975-ba5d-119b01e013da,6,109.0,mobile,paid_search,1,0,1,0,0,1,1,1,0,1,0,no_friction,0
2c2e0c59-5bb6-45b2-823b-08a533e025ac,8,65.0,mobile,social,0,0,0,0,1,0,4,0,0,0,3,poor_recommendations,1
2c34e1c9-37c9-45b6-b1ad-27d190bb67b5,6,104.0,mobile,organic,1,0,1,0,0,1,1,1,0,1,0,no_friction,0
2c38a438-3aa5-42ec-b13a-bcc1d108f6f9,2,21.0,mobile,organic,0,0,0,0,1,0,1,0,0,0,0,,1
2c4e0a1d-6aa0-4ed0-91b1-a71b3fc61bae,2,28.0,mobile,paid_search,0,0,0,0,1,0,1,0,0,0,0,,1
2c57f392-ceb0-461d-ad1a-586acdb2ea26,6,107.0,mobile,paid_search,1,0,1,0,0,1,1,1,0,1,0,post_purchase_anxiety,0
2c67c7c0-55f5-45a9-b803-a1ea08a2ba4c,2,13.0,desktop,social,0,0,0,0,1,0,1,0,0,0,0,,1
2c689336-2290-4843-9e30-a1aab678e937,7,131.0,mobile,direct,1,0,1,0,1,0,1,1,1,1,0,payment_failure,1
2c7276b4-71cb-4521-a8ef-fd335df772a4,2,12.0,desktop,social,0,0,0,0,1,0,1,0,0,0,0,,1
2c7ad7ff-b19b-4c3c-b40d-2241b2851466,2,26.0,mobile,social,0,0,0,0,1,0,1,0,0,0,0,,1
2c7b0851-9228-4b5d-960d-a0b87eacc877,6,101.0,mobile,organic,1,0,1,0,0,1,1,1,0,1,0,no_friction,0
2c7be4f5-fcde-4b15-bb78-459800575f50,2,29.0,desktop,paid_search,0,0,0,0,1,0,1,0,0,0,0,,1
2c8b3794-4aab-4949-b8c8-41e22ac1e750,6,135.0,desktop,social,1,0,1,0,0,1,1,1,0,1,0,post_purchase_anxiety,0
2c9687a7-3334-4fd5-bdd4-7b25b87ddacc,2,23.0,mobile,direct,0,0,0,0,1,0,1,0,0,0,0,,1
2ca404e5-26b3-4a89-8ebf-b802022ac57a,6,132.0,desktop,paid_search,1,0,1,0,0,1,1,1,0,1,0,no_friction,0
2cae2353-16a2-4f5e-a5bf-cc3c20160713,2,16.0,tablet,social,0,0,0,0,1,0,1,0,0,0,0,,1
2cbf17d7-b198-4d96-98c5-2f7b6ff07784,2,14.0,tablet,paid_search,0,0,0,0,1,0,1,0,0,0,0,,1
2cca1d7d-e1f5-4ee6-a604-9b4a0d54276b,2,12.0,mobile,paid_search,0,0,0,0,1,0,1,0,0,0,0,,1
2cdc0528-9967-48f1-a0cc-ba3debba2421,6,143.0,mobile,paid_search,1,0,1,0,0,1,1,1,0,1,0,no_friction,0
2cdebaec-8f5e-4a7e-ae74-d63a89668092,2,5.0,mobile,social,0,0,0,0,1,0,1,0,0,0,0,,1
2d26d13a-1f7f-4e34-b60f-b7377c192d9d,8,109.0,tablet,paid_search,0,0,0,0,1,0,4,0,0,0,3,poor_recommendations,1
2d29d01c-fec6-4128-b7bd-ab1ef3c739d8,10,269.0,mobile,organic,0,0,0,4,1,0,1,0,0,4,0,unclear_product_info,1
2d31b40b-a5bf-4fd2-95c9-cd0cc3a66aea,2,28.0,mobile,organic,0,0,0,0,1,0,1,0,0,0,0,,1
2d413bef-2ee2-40dc-9e97-179a08b45b13,6,82.0,mobile,organic,1,0,1,0,0,1,1,1,0,1,0,no_friction,0
2d4cca9c-45c7-458e-b932-f68054b88b0c,6,108.0,tablet,organic,1,0,1,0,0,1,1,1,0,1,0,no_friction,0
2d4cddf6-5a85-4fea-a41f-66402215c8ef,8,89.0,desktop,organic,0,0,0,0,1,0,4,0,0,0,3,poor_recommendations,1
2d510eea-ec13-4c6a-8de9-53296081e9f9,2,26.0,mobile,organic,0,0,0,0,1,0,1,0,0,0,0,,1
2d5a93b4-37a0-4acc-a8c5-6d2551135fdd,7,104.0,desktop,social,1,0,1,0,1,0,1,1,1,1,0,payment_failure,1
2d7ea39d-2edd-4fea-973d-7b518a23990b,6,126.0,tablet,organic,1,0,1,0,0,1,1,1,0,1,0,no_friction,0
2d93d71d-b8e0-44ee-a49b-8e6f557bfd3e,5,81.0,mobile,email,1,0,1,0,1,0,1,0,0,1,0,price_shock,1
2da5eb8e-7432-4fc6-b49f-acccbb3ba232,2,10.0,mobile,paid_search,0,0,0,0,1,0,1,0,0,0,0,,1
2daf69dc-6659-4604-837c-62412e276aac,7,130.0,mobile,email,1,0,1,0,1,0,1,1,1,1,0,payment_failure,1
2db68522-be14-4eee-b016-d0be1e913daa,6,128.0,mobile,organic,1,0,1,0,0,1,1,1,0,1,0,no_friction,0
2dc4a1e4-88e4-4a01-be9f-0d9bfc6b952a,2,5.0,mobile,paid_search,0,0,0,0,1,0,1,0,0,0,0,,1
2dddbf89-8b62-4765-95e2-0cfa6c2a71cb,10,172.0,mobile,email,0,0,0,4,1,0,1,0,0,4,0,unclear_product_info,1
2de49631-bc99-4e13-a1d8-79321a53e131,2,12.0,tablet,social,0,0,0,0,1,0,1,0,0,0,0,,1
2de94ffa-e70c-44b0-bb15-be5c398d2d19,2,29.0,desktop,social,0,0,0,0,1,0,1,0,0,0,0,,1
2decc189-1598-4d6c-8f28-35d6f767b127,2,17.0,mobile,paid_search,0,0,0,0,1,0,1,0,0,0,0,,1
2df5b844-61e2-4d98-b004-d03af083d21b,2,14.0,mobile,social,0,0,0,0,1,0,1,0,0,0,0,,1
2dfe6b0c-0934-4e31-9d93-3620c441b1d6,6,112.0,desktop,social,1,0,1,0,0,1,1,1,0,1,0,no_friction,0
2e289f14-5c53-4686-b5ae-0f549537b95f,6,98.0,desktop,social,1,0,1,0,0,1,1,1,0,1,0,post_purchase_anxiety,0
2e29715a-0f9c-4e10-9ea0-577e274f437d,2,14.0,desktop,organic,0,0,0,0,1,0,1,0,0,0,0,,1
2e2aabfa-643f-411a-b8bb-2bf093d174d7,8,78.0,desktop,organic,0,0,0,0,1,0,4,0,0,0,3,poor_recommendations,1
2e2c224b-3022-4a95-a1de-0fa751d98085,2,11.0,mobile,organic,0,0,0,0,1,0,1,0,0,0,0,,1
2e2dc9f6-a62d-4ba4-85c5-e55fe2aa08f1,2,21.0,desktop,paid_search,0,0,0,0,1,0,1,0,0,0,0,,1
2e3227bb-cfb0-4166-97e1-347f744042ab,6,123.0,tablet,organic,1,0,1,0,0,1,1,1,0,1,0,no_friction,0
2e41bba5-b0c5-429e-a66c-287bc6b1e385,2,6.0,mobile,organic,0,0,0,0,1,0,1,0,0,0,0,,1
2e44c9a0-236b-4972-be05-d70b2b73113d,5,83.0,desktop,organic,1,0,1,0,1,0,1,0,0,1,0,price_shock,1
2e889e01-da31-4a42-8873-6979aa235599,2,15.0,desktop,organic,0,0,0,0,1,0,1,0,0,0,0,,1
2e898f70-68d4-4030-a09a-fc6fae0ad813,6,101.0,mobile,organic,1,0,1,0,0,1,1,1,0,1,0,no_friction,0
2e97a1d2-5f7c-4966-a186-4a1b12d50b42,6,82.0,desktop,organic,1,0,1,0,0,1,1,1,0,1,0,no_friction,0
2ea7b469-fee3-4a4a-9a55-5c5256670215,2,22.0,desktop,organic,0,0,0,0,1,0,1,0,0,0,0,,1
2eb772a0-8868-48e0-bc84-84bc1df447ea,2,24.0,mobile,email,0,0,0,0,1,0,1,0,0,0,0,,1
2ed449dd-3ffd-4f97-8b9f-dec8f6a52f71,2,27.0,desktop,organic,0,0,0,0,1,0,1,0,0,0,0,,1
2ed645e3-87fb-46dc-ab56-334a4210f64b,10,211.0,mobile,organic,0,0,0,4,1,0,1,0,0,4,0,unclear_product_info,1
2ee744cd-b988-4177-a220-d1327f735f4b,10,221.0,mobile,organic,0,0,0,4,1,0,1,0,0,4,0,unclear_product_info,1
2efd3615-8e8f-4c97-b4f6-6f18f1de972e,8,88.0,mobile,email,0,0,0,0,1,0,4,0,0,0,3,poor_recommendations,1
2f175727-68a9-4670-9193-f01ef829959c,2,20.0,desktop,email,0,0,0,0,1,0,1,0,0,0,0,,1
2f2bd504-c01d-4824-a417-084fddea7b87,6,102.0,mobile,social,1,0,1,0,0,1,1,1,0,1,0,no_friction,0
2f43937f-c0f8-4cb3-9558-9100147b6766,2,24.0,mobile,organic,0,0,0,0,1,0,1,0,0,0,0,,1
2f4aa7f9-7ff1-48a6-a335-7c0d1f06f8db,2,15.0,mobile,organic,0,0,0,0,1,0,1,0,0,0,0,,1
2f534e09-3f3e-4d75-ad52-68b744326947,2,6.0,mobile,organic,0,0,0,0,1,0,1,0,0,0,0,,1
2f54bfb8-9c14-4d53-9faf-4bac098522f3,2,21.0,mobile,direct,0,0,0,0,1,0,1,0,0,0,0,,1
2f70dcb5-6add-4d54-99b8-ca73f052081a,6,145.0,mobile,paid_search,1,0,1,0,0,1,1,1,0,1,0,no_friction,0
2f8f8351-f5b3-4b4c-9ea7-e238940eba9f,6,96.0,mobile,organic,1,0,1,0,0,1,1,1,0,1,0,no_friction,0
2fb4b0b7-a74d-4614-b40b-b1366a18c6ee,6,95.0,desktop,social,1,0,1,0,0,1,1,1,0,1,0,no_friction,0
2fba91c2-321e-4220-b404-12890b8b1e28,2,29.0,mobile,organic,0,0,0,0,1,0,1,0,0,0,0,,1
2fbcce49-3cd9-4f91-81cc-195440ddcf94,6,108.0,mobile,direct,1,0,1,0,0,1,1,1,0,1,0,no_friction,0
2fdbae8a-efa4-4f99-bbb8-00e59f105bec,2,13.0,desktop,organic,0,0,0,0,1,0,1,0,0,0,0,,1
2fdc0f7f-ae17-4fae-a5fe-3cb8af9a69f3,2,21.0,mobile,paid_search,0,0,0,0,1,0,1,0,0,0,0,,1
2fe37215-6208-4069-a3d7-5b4ef36afc7e,2,29.0,mobile,paid_search,0,0,0,0,1,0,1,0,0,0,0,,1
2ff34e2a-7fc9-4a14-9bbe-d4a9e7d09462,2,27.0,tablet,direct,0,0,0,0,1,0,1,0,0,0,0,,1
30040125-43e7-4482-b9a3-6f37dd1f9257,7,144.0,mobile,organic,1,0,1,0,1,0,1,1,1,1,0,payment_failure,1
300907e6-ca98-4263-989d-d3cad61eda8c,2,22.0,mobile,paid_search,0,0,0,0,1,0,1,0,0,0,0,,1
30161f2f-45c6-459c-b6ff-57f7d5052bc4,2,24.0,mobile,organic,0,0,0,0,1,0,1,0,0,0,0,,1
3018a02d-9e95-4bf3-a703-fe4ccd4b6544,6,114.0,desktop,social,1,0,1,0,0,1,1,1,0,1,0,no_friction,0
302964c5-452f-46d6-94f3-6c651896e308,6,84.0,mobile,paid_search,1,0,1,0,0,1,1,1,0,1,0,no_friction,0
302c1522-eac5-4da4-b3a2-85934e803b3d,6,80.0,desktop,organic,1,0,1,0,0,1,1,1,0,1,0,no_friction,0
302c75e1-612e-49f6-a5cc-07a48ca6f6d1,2,12.0,mobile,organic,0,0,0,0,1,0,1,0,0,0,0,,1
304e5dd5-71bd-4c84-98f2-49b15da2103f,8,93.0,tablet,paid_search,0,0,0,0,1,0,4,0,0,0,3,poor_recommendations,1
3055d360-c03a-4c91-9a08-95a56f459447,7,147.0,desktop,email,1,0,1,0,1,0,1,1,1,1,0,payment_failure,1
3062c313-9af8-486a-80f0-e50e7da10637,6,117.0,mobile,organic,1,0,1,0,0,1,1,1,0,1,0,no_friction,0
306e5f51-a3a8-421f-8b6e-528ebcc8aea9,6,99.0,desktop,email,1,0,1,0,0,1,1,1,0,1,0,no_friction,0
3070d0d1-4b48-4efd-8037-77fbc9a3bea0,2,29.0,mobile,paid_search,0,0,0,0,1,0,1,0,0,0,0,,1
307242f5-d153-465a-a88a-a6228cd4bbbb,2,17.0,mobile,direct,0,0,0,0,1,0,1,0,0,0,0,,1
3072f76e-c23a-4bda-b1ce-676133c1b031,2,17.0,mobile,direct,0,0,0,0,1,0,1,0,0,0,0,,1
30771462-b289-4404-8135-9627357cd948,6,143.0,mobile,organic,1,1,1,0,1,0,1,0,0,1,0,delivery_uncertainty,1
307b239b-fdd5-4550-b347-ef5d2c846631,2,25.0,mobile,paid_search,0,0,0,0,1,0,1,0,0,0,0,,1
30944347-b6e6-403f-98dc-391fafad73e0,2,10.0,tablet,direct,0,0,0,0,1,0,1,0,0,0,0,,1
30b35ec8-9502-4324-abd9-62043588313e,2,28.0,desktop,paid_search,0,0,0,0,1,0,1,0,0,0,0,,1
30bca1a4-c54a-44ec-aa7c-cd2bf3391112,2,9.0,desktop,organic,0,0,0,0,1,0,1,0,0,0,0,,1
30e8a1ee-24f0-452a-979a-db324437f9f2,10,209.0,mobile,paid_search,0,0,0,4,1,0,1,0,0,4,0,unclear_product_info,1
30ea17fb-173d-427e-ad24-b08230f5a556,5,82.0,mobile,social,1,0,1,0,1,0,1,0,0,1,0,price_shock,1
30f9a405-c7b2-47a5-bf78-decb8c5fc436,6,136.0,desktop,social,1,0,1,0,0,1,1,1,0,1,0,no_friction,0
30fd2272-d1b1-4f0f-b1ac-c416caf7227b,6,117.0,mobile,organic,1,0,1,0,0,1,1,1,0,1,0,no_friction,0
3103ddfa-7404-42cd-b0a9-c7dd3dc9a3e9,2,7.0,desktop,organic,0,0,0,0,1,0,1,0,0,0,0,,1
31156d19-d688-4ed8-b86a-3013a5e4a28a,2,7.0,tablet,organic,0,0,0,0,1,0,1,0,0,0,0,,1
311c8da3-4027-436b-809d-b18ae90c2039,6,108.0,mobile,organic,1,0,1,0,0,1,1,1,0,1,0,no_friction,0
311f2afa-be07-4f20-af51-4c1485cb0095,2,14.0,tablet,organic,0,0,0,0,1,0,1,0,0,0,0,,1
312baa59-ca7d-47c8-b53b-9a07dbe699ad,6,155.0,desktop,organic,1,1,1,0,1,0,1,0,0,1,0,delivery_uncertainty,1
31409949-5df5-4d97-b194-5ac7ec426c0c,2,15.0,mobile,organic,0,0,0,0,1,0,1,0,0,0,0,,1
314e3467-03da-41d5-84db-3e604c7c33bc,6,134.0,desktop,organic,1,0,1,0,0,1,1,1,0,1,0,no_friction,0
3157d4c4-7cd6-4e1d-90e1-d9a7bffba248,7,164.0,mobile,organic,1,0,1,0,1,0,1,1,1,1,0,payment_failure,1
3162aa00-9cd8-42c4-ad64-051fe9354189,6,132.0,mobile,paid_search,1,0,1,0,0,1,1,1,0,1,0,no_friction,0
31680d5e-3ddd-4e45-9faa-4f6ed4472c66,2,28.0,mobile,social,0,0,0,0,1,0,1,0,0,0,0,,1
318921f0-2a33-42c0-9d21-4509aee39dff,10,209.0,tablet,direct,0,0,0,4,1,0,1,0,0,4,0,unclear_product_info,1
319a5261-4477-43be-aee7-45ad4b1106f4,2,19.0,mobile,social,0,0,0,0,1,0,1,0,0,0,0,,1
31ae345e-84e0-4f25-ae9a-1574f771dc48,8,77.0,mobile,paid_search,0,0,0,0,1,0,4,0,0,0,3,poor_recommendations,1
31b77874-e7a1-4205-8415-66bfcc0b1b8e,6,95.0,desktop,paid_search,1,0,1,0,0,1,1,1,0,1,0,no_friction,0
31cbad86-bf20-4de5-876e-9147114e076a,6,79.0,mobile,paid_search,1,0,1,0,0,1,1,1,0,1,0,no_friction,0
31d1fb31-9597-4b66-93af-8c69461bfca6,2,26.0,desktop,social,0,0,0,0,1,0,1,0,0,0,0,,1
31ee14bc-5f22-4bb5-a91b-49c61b03aabb,10,152.0,desktop,organic,0,0,0,4,1,0,1,0,0,4,0,unclear_product_info,1
3206620f-ca0c-4cee-8aef-db26df232f6e,7,115.0,mobile,social,1,0,1,0,1,0,1,1,1,1,0,payment_failure,1
321546c3-e4a7-42a3-80bc-12a4ed1ac763,2,13.0,desktop,email,0,0,0,0,1,0,1,0,0,0,0,,1
3228f2f4-77a9-4317-8703-24f28d3728d4,6,86.0,desktop,email,1,0,1,0,0,1,1,1,0,1,0,no_friction,0
322b88ef-9526-4057-af45-098f1a4911d8,6,123.0,mobile,organic,1,0,1,0,0,1,1,1,0,1,0,no_friction,0
323b6406-cdc6-42fe-8f61-78c8262d36ba,6,107.0,mobile,email,1,0,1,0,0,1,1,1,0,1,0,no_friction,0
3241b567-ca9f-4c06-8929-baa7a86e7614,2,26.0,mobile,social,0,0,0,0,1,0,1,0,0,0,0,,1
324b1dd9-ee13-4b63-95de-cebd397075af,6,115.0,desktop,organic,1,0,1,0,0,1,1,1,0,1,0,no_friction,0
324f6475-7863-4568-a55b-d837bf597cef,6,104.0,mobile,organic,1,1,1,0,1,0,1,0,0,1,0,delivery_uncertainty,1
32563b73-4046-426b-aae3-de75b267935f,6,114.0,mobile,direct,1,0,1,0,0,1,1,1,0,1,0,no_friction,0
325bf514-3a29-4392-ae87-23978dfffac7,2,16.0,mobile,organic,0,0,0,0,1,0,1,0,0,0,0,,1
32689397-d6c2-4a76-bc26-2b147a350d60,6,112.0,tablet,paid_search,1,0,1,0,0,1,1,1,0,1,0,no_friction,0
326c01fd-9fde-48d1-bd62-a51cb90ba987,5,84.0,desktop,organic,1,0,1,0,1,0,1,0,0,1,0,price_shock,1
3273ef1f-83b9-49df-b91c-e118fe6e592d,2,21.0,mobile,organic,0,0,0,0,1,0,1,0,0,0,0,,1
3276920a-37f6-448a-be3e-9ee39f4bbf0f,2,5.0,mobile,organic,0,0,0,0,1,0,1,0,0,0,0,,1
3277481d-dc93-4761-b638-5f00d0466cf9,2,10.0,mobile,organic,0,0,0,0,1,0,1,0,0,0,0,,1
327d8505-5374-4e9c-acd4-49feaa7939d0,2,19.0,mobile,email,0,0,0,0,1,0,1,0,0,0,0,,1
3291a5e1-0711-4800-9abf-f18eb9c01811,2,19.0,mobile,organic,0,0,0,0,1,0,1,0,0,0,0,,1
32a3fa0c-04bb-43c5-bd55-6062e06bd2ab,2,12.0,mobile,direct,0,0,0,0,1,0,1,0,0,0,0,,1
32a910e6-31bc-4355-9968-15d7651b4250,2,11.0,desktop,paid_search,0,0,0,0,1,0,1,0,0,0,0,,1
32a99c69-78e8-4f10-ab5e-39370cc42339,5,56.0,mobile,paid_search,1,0,1,0,1,0,1,0,0,1,0,price_shock,1
32aae957-8b76-43c0-be9d-9550f260eac0,2,30.0,tablet,organic,0,0,0,0,1,0,1,0,0,0,0,,1
32bf9905-626d-4dc2-a4c2-2ac7af22f295,2,17.0,mobile,email,0,0,0,0,1,0,1,0,0,0,0,,1
32c19b8a-853f-43d5-89da-9e359e2f1487,2,13.0,desktop,organic,0,0,0,0,1,0,1,0,0,0,0,,1
32e1f4f3-ae7a-43af-aec1-4d5e088588f4,2,29.0,tablet,paid_search,0,0,0,0,1,0,1,0,0,0,0,,1
32f2efae-d3cf-4a4e-9892-f717f004eeaa,2,26.0,desktop,organic,0,0,0,0,1,0,1,0,0,0,0,,1
32fd9635-c4cf-4634-bceb-85046e3b8a7e,2,23.0,desktop,organic,0,0,0,0,1,0,1,0,0,0,0,,1
331d9bca-9186-46ed-a35b-21bd09e3f2a1,2,30.0,mobile,organic,0,0,0,0,1,0,1,0,0,0,0,,1
33200aba-63bf-4025-8cb0-6b0db2142acd,2,19.0,mobile,social,0,0,0,0,1,0,1,0,0,0,0,,1
33365192-4c37-4049-b9b6-ceb3d5d31a97,2,7.0,mobile,paid_search,0,0,0,0,1,0,1,0,0,0,0,,1
334318d7-9d1e-4d88-8179-9bb9511d57b7,2,8.0,mobile,organic,0,0,0,0,1,0,1,0,0,0,0,,1
335d665e-6ec5-44bc-a485-dbb01a05a4f5,2,21.0,desktop,organic,0,0,0,0,1,0,1,0,0,0,0,,1
3362cc47-0f68-4760-b2e8-13341060bd97,2,26.0,mobile,paid_search,0,0,0,0,1,0,1,0,0,0,0,,1
3370364d-d6fe-4de1-8d53-7ba387e2b0cb,2,15.0,mobile,organic,0,0,0,0,1,0,1,0,0,0,0,,1
337c0b76-5081-484c-a99a-cdeefdafc5f7,6,99.0,mobile,email,1,0,1,0,0,1,1,1,0,1,0,no_friction,0
339825d4-c7c0-493f-a4af-f535af410f0e,6,144.0,mobile,paid_search,1,0,1,0,0,1,1,1,0,1,0,no_friction,0
339cfed5-adc1-4e5d-bf38-5f64fdfe1dd1,6,125.0,desktop,paid_search,1,0,1,0,0,1,1,1,0,1,0,no_friction,0
33bbe53e-dfca-4814-bfef-3706d0a77781,2,24.0,mobile,social,0,0,0,0,1,0,1,0,0,0,0,,1
33d08b77-130c-4521-8fda-03f2b70f6856,8,95.0,desktop,social,0,0,0,0,1,0,4,0,0,0,3,poor_recommendations,1
33d37d28-a76e-4799-8b83-e6a843b9e058,2,18.0,desktop,organic,0,0,0,0,1,0,1,0,0,0,0,,1
33d9e7e3-8629-4e49-83e4-c34dd983d9ab,2,28.0,desktop,organic,0,0,0,0,1,0,1,0,0,0,0,,1
33e9cc21-a415-4fbe-b450-6e550a7a1570,2,28.0,desktop,paid_search,0,0,0,0,1,0,1,0,0,0,0,,1
33ef7e08-256f-4bda-ac9d-2ac27bba050b,6,108.0,desktop,social,1,0,1,0,0,1,1,1,0,1,0,no_friction,0
33f34dc5-3a1e-4f22-96e1-8d0b705cab21,6,110.0,mobile,paid_search,1,0,1,0,0,1,1,1,0,1,0,post_purchase_anxiety,0
3403ac42-3cc2-4431-85ad-0e73c5cd5c1a,2,15.0,tablet,social,0,0,0,0,1,0,1,0,0,0,0,,1
3406a44f-71d5-4e62-b4f0-737bea87dd3d,2,15.0,mobile,social,0,0,0,0,1,0,1,0,0,0,0,,1
340cbb0a-185d-4b51-a669-924996ccb255,6,92.0,tablet,paid_search,1,0,1,0,0,1,1,1,0,1,0,no_friction,0
341454bc-80d1-4030-94dd-1645d825c0f5,10,223.0,desktop,paid_search,0,0,0,4,1,0,1,0,0,4,0,unclear_product_info,1
3419a3ac-4349-4bc3-bfc8-16ec7a28108f,10,183.0,tablet,direct,0,0,0,4,1,0,1,0,0,4,0,unclear_product_info,1
3430e20d-b624-4a4f-a840-24b2979ea718,2,10.0,desktop,social,0,0,0,0,1,0,1,0,0,0,0,,1
3430f798-22c1-4419-b6d7-139600e59994,2,23.0,mobile,organic,0,0,0,0,1,0,1,0,0,0,0,,1
3438279f-4710-40ff-976a-bdf35e482ed6,2,9.0,mobile,organic,0,0,0,0,1,0,1,0,0,0,0,,1
345f35b7-fed3-4376-862d-b67b15f78fab,6,119.0,desktop,organic,1,0,1,0,0,1,1,1,0,1,0,no_friction,0
3463a363-ce6a-43bd-b34c-f315ea7b410f,2,26.0,mobile,social,0,0,0,0,1,0,1,0,0,0,0,,1
346e5652-2294-4b24-953b-e0472a2944e6,2,17.0,desktop,organic,0,0,0,0,1,0,1,0,0,0,0,,1
3473f714-f361-4117-bbff-9079c9e5cb41,7,142.0,mobile,email,1,0,1,0,1,0,1,1,1,1,0,payment_failure,1
3493b9c4-01dd-41e7-8774-f0ea6ea47dff,2,20.0,mobile,paid_search,0,0,0,0,1,0,1,0,0,0,0,,1
349907d1-458a-420b-85bb-bff17887adec,6,89.0,mobile,social,1,0,1,0,0,1,1,1,0,1,0,no_friction,0
34cffbb7-e07c-47da-ac08-6f99183fd0a2,6,120.0,mobile,organic,1,0,1,0,0,1,1,1,0,1,0,no_friction,0
34e0a44e-f4d1-4219-afe8-a187e6dfe2c2,2,26.0,mobile,social,0,0,0,0,1,0,1,0,0,0,0,,1
3511ca21-6338-4d65-8ec9-6c7c42690ba7,2,5.0,mobile,paid_search,0,0,0,0,1,0,1,0,0,0,0,,1
3537a882-4c0a-48e8-8e73-f43ecbd46b74,2,6.0,desktop,organic,0,0,0,0,1,0,1,0,0,0,0,,1
353d99d3-3190-4105-a5ab-1b9ebd7dd8a0,2,9.0,mobile,social,0,0,0,0,1,0,1,0,0,0,0,,1
354aa7ab-0240-4ef7-8efc-2d812b04abcd,8,114.0,mobile,social,0,0,0,0,1,0,4,0,0,0,3,poor_recommendations,1
3557588e-0c9f-4d5b-b55c-53ecd615abe1,6,95.0,mobile,social,1,0,1,0,0,1,1,1,0,1,0,no_friction,0
357173a9-3faa-4a7a-8a3e-7824607e1893,2,16.0,mobile,direct,0,0,0,0,1,0,1,0,0,0,0,,1
35794b5e-e1f4-425f-91dd-407a998d0708,7,150.0,tablet,organic,1,0,1,0,1,0,1,1,1,1,0,payment_failure,1
35849e6b-9cdd-463f-85b3-ae44f6157aaa,2,25.0,mobile,organic,0,0,0,0,1,0,1,0,0,0,0,,1
35927cdb-ed08-4d7f-8bb7-d65dcc66b733,5,91.0,desktop,paid_search,1,0,1,0,1,0,1,0,0,1,0,price_shock,1
35960cae-8f13-4923-8f19-c56b3e112c5e,2,27.0,desktop,organic,0,0,0,0,1,0,1,0,0,0,0,,1
359b273b-58d6-4a15-963a-6841ac6a3af3,6,107.0,mobile,organic,1,0,1,0,0,1,1,1,0,1,0,no_friction,0
359d6f88-4b30-4b44-979f-8c5875b502f9,6,90.0,mobile,organic,1,0,1,0,0,1,1,1,0,1,0,no_friction,0
359e85cf-94fe-479c-aee3-92567ba283b3,6,132.0,mobile,organic,1,0,1,0,0,1,1,1,0,1,0,no_friction,0
35a50547-8eb3-4b0b-bd04-644ba711962c,7,137.0,mobile,organic,1,0,1,0,1,0,1,1,1,1,0,payment_failure,1
35c77fe4-2603-4c15-8ca9-f88826bdece3,6,133.0,mobile,direct,1,0,1,0,0,1,1,1,0,1,0,no_friction,0
35dbff2e-24fc-4356-ac7b-1c793beb31bf,2,29.0,desktop,direct,0,0,0,0,1,0,1,0,0,0,0,,1
35deab4b-6af6-4b60-aab3-bf1c8138bdd6,6,77.0,mobile,organic,1,0,1,0,0,1,1,1,0,1,0,no_friction,0
35e1de7e-157a-46a4-99eb-9fdd93538cca,2,24.0,tablet,paid_search,0,0,0,0,1,0,1,0,0,0,0,,1
35e6d3b1-ffe1-4ca5-a87c-4df865da6267,6,136.0,mobile,paid_search,1,0,1,0,0,1,1,1,0,1,0,no_friction,0
35ee6637-effd-404e-b5f0-d76f4dcd9177,8,107.0,mobile,direct,0,0,0,0,1,0,4,0,0,0,3,poor_recommendations,1
3616aee4-46dd-4995-aea3-dd8b99eb8c1d,8,83.0,mobile,social,0,0,0,0,1,0,4,0,0,0,3,poor_recommendations,1
36177047-0766-4e20-8f4c-8634da08bfdd,7,166.0,mobile,paid_search,1,0,1,0,1,0,1,1,1,1,0,payment_failure,1
3645a13e-a94d-460b-9766-112e91c5b3b9,7,118.0,desktop,social,1,0,1,0,1,0,1,1,1,1,0,payment_failure,1
364fd7a2-35d0-4f4f-b9c8-30a2f7db2251,2,5.0,mobile,direct,0,0,0,0,1,0,1,0,0,0,0,,1
36669246-4878-4ffe-92fc-28a022fb011e,2,16.0,tablet,social,0,0,0,0,1,0,1,0,0,0,0,,1
3668dfc1-5326-43f4-a9b6-a1f8178cf0e2,5,66.0,mobile,email,1,0,1,0,1,0,1,0,0,1,0,price_shock,1
367b8fb2-71d1-4bf9-81cc-ea81d5846230,2,10.0,mobile,organic,0,0,0,0,1,0,1,0,0,0,0,,1
36815961-11e1-4a1d-9f3a-414c2c4ead94,2,14.0,mobile,social,0,0,0,0,1,0,1,0,0,0,0,,1
3687b9aa-b29b-44ae-8396-25c84806a84d,2,30.0,mobile,direct,0,0,0,0,1,0,1,0,0,0,0,,1
368e3189-3dd5-4b12-b1cf-d118cc1dcd88,8,94.0,mobile,paid_search,0,0,0,0,1,0,4,0,0,0,3,poor_recommendations,1
3697b68a-9948-4888-a1c5-3785abf6c30e,6,111.0,tablet,organic,1,0,1,0,0,1,1,1,0,1,0,no_friction,0
36a444f0-7b6d-4ec8-962d-8b216151d07a,2,12.0,mobile,social,0,0,0,0,1,0,1,0,0,0,0,,1
36bd06db-3fb6-4cc2-b3b7-1534923c8656,6,109.0,mobile,paid_search,1,0,1,0,0,1,1,1,0,1,0,no_friction,0
36d30891-93b6-4eb1-a755-04ac41dad2c8,6,130.0,mobile,organic,1,0,1,0,0,1,1,1,0,1,0,no_friction,0
36dd0a8c-56d7-47b3-856f-8a100cab682e,6,102.0,desktop,paid_search,1,0,1,0,0,1,1,1,0,1,0,no_friction,0
36e2a47e-8271-45bd-ade4-f621b5575f42,6,87.0,mobile,social,1,0,1,0,0,1,1,1,0,1,0,no_friction,0
36e7552e-c207-4c35-baf9-2e81a06f613e,2,20.0,mobile,social,0,0,0,0,1,0,1,0,0,0,0,,1
36e95f33-9dbf-498b-9c49-3539e6cd37b1,2,8.0,desktop,paid_search,0,0,0,0,1,0,1,0,0,0,0,,1
36f4c9e6-0eaf-4361-be6e-4a2a8c58429d,2,20.0,desktop,direct,0,0,0,0,1,0,1,0,0,0,0,,1
36f7897e-ecfe-4dd5-9d88-ac4a91022e2a,2,14.0,mobile,organic,0,0,0,0,1,0,1,0,0,0,0,,1
370587c6-7fe3-4518-ace6-aea898f98b9c,6,140.0,mobile,paid_search,1,0,1,0,0,1,1,1,0,1,0,post_purchase_anxiety,0
3714bf05-eac0-471a-88be-cdd5729fea92,6,123.0,mobile,social,1,0,1,0,0,1,1,1,0,1,0,no_friction,0
3719e23b-9a56-4f47-8c71-ad4a7ab9f549,10,198.0,desktop,email,0,0,0,4,1,0,1,0,0,4,0,unclear_product_info,1
372c45fc-7122-4062-b1de-980e0ac3c83f,2,14.0,mobile,social,0,0,0,0,1,0,1,0,0,0,0,,1
3735a8ff-8948-46f6-977e-a7fcc8b6b72a,10,221.0,mobile,organic,0,0,0,4,1,0,1,0,0,4,0,unclear_product_info,1
3757de53-fac3-4e6f-8311-0155425ab71b,2,21.0,mobile,organic,0,0,0,0,1,0,1,0,0,0,0,,1
3767a727-31e7-4529-8711-13f45f86b0e3,6,110.0,desktop,organic,1,0,1,0,0,1,1,1,0,1,0,no_friction,0
37726e79-4ac9-4617-92d7-ff86149127a3,6,96.0,desktop,paid_search,1,1,1,0,1,0,1,0,0,1,0,delivery_uncertainty,1
3779d3da-f3aa-444b-a94d-292772aec47e,2,27.0,mobile,direct,0,0,0,0,1,0,1,0,0,0,0,,1
37819e89-4d3c-45b0-8841-aa1216090315,8,104.0,desktop,social,0,0,0,0,1,0,4,0,0,0,3,poor_recommendations,1
379f54ca-1f1b-4ac4-9b12-2539fe17c466,2,28.0,mobile,paid_search,0,0,0,0,1,0,1,0,0,0,0,,1
37a935c5-c342-458f-a14e-83d7bedd9907,2,20.0,desktop,paid_search,0,0,0,0,1,0,1,0,0,0,0,,1
37aa2bb6-b54a-43ee-91ad-f54d69f0073b,2,6.0,mobile,organic,0,0,0,0,1,0,1,0,0,0,0,,1
37af4719-fa29-4a95-95ed-ef6ef9130e5c,5,78.0,mobile,organic,1,0,1,0,1,0,1,0,0,1,0,price_shock,1
37d1da96-8dcd-4ff6-a1dd-634fb89e1742,2,18.0,mobile,paid_search,0,0,0,0,1,0,1,0,0,0,0,,1
37dfac64-18fc-4bdc-a628-b7c4c5bc0267,2,30.0,mobile,organic,0,0,0,0,1,0,1,0,0,0,0,,1
37e82974-cfcd-4143-b289-a46a7a0aa17b,2,23.0,desktop,organic,0,0,0,0,1,0,1,0,0,0,0,,1
380ab010-949f-4add-b3cc-ac51fd4d8e54,7,108.0,desktop,organic,1,0,1,0,1,0,1,1,1,1,0,payment_failure,1
381d49f6-ad7a-43c9-8f4a-1f430c300863,6,85.0,tablet,direct,1,0,1,0,0,1,1,1,0,1,0,no_friction,0
381ffd37-f1aa-460f-a83a-5548a5418862,2,24.0,mobile,email,0,0,0,0,1,0,1,0,0,0,0,,1
38309c5d-b32e-442f-b43d-f6ac1347d04f,6,131.0,desktop,email,1,0,1,0,0,1,1,1,0,1,0,no_friction,0
38492db2-61a2-48a1-98ac-234fea3b180e,2,9.0,tablet,paid_search,0,0,0,0,1,0,1,0,0,0,0,,1
384b010c-3b20-439c-97ae-72a1e0d82e94,6,105.0,tablet,direct,1,0,1,0,0,1,1,1,0,1,0,no_friction,0
385686a1-d997-44c7-a155-09b69f0ac263,2,28.0,desktop,paid_search,0,0,0,0,1,0,1,0,0,0,0,,1
38737764-8342-4f18-83bb-c5015f0c92a8,2,12.0,tablet,social,0,0,0,0,1,0,1,0,0,0,0,,1
389b423c-c388-476a-8d65-5c11152faf41,7,144.0,mobile,paid_search,1,0,1,0,1,0,1,1,1,1,0,payment_failure,1
38b5824a-53c4-405b-bbd8-54204e09b650,2,5.0,mobile,organic,0,0,0,0,1,0,1,0,0,0,0,,1
38c0db8e-663e-4d8f-b4e4-104577e539cd,2,18.0,mobile,social,0,0,0,0,1,0,1,0,0,0,0,,1
38caef7f-956d-4312-9732-3469adfd4327,5,107.0,mobile,direct,1,0,1,0,1,0,1,0,0,1,0,price_shock,1
38ccb8ca-3271-4485-98de-686a8ccb5116,2,28.0,desktop,paid_search,0,0,0,0,1,0,1,0,0,0,0,,1
38d07bee-eaf7-40b8-9036-ceb37237225f,8,112.0,mobile,paid_search,0,0,0,0,1,0,4,0,0,0,3,poor_recommendations,1
38e8465e-f7a0-4e1e-8260-08be696d1df9,6,100.0,mobile,email,1,0,1,0,0,1,1,1,0,1,0,no_friction,0
38ec3de9-e0aa-42ea-adff-8a3f1dea2f98,2,15.0,mobile,organic,0,0,0,0,1,0,1,0,0,0,0,,1
38ef9753-c77f-4225-884f-4e2f1908cc10,6,104.0,desktop,direct,1,0,1,0,0,1,1,1,0,1,0,no_friction,0
38f06b3d-dd30-491c-bc96-8a6b94a340d8,6,118.0,desktop,email,1,0,1,0,0,1,1,1,0,1,0,no_friction,0
38f51bc2-c897-4082-bc6d-86152969b7fd,2,23.0,mobile,email,0,0,0,0,1,0,1,0,0,0,0,,1
390de869-7d7d-4407-b179-07764081b963,2,20.0,tablet,organic,0,0,0,0,1,0,1,0,0,0,0,,1
392429ac-4c47-4570-8e6f-c0f213b30314,10,278.0,tablet,paid_search,0,0,0,4,1,0,1,0,0,4,0,unclear_product_info,1
392c22b2-1c95-448b-842f-b346a7a49f18,2,29.0,desktop,paid_search,0,0,0,0,1,0,1,0,0,0,0,,1
393351dd-82ff-42b0-a1b8-f8acd525e0f8,6,71.0,tablet,organic,1,0,1,0,0,1,1,1,0,1,0,no_friction,0
39415a81-46a4-4e4d-b7af-9e07b82dfb24,6,128.0,desktop,organic,1,0,1,0,0,1,1,1,0,1,0,no_friction,0
39489b85-da27-4baf-b52e-7acb0c33d92c,2,16.0,mobile,paid_search,0,0,0,0,1,0,1,0,0,0,0,,1
39557968-ddd5-4ed5-88e9-fe7f30de1640,6,81.0,mobile,paid_search,1,0,1,0,0,1,1,1,0,1,0,post_purchase_anxiety,0
395f7beb-4fc2-4c65-bf23-62f1a02d42d8,7,106.0,mobile,email,1,0,1,0,1,0,1,1,1,1,0,payment_failure,1
3960230d-2477-44b5-acc2-de277e997b3d,5,64.0,mobile,paid_search,1,0,1,0,1,0,1,0,0,1,0,price_shock,1
398caca8-ff6e-4706-acc3-0081e5d49740,2,20.0,desktop,organic,0,0,0,0,1,0,1,0,0,0,0,,1
398e75d9-438a-413b-b9d1-1a20ce907cd8,10,187.0,mobile,paid_search,0,0,0,4,1,0,1,0,0,4,0,unclear_product_info,1
398fccff-2dc5-4f11-bf4d-42f9691ff336,6,89.0,tablet,social,1,0,1,0,0,1,1,1,0,1,0,post_purchase_anxiety,0
3994cb38-77af-4eec-91c0-6144bb66ba38,8,117.0,mobile,direct,0,0,0,0,1,0,4,0,0,0,3,poor_recommendations,1
39a0f334-16fe-4ce7-8692-c9e5074981ba,6,121.0,mobile,social,1,0,1,0,0,1,1,1,0,1,0,no_friction,0
39b41ed4-fec5-4da2-96cb-51d8e4b95cc4,6,114.0,mobile,direct,1,0,1,0,0,1,1,1,0,1,0,no_friction,0
39b6bf09-e838-47fa-8de8-9708157f2fa2,2,25.0,mobile,email,0,0,0,0,1,0,1,0,0,0,0,,1
39c875ac-434d-4531-b586-59a3ec4147e9,6,121.0,mobile,organic,1,0,1,0,0,1,1,1,0,1,0,no_friction,0
39daba36-19e8-4b7b-807a-f96b25ef107f,2,26.0,desktop,social,0,0,0,0,1,0,1,0,0,0,0,,1
39e3f34b-ed8e-487a-ac6a-7c9bb064bc4a,2,13.0,tablet,email,0,0,0,0,1,0,1,0,0,0,0,,1
39ee3d0e-3e38-4846-972e-b6349dc766e7,6,144.0,mobile,organic,1,0,1,0,0,1,1,1,0,1,0,no_friction,0
39fb924a-f6a6-4732-b599-c67b0ac60f27,10,170.0,desktop,organic,0,0,0,4,1,0,1,0,0,4,0,unclear_product_info,1
39fca88c-6448-4b7e-a6b2-3faa879ef01d,6,90.0,desktop,social,1,0,1,0,0,1,1,1,0,1,0,no_friction,0
3a071a47-ecc6-4c46-a194-e5726c7dc1cc,7,131.0,desktop,organic,1,0,1,0,1,0,1,1,1,1,0,payment_failure,1
3a07ff97-4b36-4d58-a9fb-f1922e59d826,2,18.0,tablet,organic,0,0,0,0,1,0,1,0,0,0,0,,1
3a0c2083-e81b-4215-ab57-0dc87a5b6207,6,109.0,desktop,paid_search,1,0,1,0,0,1,1,1,0,1,0,no_friction,0
3a0c7c2c-5087-46e8-bb5a-14ab3cfb2ff3,6,110.0,mobile,social,1,0,1,0,0,1,1,1,0,1,0,no_friction,0
3a288d01-3c7d-4bc4-8cf3-3ebf83be7d78,2,25.0,mobile,paid_search,0,0,0,0,1,0,1,0,0,0,0,,1
3a5037a6-bf28-482d-8c9e-b9f3d9adaf0b,6,102.0,mobile,email,1,1,1,0,1,0,1,0,0,1,0,delivery_uncertainty,1
3a6d66d9-70c5-4004-9326-f62df801361f,6,97.0,mobile,paid_search,1,0,1,0,0,1,1,1,0,1,0,no_friction,0
3a73b409-5690-42c2-ac91-bbd3c28d3b3e,6,111.0,mobile,paid_search,1,0,1,0,0,1,1,1,0,1,0,no_friction,0
3aa5259a-a4ad-4dc0-9327-b9d4b459a7c3,2,6.0,mobile,organic,0,0,0,0,1,0,1,0,0,0,0,,1
3aabcd36-d70d-478d-bfea-9a0d4e37a265,10,248.0,desktop,email,0,0,0,4,1,0,1,0,0,4,0,unclear_product_info,1
3ac09862-87a6-44ef-894b-081dcc64ad76,2,16.0,desktop,organic,0,0,0,0,1,0,1,0,0,0,0,,1
3ac74e02-51c5-4fd5-8da9-c4e8903c3aa1,2,25.0,mobile,social,0,0,0,0,1,0,1,0,0,0,0,,1
3ac81d02-8ac4-431b-ad39-de76f610737f,2,22.0,tablet,social,0,0,0,0,1,0,1,0,0,0,0,,1
3ad025b8-ae0b-4884-8f07-da194a963dcb,2,15.0,desktop,direct,0,0,0,0,1,0,1,0,0,0,0,,1
3ad2ace6-bebc-4c63-859d-445f6b7e3850,2,30.0,mobile,social,0,0,0,0,1,0,1,0,0,0,0,,1
3adce8c7-d707-49a3-9f6e-5905e02f047e,6,99.0,mobile,email,1,0,1,0,0,1,1,1,0,1,0,no_friction,0
3aef7771-2529-4dc3-b56b-ffb461db96e9,2,25.0,desktop,direct,0,0,0,0,1,0,1,0,0,0,0,,1
3afaf933-57ef-4b1f-ba54-206a584530ac,6,112.0,desktop,email,1,0,1,0,0,1,1,1,0,1,0,post_purchase_anxiety,0
3afd5c77-7e20-476d-8379-bdb0830e4d2d,10,158.0,mobile,social,0,0,0,4,1,0,1,0,0,4,0,unclear_product_info,1
3b0d4a07-7e75-4002-b6bf-fda4ec7e90e7,2,9.0,mobile,social,0,0,0,0,1,0,1,0,0,0,0,,1
3b14417e-3cbc-46e6-add9-ad05e1081d2b,2,21.0,desktop,organic,0,0,0,0,1,0,1,0,0,0,0,,1
3b146055-1da0-440f-a9a9-7d32af825ae5,8,100.0,desktop,organic,0,0,0,0,1,0,4,0,0,0,3,poor_recommendations,1
3b15fb11-efe9-4249-9bdf-075b672d1d11,2,7.0,mobile,direct,0,0,0,0,1,0,1,0,0,0,0,,1
3b1e5b6a-680a-49bc-b8b3-4ab3bc76a344,5,88.0,mobile,organic,1,0,1,0,1,0,1,0,0,1,0,price_shock,1
3b267d8e-3df7-4bd8-a229-7192c475f6d2,5,57.0,mobile,social,1,0,1,0,1,0,1,0,0,1,0,price_shock,1
3b2b4668-335b-42dd-ade1-2fa55a179aa9,2,11.0,mobile,social,0,0,0,0,1,0,1,0,0,0,0,,1
3b40862d-41fe-465f-885f-c689718382d9,10,216.0,mobile,social,0,0,0,4,1,0,1,0,0,4,0,unclear_product_info,1
3b4197fd-3f9f-4268-b740-a3e53d07c9ff,2,27.0,desktop,organic,0,0,0,0,1,0,1,0,0,0,0,,1
3b4702f8-22fa-419f-93e0-10d7d9402894,2,17.0,mobile,organic,0,0,0,0,1,0,1,0,0,0,0,,1
3b5584ae-30b9-4a7a-9940-cbde2cf4024f,6,103.0,mobile,organic,1,1,1,0,1,0,1,0,0,1,0,delivery_uncertainty,1
3b5af804-b1eb-49e8-b3ce-789953e39116,6,101.0,mobile,organic,1,0,1,0,0,1,1,1,0,1,0,no_friction,0
3b5fd181-344a-402b-ba8c-2ec110301a8e,2,14.0,mobile,direct,0,0,0,0,1,0,1,0,0,0,0,,1
3b706688-c03e-4854-aca2-bd3f0544ed1d,2,17.0,mobile,social,0,0,0,0,1,0,1,0,0,0,0,,1
3b727317-1224-4738-98b7-01d7397dcc33,10,235.0,mobile,direct,0,0,0,4,1,0,1,0,0,4,0,unclear_product_info,1
3b75d24c-6f77-4132-ac62-e82f18921496,2,18.0,desktop,social,0,0,0,0,1,0,1,0,0,0,0,,1
3b8224ad-7f22-4126-aef6-2e391ef5f0de,8,86.0,desktop,organic,0,0,0,0,1,0,4,0,0,0,3,poor_recommendations,1
3b859c4c-3650-4bd1-8370-32c84538b85c,2,25.0,tablet,social,0,0,0,0,1,0,1,0,0,0,0,,1
3b86544b-d8dc-416c-bcfb-ab8ba602122a,8,113.0,mobile,direct,0,0,0,0,1,0,4,0,0,0,3,poor_recommendations,1
3b97245f-c84b-4b71-bc89-4c38e194449a,2,29.0,tablet,email,0,0,0,0,1,0,1,0,0,0,0,,1
3bb73caa-3c44-4954-80f6-b88eb59e7711,6,111.0,tablet,organic,1,0,1,0,0,1,1,1,0,1,0,no_friction,0
3bc12da7-f0b4-41bc-9a80-e675905d347e,6,106.0,desktop,paid_search,1,0,1,0,0,1,1,1,0,1,0,no_friction,0
3bd270f0-730b-40f8-8f6e-c315cf3f917d,6,109.0,desktop,organic,1,0,1,0,0,1,1,1,0,1,0,no_friction,0
3bde3167-d851-4571-a9b0-b8c84139d85e,2,7.0,mobile,paid_search,0,0,0,0,1,0,1,0,0,0,0,,1
3be69e30-4e58-4ad4-b185-98bbe8965791,6,110.0,mobile,organic,1,0,1,0,0,1,1,1,0,1,0,no_friction,0
3bf4d9c5-3603-4786-9ff6-35e71f10f7b0,5,101.0,mobile,organic,1,0,1,0,1,0,1,0,0,1,0,price_shock,1
3bfd3003-fa1f-453e-905f-ae9987699cd8,8,82.0,tablet,organic,0,0,0,0,1,0,4,0,0,0,3,poor_recommendations,1
3c00fbe7-fe7a-4997-bf58-260523f5b9a3,10,213.0,mobile,organic,0,0,0,4,1,0,1,0,0,4,0,unclear_product_info,1
3c04b181-5f13-4933-bae0-def10fc79cf4,6,78.0,tablet,social,1,0,1,0,0,1,1,1,0,1,0,no_friction,0
3c0505b9-0e56-4938-8379-a9055964061f,6,106.0,desktop,social,1,0,1,0,0,1,1,1,0,1,0,no_friction,0
3c15875f-393e-4961-a3f3-4943a51b610e,5,94.0,mobile,organic,1,0,1,0,1,0,1,0,0,1,0,price_shock,1
3c167e2f-d1d5-4446-9a9e-c2b0b6536a63,2,10.0,mobile,direct,0,0,0,0,1,0,1,0,0,0,0,,1
3c2b012c-3cde-4207-8011-f76c72b1e813,6,90.0,mobile,organic,1,0,1,0,0,1,1,1,0,1,0,no_friction,0
3c3149dd-080d-4b3a-9769-b22ea14ffe1c,2,23.0,desktop,organic,0,0,0,0,1,0,1,0,0,0,0,,1
3c5bfdea-70c9-411b-be95-97f14de856d0,2,21.0,mobile,paid_search,0,0,0,0,1,0,1,0,0,0,0,,1
3c5f6bd8-71e8-481a-b7d9-b9e9c2a92140,6,88.0,mobile,paid_search,1,0,1,0,0,1,1,1,0,1,0,post_purchase_anxiety,0
3c76e0d8-d227-4318-993e-587e4066aa0d,2,16.0,tablet,paid_search,0,0,0,0,1,0,1,0,0,0,0,,1
3ca2ee50-2da1-4442-89e5-f0377c94f749,6,116.0,tablet,organic,1,0,1,0,0,1,1,1,0,1,0,no_friction,0
3cb94cf0-c3c1-4060-9c9a-2c4b0f37996a,2,28.0,mobile,direct,0,0,0,0,1,0,1,0,0,0,0,,1
3cc31f5a-7c19-46fa-a3b7-749f05f26b2f,2,23.0,mobile,social,0,0,0,0,1,0,1,0,0,0,0,,1
3cc4f2cf-7942-486b-9fd0-a7385840fc6a,2,10.0,mobile,paid_search,0,0,0,0,1,0,1,0,0,0,0,,1
3cc6c032-6d45-422f-bbf1-e4497a140447,6,108.0,mobile,organic,1,0,1,0,0,1,1,1,0,1,0,no_friction,0
3cd3d648-907e-4573-8cd4-fcf5ce29c491,2,11.0,mobile,direct,0,0,0,0,1,0,1,0,0,0,0,,1
3ce46d79-e4d6-4958-9990-170f8f7e21a5,2,26.0,desktop,social,0,0,0,0,1,0,1,0,0,0,0,,1
3ce7a0c5-e81c-4420-8a17-2ef3e645fc68,2,7.0,mobile,direct,0,0,0,0,1,0,1,0,0,0,0,,1
3cfd6bea-6bb4-46e9-b718-223656aaf269,6,88.0,mobile,organic,1,0,1,0,0,1,1,1,0,1,0,post_purchase_anxiety,0
3d034116-4c75-403c-bda2-ff77218b672a,2,26.0,desktop,social,0,0,0,0,1,0,1,0,0,0,0,,1
3d03744e-4e9f-44c1-9d3d-167e6ab2c234,6,84.0,mobile,direct,1,0,1,0,0,1,1,1,0,1,0,no_friction,0
3d1bf862-b2c2-4985-85d3-c5cdae701626,6,115.0,mobile,paid_search,1,0,1,0,0,1,1,1,0,1,0,post_purchase_anxiety,0
3d1f7c73-e9a7-4e57-ac94-78582a3e43b9,2,24.0,mobile,paid_search,0,0,0,0,1,0,1,0,0,0,0,,1
3d276f8c-ac2a-4c65-b790-d7bf8d103543,2,21.0,mobile,social,0,0,0,0,1,0,1,0,0,0,0,,1
3d30169c-82f2-41d6-920a-a9ac768d7cef,8,103.0,mobile,social,0,0,0,0,1,0,4,0,0,0,3,poor_recommendations,1
3d34ab2c-26e1-4138-a02d-09d4075d38c0,2,6.0,tablet,paid_search,0,0,0,0,1,0,1,0,0,0,0,,1
3d4badac-ec56-40c9-ac84-62b928788940,2,30.0,tablet,social,0,0,0,0,1,0,1,0,0,0,0,,1
3d51c3cc-305e-4682-985f-bc7ec0947bcc,7,145.0,desktop,organic,1,0,1,0,1,0,1,1,1,1,0,payment_failure,1
3d57cf75-f4a0-4c09-ad9e-91aab8b73250,6,143.0,mobile,organic,1,1,1,0,1,0,1,0,0,1,0,delivery_uncertainty,1
3d637da4-5bc0-4d6b-a39b-1fce0f67f0ef,2,26.0,mobile,organic,0,0,0,0,1,0,1,0,0,0,0,,1
3d7b191a-b8e9-4ab1-b9ce-835926c17ecf,6,97.0,mobile,organic,1,1,1,0,1,0,1,0,0,1,0,delivery_uncertainty,1
3d9a4d6d-26c6-4a6f-8339-d86d5ca26882,6,122.0,mobile,direct,1,0,1,0,0,1,1,1,0,1,0,post_purchase_anxiety,0
3dc1f42e-7d93-4944-b880-e2b70d0dbce2,2,25.0,tablet,email,0,0,0,0,1,0,1,0,0,0,0,,1
3dc4473a-1762-45ce-b79d-3a459328506e,2,9.0,mobile,organic,0,0,0,0,1,0,1,0,0,0,0,,1
3dcbe87a-e0fe-4006-b80e-ebafaa56eca0,6,91.0,desktop,paid_search,1,0,1,0,0,1,1,1,0,1,0,no_friction,0
3de5dc0e-96de-41b0-99de-e650f07718e9,2,16.0,desktop,organic,0,0,0,0,1,0,1,0,0,0,0,,1
3df6e9b3-9a78-4134-bc74-9a4e04dfcd88,8,98.0,mobile,paid_search,0,0,0,0,1,0,4,0,0,0,3,poor_recommendations,1
3df81b5e-07c6-4170-91d2-556632229a6f,2,9.0,desktop,direct,0,0,0,0,1,0,1,0,0,0,0,,1
3e1311ee-a7a1-47aa-8858-43069b8ead09,6,66.0,mobile,email,1,0,1,0,0,1,1,1,0,1,0,no_friction,0
3e1bf526-7750-469a-b873-464630836fd9,5,75.0,desktop,email,1,0,1,0,1,0,1,0,0,1,0,price_shock,1
3e1d6924-c5a4-45ff-ae68-c0f45d225e9d,7,133.0,tablet,social,1,0,1,0,1,0,1,1,1,1,0,payment_failure,1
3e22dab8-6850-4228-986d-1f3d85432053,2,13.0,mobile,organic,0,0,0,0,1,0,1,0,0,0,0,,1
3e279f08-0e4d-44f6-972e-5a4ceda60ed1,6,113.0,desktop,social,1,0,1,0,0,1,1,1,0,1,0,no_friction,0
3e3db45d-58a4-4e60-81fe-20c941d6a958,2,8.0,mobile,paid_search,0,0,0,0,1,0,1,0,0,0,0,,1
3e48ed8d-fd85-4de9-9cc1-41a060edc4b8,2,16.0,mobile,organic,0,0,0,0,1,0,1,0,0,0,0,,1
3e4d22df-ac3a-443c-b449-d1078d4b45c5,6,91.0,mobile,direct,1,0,1,0,0,1,1,1,0,1,0,no_friction,0
3e58ae1d-db0e-4e9f-98ce-b8cbdee3fe86,6,105.0,desktop,direct,1,0,1,0,0,1,1,1,0,1,0,no_friction,0
3e69fc13-1665-4573-95e4-2e0a95bc02d0,6,109.0,mobile,direct,1,0,1,0,0,1,1,1,0,1,0,post_purchase_anxiety,0
3e750d6b-ce5e-4559-977b-14f87cc46da0,2,22.0,mobile,organic,0,0,0,0,1,0,1,0,0,0,0,,1
3e7944e1-456b-4f20-bf7d-a6a34bab7ea9,2,11.0,mobile,paid_search,0,0,0,0,1,0,1,0,0,0,0,,1
3e7cbb03-8cfd-4ffb-abba-a97726f844fb,2,25.0,desktop,paid_search,0,0,0,0,1,0,1,0,0,0,0,,1
3eaf996f-5216-4f37-860f-dbbaa70a452c,2,25.0,desktop,social,0,0,0,0,1,0,1,0,0,0,0,,1
3ed5f533-5445-43ae-ac7a-03c47914e86a,6,118.0,tablet,organic,1,0,1,0,0,1,1,1,0,1,0,no_friction,0
3ed5fa26-2c5a-4a14-aa2a-7af9bd97edca,2,7.0,desktop,organic,0,0,0,0,1,0,1,0,0,0,0,,1
3f06f791-fb76-4b5a-af75-880e69613932,2,19.0,mobile,social,0,0,0,0,1,0,1,0,0,0,0,,1
3f07cff9-2ef6-4b0c-87de-b7d709e3d50e,10,189.0,mobile,email,0,0,0,4,1,0,1,0,0,4,0,unclear_product_info,1
3f0d753f-04a4-412b-9abe-98c2ad052a51,8,86.0,mobile,paid_search,0,0,0,0,1,0,4,0,0,0,3,poor_recommendations,1
3f119142-dbf1-4310-9046-a8100b58be45,2,11.0,mobile,organic,0,0,0,0,1,0,1,0,0,0,0,,1
3f1a27f9-353c-4f63-b140-17c097699e23,2,28.0,tablet,social,0,0,0,0,1,0,1,0,0,0,0,,1
3f2cd56f-b046-4bee-a4c6-842c9da8577b,2,8.0,desktop,organic,0,0,0,0,1,0,1,0,0,0,0,,1
3f4f2431-8f63-4e6e-a4ee-f149e41a4328,2,14.0,tablet,organic,0,0,0,0,1,0,1,0,0,0,0,,1
3f782295-909c-4c10-b5f5-52ce023f9247,2,21.0,mobile,direct,0,0,0,0,1,0,1,0,0,0,0,,1
3f82da78-9bad-4ef3-8961-533eb4444b39,6,83.0,mobile,paid_search,1,0,1,0,0,1,1,1,0,1,0,no_friction,0
3f87c37b-cfaf-444f-a0c1-6f52804add5d,10,216.0,mobile,organic,0,0,0,4,1,0,1,0,0,4,0,unclear_product_info,1
3f8a6eef-ded9-4fe1-9ade-6ca6f6a187a4,6,106.0,desktop,organic,1,0,1,0,0,1,1,1,0,1,0,no_friction,0
3f93f663-4c3d-4a9b-99f4-e153c63cf4c8,6,112.0,desktop,direct,1,0,1,0,0,1,1,1,0,1,0,post_purchase_anxiety,0
3f9d76e8-2493-4180-8a11-c690df681bd8,2,8.0,desktop,organic,0,0,0,0,1,0,1,0,0,0,0,,1
3fb83421-98a5-4097-b8ca-194d385e049a,2,7.0,mobile,organic,0,0,0,0,1,0,1,0,0,0,0,,1
3fc0953d-2e62-4ab3-946f-b34494aeefba,2,27.0,mobile,social,0,0,0,0,1,0,1,0,0,0,0,,1
3fcf500b-83b7-478b-be45-7c57e575439c,2,7.0,mobile,paid_search,0,0,0,0,1,0,1,0,0,0,0,,1
3fdadddf-d83b-46cc-963d-7ab27a4f78be,5,86.0,mobile,paid_search,1,0,1,0,1,0,1,0,0,1,0,price_shock,1
3ff872ef-b12e-437a-9c01-41aa4d074f52,6,95.0,mobile,organic,1,0,1,0,0,1,1,1,0,1,0,no_friction,0
401dde24-8e61-43d0-be9f-46f80be4d6f9,2,30.0,mobile,organic,0,0,0,0,1,0,1,0,0,0,0,,1
401edfdb-eb77-4c37-b974-7e77de70570d,7,142.0,mobile,paid_search,1,0,1,0,1,0,1,1,1,1,0,payment_failure,1
401f6975-2418-4c98-bc35-2d6282216889,2,18.0,mobile,direct,0,0,0,0,1,0,1,0,0,0,0,,1
402b6650-3589-4e9f-ae45-f6823fb499a1,2,7.0,mobile,social,0,0,0,0,1,0,1,0,0,0,0,,1
403b4b38-060b-45d4-8431-ed70f3d155eb,6,78.0,mobile,paid_search,1,1,1,0,1,0,1,0,0,1,0,delivery_uncertainty,1
403d04f2-6d2b-4242-9912-379911c12ce2,2,11.0,mobile,organic,0,0,0,0,1,0,1,0,0,0,0,,1
404eca7e-c6f9-475f-be29-a3cefd8e73d0,2,15.0,mobile,social,0,0,0,0,1,0,1,0,0,0,0,,1
405ac73e-90ef-48b3-a3bb-4122d9ffb0f4,6,135.0,desktop,organic,1,1,1,0,1,0,1,0,0,1,0,delivery_uncertainty,1
405bb35b-a843-4b5d-95c7-441e4e393f2f,5,105.0,desktop,organic,1,0,1,0,1,0,1,0,0,1,0,price_shock,1
40627579-9375-4a11-9f4b-33afcc6970ae,2,28.0,mobile,social,0,0,0,0,1,0,1,0,0,0,0,,1
407aeae1-fd5e-433c-b753-e2f5bfb7ee43,6,117.0,mobile,organic,1,0,1,0,0,1,1,1,0,1,0,no_friction,0
408ebc73-0560-483a-ac78-588784f53db5,10,245.0,mobile,organic,0,0,0,4,1,0,1,0,0,4,0,unclear_product_info,1
4091ac66-c604-4f3e-bf6a-47a0c6af05bf,2,25.0,desktop,direct,0,0,0,0,1,0,1,0,0,0,0,,1
409613fa-1b73-456e-9895-5da8efecf06d,2,8.0,desktop,direct,0,0,0,0,1,0,1,0,0,0,0,,1
409b1d71-46ff-44f9-88f4-d3326ae0cb8a,2,7.0,desktop,organic,0,0,0,0,1,0,1,0,0,0,0,,1
40a9e65f-862d-4c41-9a4b-949588df5910,5,86.0,mobile,organic,1,0,1,0,1,0,1,0,0,1,0,price_shock,1
40d502ca-019b-4fec-990b-439fccf419db,2,23.0,mobile,direct,0,0,0,0,1,0,1,0,0,0,0,,1
40d61241-34a5-4450-84e4-2027e1f8e854,6,106.0,mobile,email,1,0,1,0,0,1,1,1,0,1,0,post_purchase_anxiety,0
40d833cd-b19f-4419-b900-95f251ef9af2,2,10.0,desktop,email,0,0,0,0,1,0,1,0,0,0,0,,1
40dfac9e-c5eb-492f-937a-cad8458db67e,2,14.0,mobile,paid_search,0,0,0,0,1,0,1,0,0,0,0,,1
40e04568-4bb5-40fe-84da-1ab0ad485d4f,6,145.0,mobile,email,1,0,1,0,0,1,1,1,0,1,0,post_purchase_anxiety,0
40e0d072-b3ee-4e61-9985-c69799417c15,2,26.0,mobile,organic,0,0,0,0,1,0,1,0,0,0,0,,1
40e66bf5-1a20-4c81-b664-ae5f7cd48435,2,26.0,mobile,organic,0,0,0,0,1,0,1,0,0,0,0,,1
40eaa2fd-f91e-4fac-83dc-258cae8cf625,8,105.0,mobile,organic,0,0,0,0,1,0,4,0,0,0,3,poor_recommendations,1
40f60c88-20c1-4001-b5ef-c921446fc301,2,23.0,mobile,organic,0,0,0,0,1,0,1,0,0,0,0,,1
4107dc25-c768-4561-a0e4-c580311acb43,6,115.0,mobile,social,1,0,1,0,0,1,1,1,0,1,0,post_purchase_anxiety,0
413798e4-addd-4cf1-8443-84c700a02bf3,2,14.0,desktop,social,0,0,0,0,1,0,1,0,0,0,0,,1
4139ddc5-b4d8-4a8c-b3f0-23bd6b9e32dd,2,19.0,mobile,social,0,0,0,0,1,0,1,0,0,0,0,,1
4147ecc7-5633-4cce-88d1-e9c1fd302105,6,114.0,mobile,organic,1,0,1,0,0,1,1,1,0,1,0,no_friction,0
414c445c-b254-4b77-ba8d-c4b903d38beb,6,108.0,desktop,social,1,0,1,0,0,1,1,1,0,1,0,no_friction,0
4155d0f0-b918-4d26-a77b-c58517ac4609,10,184.0,tablet,social,0,0,0,4,1,0,1,0,0,4,0,unclear_product_info,1
415a9e6b-7be1-4f5b-80b7-d928e1a65553,2,30.0,desktop,social,0,0,0,0,1,0,1,0,0,0,0,,1
4165273a-603a-4ce7-8c4a-e9afe5c1fffa,10,196.0,desktop,paid_search,0,0,0,4,1,0,1,0,0,4,0,unclear_product_info,1
41754f3c-d18c-4502-b035-85235c0ccbcb,6,95.0,mobile,direct,1,0,1,0,0,1,1,1,0,1,0,post_purchase_anxiety,0
4177e5cb-3ebe-41a8-8b49-d9484e2d9a6d,6,106.0,mobile,organic,1,0,1,0,0,1,1,1,0,1,0,no_friction,0
418284fb-52bf-46c5-9663-cb1d595b3a41,10,228.0,desktop,organic,0,0,0,4,1,0,1,0,0,4,0,unclear_product_info,1
418a5a8a-4e1e-4836-931d-65ea4c672bf3,6,125.0,tablet,organic,1,0,1,0,0,1,1,1,0,1,0,no_friction,0
418b4fab-1b01-4c1b-93ed-91e55acc7ef2,6,141.0,mobile,social,1,1,1,0,1,0,1,0,0,1,0,delivery_uncertainty,1
418d6b57-30ec-4598-809b-d6fd935a8361,2,10.0,mobile,paid_search,0,0,0,0,1,0,1,0,0,0,0,,1
4196ad8b-b3e5-4879-895a-70b1d6e77a06,5,92.0,mobile,organic,1,0,1,0,1,0,1,0,0,1,0,price_shock,1
419f8aaa-1c61-4399-a9ec-1811c5c7c6ea,2,16.0,desktop,direct,0,0,0,0,1,0,1,0,0,0,0,,1
41a43bce-0f51-41ff-9c9f-b6aefeb17070,2,12.0,mobile,paid_search,0,0,0,0,1,0,1,0,0,0,0,,1
41a518e2-1e72-46fc-86ea-28bcfb0c1f2c,6,119.0,mobile,organic,1,0,1,0,0,1,1,1,0,1,0,no_friction,0
41c0746e-f098-44c8-ad96-4e5ea836f7e9,7,106.0,mobile,organic,1,0,1,0,1,0,1,1,1,1,0,payment_failure,1
41c781ae-c7d9-4991-a2d8-adb5a0689fc6,10,170.0,desktop,email,0,0,0,4,1,0,1,0,0,4,0,unclear_product_info,1
41cb61db-5cee-48e5-bc91-17d943a7e285,8,87.0,mobile,organic,0,0,0,0,1,0,4,0,0,0,3,poor_recommendations,1
41dd4e53-6253-40f7-a35c-8920302118ac,10,160.0,mobile,organic,0,0,0,4,1,0,1,0,0,4,0,unclear_product_info,1
41ed60ca-037d-474d-aa09-1487c1f2e715,2,23.0,mobile,paid_search,0,0,0,0,1,0,1,0,0,0,0,,1
42340491-bf53-4622-ab21-2a0d1df93d3a,2,6.0,mobile,organic,0,0,0,0,1,0,1,0,0,0,0,,1
4237e094-d5a5-43d9-89b0-26db993f79aa,2,10.0,mobile,social,0,0,0,0,1,0,1,0,0,0,0,,1
4238e7c3-3966-4c90-8f85-aa6c726502df,6,79.0,mobile,organic,1,0,1,0,0,1,1,1,0,1,0,no_friction,0
423feb3b-4da7-4f42-8be6-d534e575d97c,2,30.0,desktop,social,0,0,0,0,1,0,1,0,0,0,0,,1
4249f7e7-c2b8-4dfe-816c-50f89cf1b881,2,19.0,mobile,social,0,0,0,0,1,0,1,0,0,0,0,,1
42785bf7-f61b-478b-827a-2d5c5d42624c,2,15.0,mobile,paid_search,0,0,0,0,1,0,1,0,0,0,0,,1
4278ab62-58c6-4e52-ba5e-d1e823547960,6,124.0,mobile,organic,1,0,1,0,0,1,1,1,0,1,0,no_friction,0
428debc4-684b-4e78-bb73-035dbd4d5997,6,113.0,mobile,organic,1,0,1,0,0,1,1,1,0,1,0,no_friction,0
4295b0b8-53ba-4ea5-9995-9426b4716906,2,24.0,mobile,social,0,0,0,0,1,0,1,0,0,0,0,,1
42a5e43f-aa82-4e69-aa32-cd6e042dc669,2,16.0,mobile,organic,0,0,0,0,1,0,1,0,0,0,0,,1
42abf1c2-562d-4c9e-8f6e-b2bbdbd3a138,6,126.0,desktop,organic,1,0,1,0,0,1,1,1,0,1,0,no_friction,0
42b997b9-5cd4-4c27-ad21-c62440bdd909,2,10.0,mobile,organic,0,0,0,0,1,0,1,0,0,0,0,,1
42c0a581-030b-4811-ba13-7860cafdb9e6,2,18.0,desktop,organic,0,0,0,0,1,0,1,0,0,0,0,,1
42cb6816-fc56-4b65-aa75-e7681135c45d,6,109.0,mobile,organic,1,0,1,0,0,1,1,1,0,1,0,no_friction,0
42d1133e-0ff5-49d1-9e71-bc85c7d68b05,2,27.0,desktop,direct,0,0,0,0,1,0,1,0,0,0,0,,1
42dad576-49fb-4346-907e-8066e560797e,2,20.0,desktop,paid_search,0,0,0,0,1,0,1,0,0,0,0,,1
42e2507c-8eea-46d5-b7d2-89337c0fe375,2,28.0,desktop,social,0,0,0,0,1,0,1,0,0,0,0,,1
42f14c10-ac4c-47a7-a643-28beb03a6f2f,2,23.0,mobile,organic,0,0,0,0,1,0,1,0,0,0,0,,1
42fc0a51-2260-41c2-a9d5-3f78ddab4bed,6,119.0,desktop,email,1,0,1,0,0,1,1,1,0,1,0,no_friction,0
42fde883-a0c2-40de-89c3-9201d84a137a,6,83.0,desktop,organic,1,1,1,0,1,0,1,0,0,1,0,delivery_uncertainty,1
4303b92e-f2fc-4602-b8a9-9573815c8f5e,10,213.0,desktop,social,0,0,0,4,1,0,1,0,0,4,0,unclear_product_info,1
431db63e-8e93-4913-b5e1-05308514406b,2,28.0,desktop,paid_search,0,0,0,0,1,0,1,0,0,0,0,,1
43224e35-a404-4f17-8479-79471e7bf024,6,95.0,desktop,paid_search,1,0,1,0,0,1,1,1,0,1,0,no_friction,0
432b495e-4c81-4a22-99c8-6aca290d4f70,6,109.0,mobile,social,1,0,1,0,0,1,1,1,0,1,0,no_friction,0
432d9496-3437-4cd9-8657-406845ff9c57,5,84.0,mobile,organic,1,0,1,0,1,0,1,0,0,1,0,price_shock,1
433b51ac-2b55-4e04-ae9a-d2a84f3d0ea1,2,22.0,mobile,email,0,0,0,0,1,0,1,0,0,0,0,,1
43422752-4cfa-4f4a-a5d7-bfb4f88a35c8,2,14.0,mobile,organic,0,0,0,0,1,0,1,0,0,0,0,,1
434a724d-3ee3-4bac-8197-b92d09e1f623,6,106.0,mobile,organic,1,0,1,0,0,1,1,1,0,1,0,no_friction,0
4352ecea-6872-4b32-b0e3-541792970a83,7,132.0,desktop,social,1,0,1,0,1,0,1,1,1,1,0,payment_failure,1
4373843e-3b1a-4de1-bda9-a67cc00bdd42,2,17.0,tablet,organic,0,0,0,0,1,0,1,0,0,0,0,,1
437bc293-e130-4339-b8a2-0d8086252bd5,2,20.0,mobile,email,0,0,0,0,1,0,1,0,0,0,0,,1
438433e7-32f7-47d0-82bc-eee45908b925,6,89.0,tablet,organic,1,0,1,0,0,1,1,1,0,1,0,no_friction,0
4393a917-2f9f-4555-a6a5-97369c2c4e85,2,7.0,desktop,social,0,0,0,0,1,0,1,0,0,0,0,,1
43a2e123-51f3-4d83-943e-81db3dbb3c1d,10,241.0,mobile,organic,0,0,0,4,1,0,1,0,0,4,0,unclear_product_info,1
43aa03c1-9bfa-46b3-97b6-3acc9ffe98d6,2,21.0,mobile,organic,0,0,0,0,1,0,1,0,0,0,0,,1
43b8a282-45ab-4e59-ab7d-b464ca1a6255,2,30.0,mobile,social,0,0,0,0,1,0,1,0,0,0,0,,1
43c2f765-b8b6-498f-95c0-9741f5a63afe,2,10.0,desktop,organic,0,0,0,0,1,0,1,0,0,0,0,,1
43c2f7b5-d45e-413c-91fe-1b45a33087cc,2,19.0,mobile,direct,0,0,0,0,1,0,1,0,0,0,0,,1
43d262ca-7252-431d-91f4-b60ae2c6f176,2,30.0,mobile,paid_search,0,0,0,0,1,0,1,0,0,0,0,,1
43e093cb-d3e1-49ec-830e-ad506b7b6a41,2,24.0,mobile,organic,0,0,0,0,1,0,1,0,0,0,0,,1
4401739a-edb2-4e5f-a363-25c54c4dd6ae,10,176.0,desktop,paid_search,0,0,0,4,1,0,1,0,0,4,0,unclear_product_info,1
44157f11-0b47-4d0c-b046-6d49807d6054,6,139.0,mobile,organic,1,1,1,0,1,0,1,0,0,1,0,delivery_uncertainty,1
441bebd0-b3ae-411d-85b5-49a9098af380,6,91.0,mobile,organic,1,0,1,0,0,1,1,1,0,1,0,post_purchase_anxiety,0
442b5de4-3c06-405e-a0ea-d7d94fec5339,2,20.0,mobile,paid_search,0,0,0,0,1,0,1,0,0,0,0,,1
443f3550-9c29-4f85-9d02-82549a97e140,2,24.0,desktop,social,0,0,0,0,1,0,1,0,0,0,0,,1
4443c1d9-8614-4317-8d0b-98fafff83870,2,11.0,desktop,direct,0,0,0,0,1,0,1,0,0,0,0,,1
4446dfce-3df4-4192-b1e5-f0ef7de9ef9d,5,106.0,desktop,social,1,0,1,0,1,0,1,0,0,1,0,price_shock,1
445fd09e-a73a-459f-a853-eb12b69e6f5f,6,103.0,mobile,organic,1,0,1,0,0,1,1,1,0,1,0,no_friction,0
44609d10-efe9-491c-870e-a70fbd11b5dc,2,28.0,mobile,organic,0,0,0,0,1,0,1,0,0,0,0,,1
44719238-f769-4878-8449-b2f5aafc7b84,7,134.0,desktop,organic,1,0,1,0,1,0,1,1,1,1,0,payment_failure,1
4485fd5b-fbc4-4b0f-9cae-474cb6be1410,2,6.0,mobile,organic,0,0,0,0,1,0,1,0,0,0,0,,1
44b54b4b-2fb7-4df1-afba-fddb4588b01c,2,13.0,desktop,social,0,0,0,0,1,0,1,0,0,0,0,,1
44b753f6-ae8d-4175-884d-5a807d23c2da,2,18.0,desktop,paid_search,0,0,0,0,1,0,1,0,0,0,0,,1
44bf9fb9-058e-4902-9bf8-302614fc7b47,6,93.0,mobile,social,1,0,1,0,0,1,1,1,0,1,0,no_friction,0
44cac433-c4cc-4ba2-8c7a-f77a6ac9bc09,2,20.0,mobile,organic,0,0,0,0,1,0,1,0,0,0,0,,1
44d42f10-9f51-409f-bda1-ef9b65d43197,8,104.0,mobile,organic,0,0,0,0,1,0,4,0,0,0,3,poor_recommendations,1
44d46b07-48c5-4768-a969-660d100af9a0,2,14.0,mobile,organic,0,0,0,0,1,0,1,0,0,0,0,,1
44d4a271-671c-4644-8e6a-e410f3074dd0,2,20.0,mobile,paid_search,0,0,0,0,1,0,1,0,0,0,0,,1
44e30144-5115-40f9-9162-438fa2d787a0,6,95.0,mobile,direct,1,0,1,0,0,1,1,1,0,1,0,no_friction,0
44e3616a-490e-4d70-a2b2-f81d66fb3d3c,2,17.0,mobile,social,0,0,0,0,1,0,1,0,0,0,0,,1
44e5c828-8dac-4456-8c65-cd17fde7baba,2,13.0,tablet,organic,0,0,0,0,1,0,1,0,0,0,0,,1
44e691db-255e-4e24-a5f2-8feca6855f08,7,114.0,desktop,paid_search,1,0,1,0,1,0,1,1,1,1,0,payment_failure,1
44edfd75-24cb-40c9-b35c-f3630988744b,2,24.0,mobile,social,0,0,0,0,1,0,1,0,0,0,0,,1
44f0f7a0-12cf-4b6d-9110-441ad1a12fe9,2,17.0,mobile,direct,0,0,0,0,1,0,1,0,0,0,0,,1
44fb8e6a-d64a-4b0f-a50f-b821feb6f898,6,105.0,desktop,organic,1,0,1,0,0,1,1,1,0,1,0,no_friction,0
4509255a-23cf-4a15-8cd6-4c2a11158249,6,107.0,desktop,organic,1,0,1,0,0,1,1,1,0,1,0,no_friction,0
452560b2-9d7b-43dd-bee6-8e145991ee5d,2,6.0,mobile,social,0,0,0,0,1,0,1,0,0,0,0,,1
45291e21-e470-487c-97c3-dbf7f3f5d824,7,148.0,mobile,social,1,0,1,0,1,0,1,1,1,1,0,payment_failure,1
453e281a-dc7d-445e-9ff4-f782735d6194,2,9.0,desktop,social,0,0,0,0,1,0,1,0,0,0,0,,1
45478610-c903-4483-8131-5e2fb27d6f22,2,30.0,desktop,organic,0,0,0,0,1,0,1,0,0,0,0,,1
45494dd9-dd14-4d92-9da5-1ab158520345,2,30.0,desktop,organic,0,0,0,0,1,0,1,0,0,0,0,,1
4555d64d-3f26-4ee5-a19f-3e6991abcd7a,8,122.0,mobile,paid_search,0,0,0,0,1,0,4,0,0,0,3,poor_recommendations,1
4556ed58-ce58-42cb-b2b9-d388598cba32,6,86.0,mobile,social,1,0,1,0,0,1,1,1,0,1,0,no_friction,0
45676d88-b137-4346-ac6d-b1bf76fbe5fe,2,10.0,mobile,organic,0,0,0,0,1,0,1,0,0,0,0,,1
45931478-7f92-4db6-92d5-1535457df9b4,2,19.0,mobile,organic,0,0,0,0,1,0,1,0,0,0,0,,1
45a4f3f0-c8ae-43e7-b5e2-ae996e5631d8,6,88.0,mobile,organic,1,0,1,0,0,1,1,1,0,1,0,no_friction,0
45bec82e-37d9-4de9-8f4c-69897e01fc94,2,11.0,desktop,organic,0,0,0,0,1,0,1,0,0,0,0,,1
45bfc2c6-ea3c-4d99-8f35-fe0c2378471a,5,93.0,mobile,organic,1,0,1,0,1,0,1,0,0,1,0,price_shock,1
45ed3d59-c71d-4bf5-bdff-7c93c3c16807,2,17.0,desktop,email,0,0,0,0,1,0,1,0,0,0,0,,1
45f02f21-e07e-444b-9d98-c69338d7172f,2,16.0,mobile,paid_search,0,0,0,0,1,0,1,0,0,0,0,,1
45fe5f05-6b6e-435a-befb-e0b84b0e0d59,6,109.0,mobile,direct,1,0,1,0,0,1,1,1,0,1,0,no_friction,0
45fff2b2-c20b-4b4c-b71d-7f656e15f3df,2,5.0,mobile,organic,0,0,0,0,1,0,1,0,0,0,0,,1
462513aa-0d3e-4fd8-99ee-87345801c861,6,126.0,mobile,paid_search,1,0,1,0,0,1,1,1,0,1,0,no_friction,0
464588da-e43f-44b3-a3fa-1dd87b14e861,5,103.0,desktop,organic,1,0,1,0,1,0,1,0,0,1,0,price_shock,1
46518c8b-0946-4dd5-a3a8-900955ce9e98,2,15.0,desktop,paid_search,0,0,0,0,1,0,1,0,0,0,0,,1
46525006-5e95-402c-bdeb-2d2d1755914a,2,28.0,desktop,paid_search,0,0,0,0,1,0,1,0,0,0,0,,1
4652a3da-87b2-4de7-bfec-44c38fd6471c,2,7.0,desktop,social,0,0,0,0,1,0,1,0,0,0,0,,1
465747c4-5b8c-4570-ba2d-30412c28b2d1,2,7.0,desktop,organic,0,0,0,0,1,0,1,0,0,0,0,,1
466809ee-0d0a-4300-9f84-7d96c89b73b3,6,132.0,desktop,organic,1,1,1,0,1,0,1,0,0,1,0,delivery_uncertainty,1
46710de2-efa2-491e-b827-d978b0174825,2,25.0,mobile,direct,0,0,0,0,1,0,1,0,0,0,0,,1
467d6cb6-923e-404d-b37a-5c9a5f0823bd,2,18.0,mobile,organic,0,0,0,0,1,0,1,0,0,0,0,,1
46815190-39d6-4c84-a2a1-018f9191df02,6,122.0,desktop,organic,1,0,1,0,0,1,1,1,0,1,0,no_friction,0
46921264-d530-4b8d-a079-57524d38b5c0,5,106.0,mobile,paid_search,1,0,1,0,1,0,1,0,0,1,0,price_shock,1
46b428b1-aad0-426d-a95f-1bf6bf90a7fc,2,18.0,tablet,organic,0,0,0,0,1,0,1,0,0,0,0,,1
46bf6dde-a797-4d0d-81aa-5573d04412ed,5,109.0,mobile,organic,1,0,1,0,1,0,1,0,0,1,0,price_shock,1
46ccd65d-b0e9-4d61-a9cb-1c47fc04bdb4,6,118.0,mobile,social,1,0,1,0,0,1,1,1,0,1,0,no_friction,0
46cdbedb-e98e-4004-b101-a47f84bd7acb,2,8.0,mobile,organic,0,0,0,0,1,0,1,0,0,0,0,,1
46d946cb-8c57-4464-84ec-2d5508751c1c,2,30.0,mobile,organic,0,0,0,0,1,0,1,0,0,0,0,,1
46ddce9b-f906-4494-8a17-aa75edff9e68,2,7.0,mobile,organic,0,0,0,0,1,0,1,0,0,0,0,,1
4700912d-6cf5-4dde-9da1-0eb8a45dd14c,2,26.0,mobile,organic,0,0,0,0,1,0,1,0,0,0,0,,1
4704f6cf-5c25-4675-abe6-64801b795d34,6,133.0,desktop,direct,1,0,1,0,0,1,1,1,0,1,0,no_friction,0
470c8b09-b60b-4cff-8515-498c7010e951,10,176.0,desktop,organic,0,0,0,4,1,0,1,0,0,4,0,unclear_product_info,1
472929fa-5ffe-4d15-a05f-6bc16582e3d5,2,13.0,desktop,organic,0,0,0,0,1,0,1,0,0,0,0,,1
472d2b3c-d642-41a7-b5ed-c3ab7e5a5316,6,102.0,mobile,organic,1,0,1,0,0,1,1,1,0,1,0,post_purchase_anxiety,0
47444fab-e5f9-4f3d-a50e-07cb32b85903,6,137.0,mobile,organic,1,1,1,0,1,0,1,0,0,1,0,delivery_uncertainty,1
4756252f-20a0-40b9-9c71-110092df8f4a,2,27.0,mobile,direct,0,0,0,0,1,0,1,0,0,0,0,,1
47594e25-13f4-4646-b1eb-777b6f221efa,2,11.0,desktop,organic,0,0,0,0,1,0,1,0,0,0,0,,1
476e5dad-ab20-4c18-b36b-f7e4aa2a11e2,6,128.0,mobile,organic,1,0,1,0,0,1,1,1,0,1,0,no_friction,0
477b3472-58d6-429c-ae42-d56c52521a2b,6,138.0,desktop,direct,1,0,1,0,0,1,1,1,0,1,0,no_friction,0
4797157a-89ff-41f1-9311-4e9f645cf0fd,2,18.0,mobile,paid_search,0,0,0,0,1,0,1,0,0,0,0,,1
479b2d99-b104-4947-9315-41533d1ed6f2,7,137.0,mobile,social,1,0,1,0,1,0,1,1,1,1,0,payment_failure,1
47b53a3d-7ed6-49ad-ac06-7148a74ba919,10,209.0,mobile,organic,0,0,0,4,1,0,1,0,0,4,0,unclear_product_info,1
47d219f9-5e46-4f14-8d91-6a50511355a1,6,103.0,mobile,social,1,0,1,0,0,1,1,1,0,1,0,no_friction,0
47dee37f-4e9b-4752-bb4b-1f5f4bf47902,10,203.0,desktop,organic,0,0,0,4,1,0,1,0,0,4,0,unclear_product_info,1
47f9c82e-5dd2-4bab-8415-34f35ef36b74,2,26.0,desktop,organic,0,0,0,0,1,0,1,0,0,0,0,,1
47feab8f-45fe-47a8-aab2-f8d9fe03116d,2,27.0,mobile,direct,0,0,0,0,1,0,1,0,0,0,0,,1
48058047-206b-4fad-ae08-05ac7f783371,2,6.0,desktop,organic,0,0,0,0,1,0,1,0,0,0,0,,1
480b7e95-fa66-4393-a172-ea403845ed8f,2,13.0,mobile,paid_search,0,0,0,0,1,0,1,0,0,0,0,,1
48446b3a-6bcf-4630-a3ce-e1d21efe9efb,2,17.0,desktop,organic,0,0,0,0,1,0,1,0,0,0,0,,1
484dd454-5ceb-4945-a524-6b289a65bab9,2,23.0,tablet,organic,0,0,0,0,1,0,1,0,0,0,0,,1
485fbc25-3382-4b6e-a27b-688ba5d0b0a8,6,121.0,mobile,social,1,1,1,0,1,0,1,0,0,1,0,delivery_uncertainty,1
486b25de-819f-4bd4-a256-2010f440f2fb,6,77.0,mobile,organic,1,0,1,0,0,1,1,1,0,1,0,no_friction,0
486d4c47-0fad-4b4f-8c89-ceb09b129552,6,94.0,mobile,organic,1,0,1,0,0,1,1,1,0,1,0,post_purchase_anxiety,0
48716a4a-5108-45ae-8c19-f196ac358e0a,2,10.0,tablet,direct,0,0,0,0,1,0,1,0,0,0,0,,1
488015b6-a596-4b1a-a19c-2ebe1b5369ef,2,18.0,mobile,social,0,0,0,0,1,0,1,0,0,0,0,,1
4881ca96-d068-4851-8c8d-882aac390311,2,19.0,mobile,social,0,0,0,0,1,0,1,0,0,0,0,,1
48a2712f-04b5-4821-852f-9b0ff3b7b446,5,92.0,mobile,social,1,0,1,0,1,0,1,0,0,1,0,price_shock,1
48adaf68-fa1a-458d-ac8d-2dba9fd753f0,2,17.0,mobile,organic,0,0,0,0,1,0,1,0,0,0,0,,1
48b4703c-a6be-4692-841d-d4961f04e93e,6,126.0,desktop,paid_search,1,0,1,0,0,1,1,1,0,1,0,no_friction,0
48f20861-5c47-4a66-a87d-640c749f5ab7,2,7.0,mobile,paid_search,0,0,0,0,1,0,1,0,0,0,0,,1
48f8d916-b072-4272-b24a-94d4005cd1b9,10,184.0,mobile,organic,0,0,0,4,1,0,1,0,0,4,0,unclear_product_info,1
48fc5000-6e89-443a-9736-5bb16b73f2ca,10,246.0,desktop,social,0,0,0,4,1,0,1,0,0,4,0,unclear_product_info,1
490d7673-4cf1-42c0-81c7-ddb1f20f2ca5,2,22.0,mobile,social,0,0,0,0,1,0,1,0,0,0,0,,1
49155598-b359-43f2-a270-b6b25b30a567,2,14.0,tablet,organic,0,0,0,0,1,0,1,0,0,0,0,,1
491caec1-bf85-4bc0-b4a7-57e50211d369,2,21.0,mobile,organic,0,0,0,0,1,0,1,0,0,0,0,,1
49401da3-c583-45ea-afa4-367bb219cf06,10,163.0,tablet,social,0,0,0,4,1,0,1,0,0,4,0,unclear_product_info,1
49551fb6-b938-414a-bd68-1f5ae9dad6ee,6,94.0,tablet,paid_search,1,0,1,0,0,1,1,1,0,1,0,no_friction,0
496aa09f-89ed-4d79-a736-8a7fd6e55764,2,26.0,mobile,email,0,0,0,0,1,0,1,0,0,0,0,,1
496c8cb3-73da-4b73-a9ad-be0b31bec469,5,82.0,tablet,social,1,0,1,0,1,0,1,0,0,1,0,price_shock,1
4974de4e-5165-463d-8fef-79b8c7d0aeec,6,115.0,desktop,paid_search,1,0,1,0,0,1,1,1,0,1,0,no_friction,0
49855bb1-5174-4110-883b-15f3fa743eb2,10,187.0,mobile,direct,0,0,0,4,1,0,1,0,0,4,0,unclear_product_info,1
4988994a-a0aa-4612-a219-7cd22bfe1959,7,164.0,tablet,organic,1,0,1,0,1,0,1,1,1,1,0,payment_failure,1
49945677-75d7-4053-b989-89b34432a4df,2,15.0,mobile,organic,0,0,0,0,1,0,1,0,0,0,0,,1
49a4888b-1061-41a6-a5e0-6b9828da20f3,2,5.0,mobile,email,0,0,0,0,1,0,1,0,0,0,0,,1
49ab7de8-ac23-44ba-8f55-a6c864e764e8,6,89.0,mobile,paid_search,1,0,1,0,0,1,1,1,0,1,0,no_friction,0
49b43e78-48b2-4fbe-9d80-cda23a0ebb87,2,21.0,mobile,paid_search,0,0,0,0,1,0,1,0,0,0,0,,1
49b45334-3582-4d60-a8d3-38a9a648be03,2,28.0,mobile,organic,0,0,0,0,1,0,1,0,0,0,0,,1
49b4af64-fd4a-427f-bf39-38b1eebe298d,2,8.0,mobile,social,0,0,0,0,1,0,1,0,0,0,0,,1
49b83ef3-3ba2-4b4f-b0b5-76ef47fb2613,2,18.0,mobile,social,0,0,0,0,1,0,1,0,0,0,0,,1
49c5a858-7d55-4445-ac60-6c41561fe9ad,2,19.0,desktop,social,0,0,0,0,1,0,1,0,0,0,0,,1
49da8551-a9fa-4a49-a083-6ef5f817857b,2,12.0,desktop,organic,0,0,0,0,1,0,1,0,0,0,0,,1
49e75ac6-38f2-48b8-9eed-d812433c580f,2,15.0,desktop,social,0,0,0,0,1,0,1,0,0,0,0,,1
49f85b7e-5d2d-4635-9347-7f0c3cfb32e1,2,30.0,mobile,paid_search,0,0,0,0,1,0,1,0,0,0,0,,1
4a116065-0acc-42bc-a58a-5991022e126e,6,142.0,desktop,direct,1,1,1,0,1,0,1,0,0,1,0,delivery_uncertainty,1
4a2555b2-46e1-4840-86e7-4f14a4e36018,2,6.0,desktop,organic,0,0,0,0,1,0,1,0,0,0,0,,1
4a27acfc-de84-41fe-838b-a33cc0b932a5,6,123.0,mobile,email,1,0,1,0,0,1,1,1,0,1,0,post_purchase_anxiety,0
4a3a7ce4-539f-4958-adf8-23ce53a19e8c,7,132.0,desktop,paid_search,1,0,1,0,1,0,1,1,1,1,0,payment_failure,1
4a3e2cf8-95b3-4610-ba6a-517bd60abc1a,2,17.0,tablet,social,0,0,0,0,1,0,1,0,0,0,0,,1
4a485981-3f85-469f-bf11-79c3719eb590,6,96.0,desktop,social,1,0,1,0,0,1,1,1,0,1,0,no_friction,0
4a59a0f8-3378-4f98-8a3c-8c16ebec81a7,2,23.0,mobile,paid_search,0,0,0,0,1,0,1,0,0,0,0,,1
4a61c14b-9466-4de9-8f97-985cbbe47ad2,2,29.0,mobile,organic,0,0,0,0,1,0,1,0,0,0,0,,1
4a6375a6-9b67-4cbc-8a37-d0ee43042e4e,2,21.0,mobile,paid_search,0,0,0,0,1,0,1,0,0,0,0,,1
4a6abd92-f8f1-4d03-881c-71b44632329b,5,58.0,tablet,organic,1,0,1,0,1,0,1,0,0,1,0,price_shock,1
4a72f94b-49bc-4cdd-b410-d074d78b154e,8,104.0,mobile,social,0,0,0,0,1,0,4,0,0,0,3,poor_recommendations,1
4a800027-8999-4d54-a680-8e03507e2af6,6,131.0,mobile,email,1,0,1,0,0,1,1,1,0,1,0,no_friction,0
4a821241-0271-4da6-bcdd-78a0263ca24b,7,148.0,desktop,paid_search,1,0,1,0,1,0,1,1,1,1,0,payment_failure,1
4a983b3e-e9ef-47b9-a4e9-0feec7833d52,2,8.0,desktop,organic,0,0,0,0,1,0,1,0,0,0,0,,1
4ad5e8dc-28fb-4f0b-bb5f-0edde918afe3,2,12.0,desktop,direct,0,0,0,0,1,0,1,0,0,0,0,,1
4adecaf4-e97e-40f6-9e1a-2d653ce30b49,6,100.0,mobile,paid_search,1,0,1,0,0,1,1,1,0,1,0,no_friction,0
4b024b8b-ca70-4229-845c-ea6886a9576c,2,26.0,desktop,organic,0,0,0,0,1,0,1,0,0,0,0,,1
4b031ddf-d2af-4f30-b97e-bb5a9de815f2,2,24.0,desktop,organic,0,0,0,0,1,0,1,0,0,0,0,,1
4b2c31dc-2368-4300-bc92-ce271864afb2,2,28.0,mobile,organic,0,0,0,0,1,0,1,0,0,0,0,,1
4b33486c-d6b2-44fc-8166-5fb1c177eb92,2,27.0,desktop,direct,0,0,0,0,1,0,1,0,0,0,0,,1
4b394845-c5af-4d7b-a185-dc5bf60d139a,2,26.0,mobile,paid_search,0,0,0,0,1,0,1,0,0,0,0,,1
4b3b30dc-61e0-41bc-8cb6-ca9d164030f1,2,22.0,mobile,direct,0,0,0,0,1,0,1,0,0,0,0,,1
4b4035cb-7868-4d43-b109-d499df2d982f,6,127.0,mobile,organic,1,0,1,0,0,1,1,1,0,1,0,no_friction,0
4b4c9b71-733f-47be-8106-7b34283908c7,2,24.0,tablet,direct,0,0,0,0,1,0,1,0,0,0,0,,1
4b7833e7-9cef-4c94-8429-c5bfada223df,5,101.0,desktop,organic,1,0,1,0,1,0,1,0,0,1,0,price_shock,1
4b7febc9-dcc9-4eae-8265-d2093fa33d2c,8,91.0,desktop,organic,0,0,0,0,1,0,4,0,0,0,3,poor_recommendations,1
4b95fca3-2178-479a-bd52-df44cdf5dc1d,6,91.0,desktop,paid_search,1,0,1,0,0,1,1,1,0,1,0,no_friction,0
4baf3ed3-e12c-4dcc-9477-db036d983bf7,2,12.0,desktop,organic,0,0,0,0,1,0,1,0,0,0,0,,1
4bb0b6c1-dc05-4e01-978a-52b542b23859,2,20.0,mobile,direct,0,0,0,0,1,0,1,0,0,0,0,,1
4bbd567c-67c3-4414-b2fd-697358000633,6,119.0,desktop,email,1,1,1,0,1,0,1,0,0,1,0,delivery_uncertainty,1
4bc3d788-fab0-4f1c-a920-8347bdf01e9d,10,200.0,mobile,social,0,0,0,4,1,0,1,0,0,4,0,unclear_product_info,1
4bcada86-51fa-417c-b603-b3601e89ef8d,6,131.0,desktop,organic,1,0,1,0,0,1,1,1,0,1,0,no_friction,0
4bcc2e3b-c91e-4962-a322-9097a15d3e49,2,15.0,mobile,organic,0,0,0,0,1,0,1,0,0,0,0,,1
4bce6246-3a1c-4624-92e5-8e5dfeadf333,2,20.0,mobile,paid_search,0,0,0,0,1,0,1,0,0,0,0,,1
4bd0ad89-1b23-4f03-836c-15bc055bd398,2,29.0,mobile,social,0,0,0,0,1,0,1,0,0,0,0,,1
4bd610a2-35e8-4066-bfdc-00c555e6df1e,2,13.0,desktop,organic,0,0,0,0,1,0,1,0,0,0,0,,1
4bdc7f1f-f3d4-4909-be12-e58c01d14668,8,101.0,mobile,paid_search,0,0,0,0,1,0,4,0,0,0,3,poor_recommendations,1
4bde2253-ca5a-40f0-862e-0fc0d6d8a902,6,109.0,desktop,email,1,0,1,0,0,1,1,1,0,1,0,no_friction,0
4bde5f42-8eea-4973-a0c0-a81588412daa,2,16.0,desktop,organic,0,0,0,0,1,0,1,0,0,0,0,,1
4bfcbcad-6690-45ba-a1a9-64c06cb4f520,5,69.0,mobile,organic,1,0,1,0,1,0,1,0,0,1,0,price_shock,1
4bff384f-d321-491e-abb3-80cdd0d68b3a,6,123.0,mobile,paid_search,1,0,1,0,0,1,1,1,0,1,0,post_purchase_anxiety,0
4c18098b-8fb2-4873-84c5-1138a5a59a2d,6,79.0,desktop,paid_search,1,0,1,0,0,1,1,1,0,1,0,no_friction,0
4c31435f-b7a2-46b6-b119-c6a403835916,6,105.0,tablet,email,1,1,1,0,1,0,1,0,0,1,0,delivery_uncertainty,1
4c69f7cb-f5f3-4d99-bfc3-17f21e221e17,2,14.0,mobile,social,0,0,0,0,1,0,1,0,0,0,0,,1
4c6bd545-866e-45ac-a245-aac051567eac,2,30.0,mobile,paid_search,0,0,0,0,1,0,1,0,0,0,0,,1
4c6fc227-7725-4127-a0f1-639a151f3e79,2,11.0,mobile,organic,0,0,0,0,1,0,1,0,0,0,0,,1
4c76aae1-418d-4f36-a74a-0f7a818a1a1b,6,136.0,desktop,social,1,0,1,0,0,1,1,1,0,1,0,no_friction,0
4c840af3-69d6-4f84-8ba4-1ac3bbb6ae8d,2,25.0,desktop,organic,0,0,0,0,1,0,1,0,0,0,0,,1
4c84961e-1a3c-4b35-8b6c-63279ed482e5,2,7.0,mobile,direct,0,0,0,0,1,0,1,0,0,0,0,,1
4c84c330-fe95-4085-ae22-7076a0c62929,6,115.0,mobile,social,1,0,1,0,0,1,1,1,0,1,0,no_friction,0
4c86914f-c605-4d42-a2eb-69a4cae09597,2,12.0,mobile,organic,0,0,0,0,1,0,1,0,0,0,0,,1
4ca1b88e-c3cc-4b68-8c9f-d254c565a8e2,2,7.0,desktop,organic,0,0,0,0,1,0,1,0,0,0,0,,1
4cb2b91d-9308-4b7c-a968-c0a919076d86,8,113.0,mobile,organic,0,0,0,0,1,0,4,0,0,0,3,poor_recommendations,1
4cbc809d-728b-4281-a174-90d5f456fa1d,2,11.0,desktop,email,0,0,0,0,1,0,1,0,0,0,0,,1
4cc09cca-3ee2-491d-9339-686503987a07,2,15.0,mobile,organic,0,0,0,0,1,0,1,0,0,0,0,,1
4cc6b76e-d6c0-4edf-93e2-6e57eee57ab8,6,94.0,mobile,organic,1,0,1,0,0,1,1,1,0,1,0,no_friction,0
4cd8c3de-462a-4c2b-a3ab-ef8a3ac5c5f4,2,7.0,mobile,direct,0,0,0,0,1,0,1,0,0,0,0,,1
4cde22e4-fb13-4119-8574-67a1111408d6,2,26.0,mobile,social,0,0,0,0,1,0,1,0,0,0,0,,1
4ce378de-c12e-45f8-92aa-a5e5353edb63,7,167.0,mobile,organic,1,0,1,0,1,0,1,1,1,1,0,payment_failure,1
4ce8362c-ae6c-4513-87ee-dea0c2d4e8d0,6,92.0,desktop,direct,1,0,1,0,0,1,1,1,0,1,0,no_friction,0
4cf5e50a-bffe-4e2d-8e0d-42ce3fe7ae20,2,17.0,mobile,organic,0,0,0,0,1,0,1,0,0,0,0,,1
4cfc6f8e-fa95-4205-a87b-7fb611a020a1,10,205.0,mobile,social,0,0,0,4,1,0,1,0,0,4,0,unclear_product_info,1
4d09bb86-d518-49fd-b000-bb64fdc670fb,6,147.0,tablet,social,1,0,1,0,0,1,1,1,0,1,0,post_purchase_anxiety,0
4d1b532c-9c51-47b3-9218-62de00d17f85,6,121.0,desktop,organic,1,0,1,0,0,1,1,1,0,1,0,post_purchase_anxiety,0
4d1e3420-d700-4f3d-bdcd-f7dba8d32f38,6,99.0,mobile,organic,1,0,1,0,0,1,1,1,0,1,0,no_friction,0
4d1ec80c-7190-4a9e-9ad3-dbe8eaf436bb,5,82.0,desktop,paid_search,1,0,1,0,1,0,1,0,0,1,0,price_shock,1
4d25a446-a281-48da-a20e-f7fe2cbd7bd0,6,105.0,mobile,email,1,0,1,0,0,1,1,1,0,1,0,no_friction,0
4d2c2945-f002-426e-ae4e-e568ec8e7bef,2,14.0,mobile,organic,0,0,0,0,1,0,1,0,0,0,0,,1
4d40091a-104a-4668-ac84-adff45c52be4,7,143.0,mobile,paid_search,1,0,1,0,1,0,1,1,1,1,0,payment_failure,1
4d5828e8-4754-4e77-ab65-b16ae3833069,8,102.0,mobile,direct,0,0,0,0,1,0,4,0,0,0,3,poor_recommendations,1
4d6d822b-1a48-481b-940d-6f72fbeb8430,8,89.0,desktop,organic,0,0,0,0,1,0,4,0,0,0,3,poor_recommendations,1
4d6d8e0d-0853-4075-a495-48064666700e,2,8.0,mobile,direct,0,0,0,0,1,0,1,0,0,0,0,,1
4d72d9de-1cf9-453b-83b9-537335c6ef7e,5,87.0,mobile,direct,1,0,1,0,1,0,1,0,0,1,0,price_shock,1
4d912e42-4cd6-4bf3-8299-58e85ada76dd,6,126.0,mobile,organic,1,0,1,0,0,1,1,1,0,1,0,no_friction,0
4d930721-c3d8-4de4-86d3-dba4d263d18b,6,143.0,desktop,organic,1,0,1,0,0,1,1,1,0,1,0,no_friction,0
4d9b47f7-5857-47e2-9dd0-1f5f97cbc461,6,102.0,desktop,organic,1,0,1,0,0,1,1,1,0,1,0,no_friction,0
4db37445-a57f-4332-8c84-d6172b22fa67,2,12.0,desktop,direct,0,0,0,0,1,0,1,0,0,0,0,,1
4dcdfbd9-7100-4abf-bbba-116370206b5a,6,107.0,mobile,email,1,0,1,0,0,1,1,1,0,1,0,no_friction,0
4dd12660-b28d-47c3-99e4-ba392364de3b,2,6.0,mobile,organic,0,0,0,0,1,0,1,0,0,0,0,,1
4ddacd20-f0fd-4756-a420-7e7735f39ad2,7,144.0,tablet,organic,1,0,1,0,1,0,1,1,1,1,0,payment_failure,1
4de51cb8-5894-42cb-98ce-73d6b0d32063,6,107.0,mobile,direct,1,0,1,0,0,1,1,1,0,1,0,no_friction,0
4e0795d5-7d18-4ff1-8aa1-cf155fee3b53,6,94.0,desktop,organic,1,0,1,0,0,1,1,1,0,1,0,no_friction,0
4e0d488c-d530-4c70-aee9-46d6cc4b3bdb,6,117.0,mobile,organic,1,0,1,0,0,1,1,1,0,1,0,no_friction,0
4e28a9ba-b298-4cc3-b7f8-6acaa067b5ce,2,7.0,desktop,direct,0,0,0,0,1,0,1,0,0,0,0,,1
4e2cc001-14bf-4b46-ac34-8c81557c69b7,6,118.0,mobile,paid_search,1,0,1,0,0,1,1,1,0,1,0,no_friction,0
4e2e38c2-95da-42b0-a9fc-67151c79c1ac,6,145.0,tablet,social,1,1,1,0,1,0,1,0,0,1,0,delivery_uncertainty,1
4e394413-2fba-481a-bad0-8d47c7b3de36,10,228.0,mobile,organic,0,0,0,4,1,0,1,0,0,4,0,unclear_product_info,1
4e44e7c9-2097-4698-8d6e-0228721b4fab,2,22.0,desktop,email,0,0,0,0,1,0,1,0,0,0,0,,1
4e460446-a447-4826-9835-c40b3322400e,2,16.0,mobile,organic,0,0,0,0,1,0,1,0,0,0,0,,1
4e5400b8-6f0b-4509-9aed-3f9b344ef7da,2,13.0,mobile,paid_search,0,0,0,0,1,0,1,0,0,0,0,,1
4e5580bb-8e9f-4367-810b-4a5321462c16,2,11.0,mobile,social,0,0,0,0,1,0,1,0,0,0,0,,1
4e5beac7-a7dc-41a2-9bc2-a553c87a68d4,6,108.0,desktop,email,1,0,1,0,0,1,1,1,0,1,0,no_friction,0
4e5cff86-329e-42ea-b9da-01c3da984f44,2,11.0,mobile,paid_search,0,0,0,0,1,0,1,0,0,0,0,,1
4e83d1c8-0a9d-4e9c-bb99-c16d290399c1,6,106.0,mobile,social,1,0,1,0,0,1,1,1,0,1,0,no_friction,0
4e8d5401-a9f8-474f-84f1-8ff38491d888,2,17.0,mobile,social,0,0,0,0,1,0,1,0,0,0,0,,1
4e90abd0-bd0d-4ca8-882e-ca3bbaecfb19,2,22.0,mobile,paid_search,0,0,0,0,1,0,1,0,0,0,0,,1
4ecb7555-985e-457d-8c99-c2fef45fd704,2,6.0,mobile,social,0,0,0,0,1,0,1,0,0,0,0,,1
4eec4671-8431-4874-9044-3abf2e642524,6,118.0,mobile,organic,1,0,1,0,0,1,1,1,0,1,0,no_friction,0
4ef06073-1714-4c64-b23f-d5e0074462ee,10,188.0,mobile,social,0,0,0,4,1,0,1,0,0,4,0,unclear_product_info,1
4ef2ca8e-c23f-4e41-b750-f7f614693cdb,2,18.0,desktop,direct,0,0,0,0,1,0,1,0,0,0,0,,1
4ef5e35e-78a6-49e4-8bae-6fbb3cf24d14,5,106.0,mobile,social,1,0,1,0,1,0,1,0,0,1,0,price_shock,1
4ef6db2b-6e6f-46b8-83c6-abebb2e0d008,2,21.0,desktop,social,0,0,0,0,1,0,1,0,0,0,0,,1
4f0d8c97-a412-4193-b50b-454f72253cb6,2,23.0,mobile,direct,0,0,0,0,1,0,1,0,0,0,0,,1
4f0e1f9a-98cc-4a9a-8dc9-fa3ecc79b86c,2,15.0,mobile,email,0,0,0,0,1,0,1,0,0,0,0,,1
4f149c41-36be-4a75-9804-4bb61b7d064b,5,81.0,mobile,paid_search,1,0,1,0,1,0,1,0,0,1,0,price_shock,1
4f189557-35fd-483f-bccf-97c39ea2da48,6,107.0,mobile,organic,1,0,1,0,0,1,1,1,0,1,0,no_friction,0
4f2ab04a-1c36-44a3-b04f-3a9c3d052643,8,81.0,desktop,organic,0,0,0,0,1,0,4,0,0,0,3,poor_recommendations,1
4f30ed8f-5593-4ab5-a35c-07d3c9c0f33e,2,8.0,mobile,direct,0,0,0,0,1,0,1,0,0,0,0,,1
4f7a4ba0-8098-4788-acf3-7453c5a26c63,10,244.0,tablet,organic,0,0,0,4,1,0,1,0,0,4,0,unclear_product_info,1
4f7a9707-029b-4d2b-8d8b-5a975d6bdf33,2,30.0,mobile,paid_search,0,0,0,0,1,0,1,0,0,0,0,,1
4f87291f-a4c0-445d-8033-b02f9a2e7df1,2,17.0,mobile,direct,0,0,0,0,1,0,1,0,0,0,0,,1
4f8ad927-6414-47d3-a44d-ce353bd00f02,6,117.0,mobile,paid_search,1,0,1,0,0,1,1,1,0,1,0,no_friction,0
4f9fbc1a-64dd-4d75-93b7-24281ac6a883,2,17.0,mobile,paid_search,0,0,0,0,1,0,1,0,0,0,0,,1
4fa26e89-cb54-48f7-9bea-051e2a22650e,8,105.0,tablet,paid_search,0,0,0,0,1,0,4,0,0,0,3,poor_recommendations,1
4fa9a68e-3e93-48e8-83e6-5f0b07389470,6,107.0,mobile,organic,1,0,1,0,0,1,1,1,0,1,0,no_friction,0
4fb416f8-bc23-4686-b982-4d9094b8f855,6,99.0,desktop,paid_search,1,0,1,0,0,1,1,1,0,1,0,no_friction,0
4fbaf8eb-9f5d-48d0-8ae6-d4f24def39a2,2,17.0,desktop,organic,0,0,0,0,1,0,1,0,0,0,0,,1
4fc250f9-c903-4184-b3b0-80f75cbf6130,2,10.0,desktop,organic,0,0,0,0,1,0,1,0,0,0,0,,1
4fc36cd4-bf19-4018-af0f-9b686f06264e,7,149.0,tablet,organic,1,0,1,0,1,0,1,1,1,1,0,payment_failure,1
4fc39755-a8a0-4b2d-9871-1b206dde1fb1,6,125.0,mobile,paid_search,1,0,1,0,0,1,1,1,0,1,0,post_purchase_anxiety,0
4fc7e380-d4ec-4038-bdc0-973156637534,2,18.0,mobile,paid_search,0,0,0,0,1,0,1,0,0,0,0,,1
4fea3430-7030-41cb-87c1-7cd93e1ba157,2,11.0,mobile,social,0,0,0,0,1,0,1,0,0,0,0,,1
5004c7b6-f645-4a17-8ef6-5b4125842cc0,10,246.0,mobile,organic,0,0,0,4,1,0,1,0,0,4,0,unclear_product_info,1
50079341-6cec-4cd4-9060-cd5297bfe1ce,6,107.0,desktop,organic,1,0,1,0,0,1,1,1,0,1,0,no_friction,0
500eb335-e65d-4291-bc95-09c9180c44c3,2,19.0,tablet,paid_search,0,0,0,0,1,0,1,0,0,0,0,,1
502d1338-43fb-40a4-bfb1-f5c23c720f20,6,100.0,tablet,organic,1,0,1,0,0,1,1,1,0,1,0,no_friction,0
503e66ab-9898-4944-8267-902a71634428,6,96.0,mobile,paid_search,1,1,1,0,1,0,1,0,0,1,0,delivery_uncertainty,1
503e7b0c-5515-4768-8698-102654f8c228,2,28.0,mobile,organic,0,0,0,0,1,0,1,0,0,0,0,,1
505edbee-78ca-4775-b971-130efa02b5d1,6,98.0,mobile,organic,1,0,1,0,0,1,1,1,0,1,0,no_friction,0
5075c4ce-7f15-4f25-ae40-cbe7a80674f6,2,29.0,mobile,social,0,0,0,0,1,0,1,0,0,0,0,,1
508b6fe2-748f-4735-a481-457068d2944c,2,10.0,desktop,social,0,0,0,0,1,0,1,0,0,0,0,,1
509de12a-8b2f-45bc-a252-b20c576da6f2,2,11.0,mobile,organic,0,0,0,0,1,0,1,0,0,0,0,,1
50b3efd6-50d4-4c9c-83b6-0a1fe0485e75,2,10.0,desktop,organic,0,0,0,0,1,0,1,0,0,0,0,,1
50b68620-5c23-4ca2-bb6d-3d3ecdbff48f,2,18.0,mobile,organic,0,0,0,0,1,0,1,0,0,0,0,,1
50c7fc3f-d861-47c8-ac32-bbf483ba5196,7,108.0,desktop,organic,1,0,1,0,1,0,1,1,1,1,0,payment_failure,1
50cd6f15-89e0-45c8-911d-e9cedc103446,6,95.0,desktop,organic,1,0,1,0,0,1,1,1,0,1,0,no_friction,0
50d4ba58-1356-462a-8891-ecf62c4ac458,2,7.0,mobile,social,0,0,0,0,1,0,1,0,0,0,0,,1
50dd1408-cf4f-4f66-bb1f-fe215bea2697,2,22.0,mobile,paid_search,0,0,0,0,1,0,1,0,0,0,0,,1
50e95efc-b7f6-403b-9f28-e7aef3f8a81b,2,10.0,mobile,organic,0,0,0,0,1,0,1,0,0,0,0,,1
50ecb6d0-7d1f-403a-b6c6-a26369a82c7c,2,28.0,mobile,organic,0,0,0,0,1,0,1,0,0,0,0,,1
50faaa68-c4a1-4c1d-b2dd-1140b8223786,6,108.0,desktop,paid_search,1,0,1,0,0,1,1,1,0,1,0,no_friction,0
510fe6ef-a162-4fdc-b6a2-b123a47809c4,2,7.0,desktop,paid_search,0,0,0,0,1,0,1,0,0,0,0,,1
51119039-bf30-4f5d-93f0-a39e0e7dbece,5,65.0,tablet,organic,1,0,1,0,1,0,1,0,0,1,0,price_shock,1
5150e919-bbaa-46a5-bb79-228703d95a46,2,20.0,tablet,organic,0,0,0,0,1,0,1,0,0,0,0,,1
5154f132-8880-492e-8607-8be7c3633a81,6,136.0,desktop,direct,1,0,1,0,0,1,1,1,0,1,0,no_friction,0
515eac1a-ac1e-4b4a-abb0-3d9eb0d0712d,2,9.0,desktop,social,0,0,0,0,1,0,1,0,0,0,0,,1
51652b37-0bcd-41fd-bdcf-1821b17e1459,10,185.0,tablet,organic,0,0,0,4,1,0,1,0,0,4,0,unclear_product_info,1
51665743-c5bc-4019-98c1-a50cf7efe4b6,6,116.0,desktop,organic,1,0,1,0,0,1,1,1,0,1,0,no_friction,0
5168e195-0bd6-4ba1-b949-ffe03f684168,5,60.0,mobile,organic,1,0,1,0,1,0,1,0,0,1,0,price_shock,1
517178ec-8ae3-4e93-a1ff-4c45238107e9,2,18.0,mobile,organic,0,0,0,0,1,0,1,0,0,0,0,,1
5178d5ca-b455-43e5-a628-0a8250b06641,2,27.0,mobile,organic,0,0,0,0,1,0,1,0,0,0,0,,1
519b06c7-55d3-4964-9d5b-39063b6ee7c5,6,115.0,mobile,paid_search,1,1,1,0,1,0,1,0,0,1,0,delivery_uncertainty,1
519c53a4-2d52-433b-99f7-6e07961fe131,6,144.0,desktop,email,1,1,1,0,1,0,1,0,0,1,0,delivery_uncertainty,1
51a5f221-05f2-45ba-aab8-0ddb298f3308,8,101.0,mobile,social,0,0,0,0,1,0,4,0,0,0,3,poor_recommendations,1
51a61fef-a4a1-455b-94a2-fce0f000c43e,2,12.0,mobile,email,0,0,0,0,1,0,1,0,0,0,0,,1
51a679b2-3e14-4db4-adea-076286937a3f,6,106.0,desktop,direct,1,0,1,0,0,1,1,1,0,1,0,no_friction,0
51b2e423-378c-43fa-934b-3663a4116fbc,6,100.0,desktop,organic,1,0,1,0,0,1,1,1,0,1,0,no_friction,0
51ba3576-7922-482e-9866-73735a03a9d7,6,118.0,tablet,organic,1,0,1,0,0,1,1,1,0,1,0,no_friction,0
51c4ef0e-ed4c-4d3e-accb-d0cbd36af31a,7,119.0,mobile,social,1,0,1,0,1,0,1,1,1,1,0,payment_failure,1
51c7ec33-ce33-41e0-99da-a7b4b07d8d22,2,18.0,mobile,organic,0,0,0,0,1,0,1,0,0,0,0,,1
51c868c8-e17e-46a9-91e0-62b1a927a52e,2,11.0,desktop,organic,0,0,0,0,1,0,1,0,0,0,0,,1
51d068b4-135a-4f1a-8072-8c6b6d83801f,7,140.0,desktop,direct,1,0,1,0,1,0,1,1,1,1,0,payment_failure,1
51e0920c-3446-4193-93e7-f54492f88541,7,137.0,mobile,direct,1,0,1,0,1,0,1,1,1,1,0,payment_failure,1
51fc9190-ddeb-4d66-a7fd-76a032d5a36b,10,191.0,mobile,organic,0,0,0,4,1,0,1,0,0,4,0,unclear_product_info,1
5201d982-77c6-40d6-9eed-c5bc9048a662,2,26.0,mobile,paid_search,0,0,0,0,1,0,1,0,0,0,0,,1
520eaea0-6036-425e-92a0-8e893aeed93a,10,215.0,mobile,organic,0,0,0,4,1,0,1,0,0,4,0,unclear_product_info,1
5210dfb3-a8b6-42b2-bf2c-e73df606f425,6,93.0,tablet,organic,1,0,1,0,0,1,1,1,0,1,0,no_friction,0
5221793a-f266-4a13-b2d0-81b22b712b7d,2,7.0,mobile,paid_search,0,0,0,0,1,0,1,0,0,0,0,,1
52388b1f-6c64-4b81-bda7-4adfb7fcee7d,5,83.0,mobile,email,1,0,1,0,1,0,1,0,0,1,0,price_shock,1
523ac928-81ba-4964-b449-ccb47a611153,6,103.0,mobile,paid_search,1,0,1,0,0,1,1,1,0,1,0,no_friction,0
524d9ab8-e4ca-4544-b074-58872675ee7b,6,115.0,mobile,social,1,0,1,0,0,1,1,1,0,1,0,no_friction,0
5265b729-ce36-479e-abdb-629ad62e2e34,6,120.0,tablet,email,1,0,1,0,0,1,1,1,0,1,0,no_friction,0
5282b821-cd3a-483e-aeb5-7eec560eeb69,2,13.0,mobile,direct,0,0,0,0,1,0,1,0,0,0,0,,1
52863183-ff03-47d2-bb2a-0164fd9379e6,2,7.0,mobile,social,0,0,0,0,1,0,1,0,0,0,0,,1
5287b185-ff03-485f-9ede-c19162649a75,2,11.0,mobile,social,0,0,0,0,1,0,1,0,0,0,0,,1
528f8a3f-85b5-4e00-95a2-04caeda5e135,6,142.0,desktop,social,1,0,1,0,0,1,1,1,0,1,0,no_friction,0
52970f83-d8f7-477e-85a4-1521f16d9eb1,2,24.0,mobile,organic,0,0,0,0,1,0,1,0,0,0,0,,1
5299cccc-9aba-4051-ac06-abcf4233f353,6,123.0,mobile,organic,1,0,1,0,0,1,1,1,0,1,0,post_purchase_anxiety,0
52a10404-f645-44cf-b96e-83bbaa1ce479,2,18.0,mobile,social,0,0,0,0,1,0,1,0,0,0,0,,1
52b8327f-34ae-469f-bfc4-5bc1adf7fe59,6,100.0,mobile,email,1,0,1,0,0,1,1,1,0,1,0,no_friction,0
52ba386d-7043-4fe7-8dd7-c2b27da77d9a,5,95.0,desktop,social,1,0,1,0,1,0,1,0,0,1,0,price_shock,1
52d0cdd2-5949-4af9-a945-1af3df2196f0,5,89.0,desktop,direct,1,0,1,0,1,0,1,0,0,1,0,price_shock,1
52d1a8f8-6b5c-4bdf-8353-86ef36cd8602,2,11.0,mobile,social,0,0,0,0,1,0,1,0,0,0,0,,1
52d9df1e-ce51-4f47-84ea-c69d1d93ed6d,2,18.0,mobile,social,0,0,0,0,1,0,1,0,0,0,0,,1
52e1565b-86da-4c66-ae86-db59212a8215,2,16.0,mobile,email,0,0,0,0,1,0,1,0,0,0,0,,1
52efae88-9786-4cca-b745-38bc3b5f9ece,2,27.0,mobile,organic,0,0,0,0,1,0,1,0,0,0,0,,1
52fb27ce-02c9-43ea-8870-27cc6d93e409,2,28.0,mobile,direct,0,0,0,0,1,0,1,0,0,0,0,,1
532f4ad4-48c5-405a-85f3-76bf39518162,2,11.0,mobile,organic,0,0,0,0,1,0,1,0,0,0,0,,1
5331fa57-2c18-425c-8405-906dd38f0292,2,30.0,mobile,organic,0,0,0,0,1,0,1,0,0,0,0,,1
5332fa06-f0fb-4b15-8402-45efc83bd0e0,8,86.0,mobile,paid_search,0,0,0,0,1,0,4,0,0,0,3,poor_recommendations,1
533a0b6e-0dcd-4c0b-be49-978e25d078cc,2,25.0,desktop,organic,0,0,0,0,1,0,1,0,0,0,0,,1
533c9223-8866-4dab-b0e2-4123b9b809c5,5,108.0,desktop,social,1,0,1,0,1,0,1,0,0,1,0,price_shock,1
534490b9-46bf-4a1b-b1a3-592d911dbc3d,2,6.0,desktop,social,0,0,0,0,1,0,1,0,0,0,0,,1
5344ba4a-e71e-4a4d-a3ce-bec2bf56f1c2,2,6.0,mobile,social,0,0,0,0,1,0,1,0,0,0,0,,1
534ed5a0-bdad-4800-8940-c9eb9f55aefc,2,24.0,desktop,organic,0,0,0,0,1,0,1,0,0,0,0,,1
535dea5b-8d87-48db-a4d1-0e59710c4b94,6,103.0,desktop,paid_search,1,0,1,0,0,1,1,1,0,1,0,no_friction,0
5365b436-9d70-4d44-887d-047d0be8d673,2,14.0,tablet,paid_search,0,0,0,0,1,0,1,0,0,0,0,,1
536a39b3-7591-4e06-ad65-28734737ccdc,6,97.0,desktop,organic,1,0,1,0,0,1,1,1,0,1,0,no_friction,0
5381023c-ef86-4ddf-9f1f-e37146f70b5c,2,25.0,mobile,organic,0,0,0,0,1,0,1,0,0,0,0,,1
53851a23-0685-4572-9454-4283cf7817e1,2,13.0,desktop,paid_search,0,0,0,0,1,0,1,0,0,0,0,,1
538b08b8-69ff-4da9-b139-9dddabe0c44a,2,23.0,mobile,organic,0,0,0,0,1,0,1,0,0,0,0,,1
538ebc56-ad6c-47f4-86a9-b546c551ebd1,2,12.0,mobile,organic,0,0,0,0,1,0,1,0,0,0,0,,1
538fcd48-5e7c-4c53-b90a-87143be5e50b,6,117.0,desktop,social,1,0,1,0,0,1,1,1,0,1,0,no_friction,0
53a3a00f-40f2-4ebe-8acf-7e5e1c8eddea,5,99.0,desktop,email,1,0,1,0,1,0,1,0,0,1,0,price_shock,1
53aaf50d-f927-469a-91d5-a0c5d5e2b6af,2,25.0,desktop,organic,0,0,0,0,1,0,1,0,0,0,0,,1
53b83bdd-0b68-44ff-a7b4-0f71fab1d134,2,20.0,mobile,social,0,0,0,0,1,0,1,0,0,0,0,,1
53be3a65-1544-4005-87bd-2fbb264b890d,5,83.0,mobile,paid_search,1,0,1,0,1,0,1,0,0,1,0,price_shock,1
53d3be77-e6e4-4359-83f8-8fea2862cd7c,2,11.0,desktop,organic,0,0,0,0,1,0,1,0,0,0,0,,1
53d3cf6f-aee7-4d9d-81f1-dfd0282da482,2,29.0,desktop,paid_search,0,0,0,0,1,0,1,0,0,0,0,,1
53f670e9-8761-4c5a-a065-1b30bd2342c5,2,20.0,desktop,email,0,0,0,0,1,0,1,0,0,0,0,,1
5412db7b-8ae5-4d7f-89c5-4d3d8ade77ce,2,15.0,mobile,organic,0,0,0,0,1,0,1,0,0,0,0,,1
5420d771-9092-44f0-958c-07db3bf88e6b,10,244.0,mobile,direct,0,0,0,4,1,0,1,0,0,4,0,unclear_product_info,1
542b3d13-c889-4931-8b37-fa15e7803581,2,24.0,mobile,direct,0,0,0,0,1,0,1,0,0,0,0,,1
542e86a1-ee5b-4eaa-b338-fdbac2c026b9,2,18.0,tablet,organic,0,0,0,0,1,0,1,0,0,0,0,,1
5445ec0f-b408-4f77-9ce9-db6b7969cfe4,6,93.0,desktop,organic,1,0,1,0,0,1,1,1,0,1,0,no_friction,0
545b5ea2-ebf5-47f5-862a-07db5379234d,10,236.0,desktop,social,0,0,0,4,1,0,1,0,0,4,0,unclear_product_info,1
545f1522-394a-4b91-a6b1-71df5b8d254c,6,106.0,mobile,organic,1,0,1,0,0,1,1,1,0,1,0,post_purchase_anxiety,0
546dbe47-0543-4049-9d04-8008f105a3a8,6,104.0,tablet,social,1,0,1,0,0,1,1,1,0,1,0,no_friction,0
5480d4de-6868-428f-84fb-fd0380ccdd84,2,24.0,mobile,social,0,0,0,0,1,0,1,0,0,0,0,,1
5480dbbd-8a2a-4480-b510-4f76322ed189,2,18.0,desktop,paid_search,0,0,0,0,1,0,1,0,0,0,0,,1
548e4013-0be2-43b4-8841-48bc2d1a50d3,2,7.0,tablet,organic,0,0,0,0,1,0,1,0,0,0,0,,1
548f6432-3e84-4794-a17b-f5e26a398db1,2,29.0,mobile,email,0,0,0,0,1,0,1,0,0,0,0,,1
54929c5b-7636-4f84-a3e7-2f599dc4fba6,6,108.0,tablet,organic,1,1,1,0,1,0,1,0,0,1,0,delivery_uncertainty,1
54a6da07-f6df-4d53-a47b-46e3d65448ea,6,120.0,tablet,direct,1,0,1,0,0,1,1,1,0,1,0,no_friction,0
54c085cc-7c65-440f-9b9e-a1b6be35e6be,7,147.0,mobile,paid_search,1,0,1,0,1,0,1,1,1,1,0,payment_failure,1
54f24ae8-dc03-4613-8fb7-017e2ab9bc5a,10,201.0,mobile,paid_search,0,0,0,4,1,0,1,0,0,4,0,unclear_product_info,1
55127178-80a2-430f-b404-3a5606faf673,2,12.0,tablet,social,0,0,0,0,1,0,1,0,0,0,0,,1
551f33e5-2acf-4e8f-bb4e-1a1e3fe343a1,2,13.0,tablet,organic,0,0,0,0,1,0,1,0,0,0,0,,1
55221c3c-edbf-44a9-9ddb-e13c3db9b8f4,2,5.0,mobile,social,0,0,0,0,1,0,1,0,0,0,0,,1
552b53ef-4039-4bb1-9b81-c24d1a330edd,2,14.0,desktop,organic,0,0,0,0,1,0,1,0,0,0,0,,1
553ed2ba-a8a8-4617-b23a-5063e06824d4,2,24.0,mobile,paid_search,0,0,0,0,1,0,1,0,0,0,0,,1
554e53af-612f-46a8-ba06-7bfdb79b295c,6,126.0,tablet,organic,1,0,1,0,0,1,1,1,0,1,0,no_friction,0
555a5205-ffd6-4d57-9989-21786d097b4b,2,17.0,desktop,paid_search,0,0,0,0,1,0,1,0,0,0,0,,1
555c4c63-fb9d-4e06-bc2b-82a4fc1e341e,5,90.0,mobile,organic,1,0,1,0,1,0,1,0,0,1,0,price_shock,1
555ed03b-e5ce-4b30-8f5e-2d3fbf7ee44b,6,114.0,mobile,organic,1,0,1,0,0,1,1,1,0,1,0,post_purchase_anxiety,0
55781b17-0b84-4ec0-a597-af2e5c5d7dbf,6,122.0,desktop,organic,1,0,1,0,0,1,1,1,0,1,0,post_purchase_anxiety,0
5584df9c-58cf-4e9d-9c80-74f3f78ff833,6,93.0,mobile,paid_search,1,0,1,0,0,1,1,1,0,1,0,no_friction,0
55918401-6c1f-40ab-8385-d919fe3f9a45,2,25.0,desktop,organic,0,0,0,0,1,0,1,0,0,0,0,,1
55932493-ec5b-4771-a9d2-af9d11140572,5,93.0,tablet,direct,1,0,1,0,1,0,1,0,0,1,0,price_shock,1
559afd3f-19ff-4feb-9804-9b2e1fb02fde,8,95.0,mobile,social,0,0,0,0,1,0,4,0,0,0,3,poor_recommendations,1
55a4ed35-0d89-4aaa-8704-29783a8d2e4c,6,96.0,desktop,social,1,0,1,0,0,1,1,1,0,1,0,no_friction,0
55b5e0a8-a562-4e5f-ae6a-965175f77dcb,2,28.0,mobile,direct,0,0,0,0,1,0,1,0,0,0,0,,1
55c09a7e-3399-428d-a7be-156fddedd975,10,213.0,mobile,email,0,0,0,4,1,0,1,0,0,4,0,unclear_product_info,1
55cfa482-efc8-465d-a63e-f321b5160f54,10,241.0,mobile,direct,0,0,0,4,1,0,1,0,0,4,0,unclear_product_info,1
55cfcd7d-fa0f-427f-8db9-24c4299dbae0,6,109.0,desktop,direct,1,0,1,0,0,1,1,1,0,1,0,post_purchase_anxiety,0
55f97317-da67-49a0-b336-06881bd34f99,6,139.0,mobile,direct,1,1,1,0,1,0,1,0,0,1,0,delivery_uncertainty,1
564c4830-7e68-4612-bff1-01213fe2653d,2,6.0,mobile,direct,0,0,0,0,1,0,1,0,0,0,0,,1
56621a8b-60c0-46f0-97c2-0f3085204856,6,113.0,desktop,organic,1,0,1,0,0,1,1,1,0,1,0,no_friction,0
5667cc25-7838-429e-aacc-79c858d7bf82,2,10.0,mobile,email,0,0,0,0,1,0,1,0,0,0,0,,1
567aef73-e08e-4c6c-9833-3763d50c1b78,6,106.0,desktop,social,1,0,1,0,0,1,1,1,0,1,0,no_friction,0
5687d2c7-f8bb-45ea-87d3-8385c051c721,6,129.0,desktop,organic,1,1,1,0,1,0,1,0,0,1,0,delivery_uncertainty,1
568969c0-f14c-4a38-a511-374e9e3b5f79,2,16.0,mobile,paid_search,0,0,0,0,1,0,1,0,0,0,0,,1
56baf052-0021-47bb-8785-42f6fb457667,2,17.0,mobile,paid_search,0,0,0,0,1,0,1,0,0,0,0,,1
56d727b3-a79d-4e5c-b93c-335f94155703,2,20.0,mobile,paid_search,0,0,0,0,1,0,1,0,0,0,0,,1
56da445e-ad42-4ef8-a671-dc0b2a4c5d68,6,107.0,mobile,social,1,0,1,0,0,1,1,1,0,1,0,no_friction,0
56ff7a6e-2663-4228-9f1d-649b1db2bfd3,2,6.0,mobile,social,0,0,0,0,1,0,1,0,0,0,0,,1
57022e5e-0975-4d31-9f19-141154a5f434,8,82.0,mobile,paid_search,0,0,0,0,1,0,4,0,0,0,3,poor_recommendations,1
57037335-d937-47b8-88c2-8a324d8fb404,2,26.0,mobile,email,0,0,0,0,1,0,1,0,0,0,0,,1
57139c26-6c00-4297-9061-080f374573bd,2,24.0,tablet,social,0,0,0,0,1,0,1,0,0,0,0,,1
571be9dc-459f-43aa-992a-693d8cef5ccb,10,209.0,mobile,paid_search,0,0,0,4,1,0,1,0,0,4,0,unclear_product_info,1
57288c09-c657-472f-82ca-f75cfb3fbcc7,6,106.0,desktop,organic,1,0,1,0,0,1,1,1,0,1,0,post_purchase_anxiety,0
572bc41d-031e-4990-a5ef-bf42dc14ccf4,2,10.0,mobile,paid_search,0,0,0,0,1,0,1,0,0,0,0,,1
5737caf1-7252-43e1-abdf-95d2f0452f74,2,18.0,mobile,organic,0,0,0,0,1,0,1,0,0,0,0,,1
57383f19-0b34-4ecc-8e7f-ee7c1b25748f,2,19.0,mobile,organic,0,0,0,0,1,0,1,0,0,0,0,,1
574a5d8f-179b-4e20-acf4-bf92ba29bea3,2,20.0,mobile,direct,0,0,0,0,1,0,1,0,0,0,0,,1
574d8a57-2a3c-4d43-a631-2d3dc645ffff,6,96.0,desktop,organic,1,0,1,0,0,1,1,1,0,1,0,post_purchase_anxiety,0
57529113-d944-44ff-8e7d-ebef88c30ebf,6,100.0,desktop,social,1,0,1,0,0,1,1,1,0,1,0,no_friction,0
57568d2b-a6bb-4598-b01c-0ddf7011f04a,2,30.0,desktop,direct,0,0,0,0,1,0,1,0,0,0,0,,1
577984f9-8190-4f60-bd93-f8ef1240ccba,5,96.0,mobile,organic,1,0,1,0,1,0,1,0,0,1,0,price_shock,1
577d11d5-8beb-438e-911c-73486ef6c7c6,2,25.0,desktop,organic,0,0,0,0,1,0,1,0,0,0,0,,1
57837d1a-6e83-42b1-b259-a8fa1913254b,5,101.0,mobile,paid_search,1,0,1,0,1,0,1,0,0,1,0,price_shock,1
57856fe8-ae7b-43bf-ab5a-f320d553d38e,2,27.0,mobile,social,0,0,0,0,1,0,1,0,0,0,0,,1
57a0ae3c-9479-4115-9737-48fed5a093e9,2,14.0,mobile,paid_search,0,0,0,0,1,0,1,0,0,0,0,,1
57a2cf40-f5ba-4abf-9e8c-6961e10757b9,2,17.0,mobile,organic,0,0,0,0,1,0,1,0,0,0,0,,1
57a8bb92-7329-4646-9eda-ea709ff7ebbf,2,28.0,desktop,social,0,0,0,0,1,0,1,0,0,0,0,,1
57aca00e-55dc-44d4-ad4a-4d6f0afefec9,2,10.0,desktop,direct,0,0,0,0,1,0,1,0,0,0,0,,1
57b93995-d8d9-4b00-93e1-acd39f5be82e,8,92.0,desktop,paid_search,0,0,0,0,1,0,4,0,0,0,3,poor_recommendations,1
57cbaf59-14dc-47c3-8183-75bd0be5ebde,2,30.0,mobile,organic,0,0,0,0,1,0,1,0,0,0,0,,1
57e01df2-cb62-4837-a881-d86e7512f258,2,18.0,tablet,paid_search,0,0,0,0,1,0,1,0,0,0,0,,1
57e79514-ebf2-43a5-905d-d5dab3c35478,2,21.0,desktop,social,0,0,0,0,1,0,1,0,0,0,0,,1
57ef48e6-8079-437e-958d-ba6b29cfaa37,10,222.0,desktop,paid_search,0,0,0,4,1,0,1,0,0,4,0,unclear_product_info,1
5814ee70-2128-4071-9463-e235a620537d,2,15.0,mobile,organic,0,0,0,0,1,0,1,0,0,0,0,,1
581a59ba-6a4a-4826-adcb-dda9e144518e,6,125.0,mobile,social,1,0,1,0,0,1,1,1,0,1,0,no_friction,0
581f9ce7-cce7-4885-bf03-4de0b8f238f6,2,14.0,desktop,email,0,0,0,0,1,0,1,0,0,0,0,,1
58239e10-f25e-4688-af53-494c13f32c48,7,119.0,mobile,organic,1,0,1,0,1,0,1,1,1,1,0,payment_failure,1
58347d73-1b8a-4d1e-8020-9ba70f92d0d0,7,124.0,desktop,organic,1,0,1,0,1,0,1,1,1,1,0,payment_failure,1
584084a1-028e-411c-ac39-05cce833724d,2,5.0,mobile,social,0,0,0,0,1,0,1,0,0,0,0,,1
584ec266-21d1-47a6-afa0-1943bdfc79e0,6,97.0,mobile,social,1,0,1,0,0,1,1,1,0,1,0,no_friction,0
587807fc-9bf1-4329-aa3c-45ee2d1a8608,2,14.0,desktop,paid_search,0,0,0,0,1,0,1,0,0,0,0,,1
58811e39-cf7e-480d-9997-2b33e1a59244,2,14.0,mobile,social,0,0,0,0,1,0,1,0,0,0,0,,1
588574c7-0d15-4a3c-b031-5d949ebb9231,2,21.0,desktop,organic,0,0,0,0,1,0,1,0,0,0,0,,1
588b87c0-210d-43fa-b15b-ca9366792011,2,25.0,mobile,organic,0,0,0,0,1,0,1,0,0,0,0,,1
588f1bd9-aa28-4f80-be76-3b6cfb5d884d,2,26.0,mobile,social,0,0,0,0,1,0,1,0,0,0,0,,1
58b0c305-a886-49bb-8548-94d0db9ccf6c,2,22.0,mobile,organic,0,0,0,0,1,0,1,0,0,0,0,,1
58b48381-ace5-420a-9ddf-5c2390497956,2,14.0,mobile,social,0,0,0,0,1,0,1,0,0,0,0,,1
58b733bf-2a21-4c5e-bbf4-88a54d8f58d8,2,5.0,mobile,social,0,0,0,0,1,0,1,0,0,0,0,,1
58b8e137-8399-4d86-9ddb-5ecd47d3b72e,2,21.0,tablet,organic,0,0,0,0,1,0,1,0,0,0,0,,1
58bf4635-0f6b-4e8b-8a9d-54583bebfef7,6,116.0,tablet,social,1,0,1,0,0,1,1,1,0,1,0,post_purchase_anxiety,0
58de27df-d7fe-4c48-ae30-935bdd94abaa,6,99.0,mobile,social,1,0,1,0,0,1,1,1,0,1,0,post_purchase_anxiety,0
58e4f3f0-4020-46f2-a42b-d162006a41e5,10,188.0,desktop,paid_search,0,0,0,4,1,0,1,0,0,4,0,unclear_product_info,1
58eaa5de-9758-4924-8e6b-cc9e2965cd92,6,94.0,mobile,organic,1,0,1,0,0,1,1,1,0,1,0,no_friction,0
590aa446-c3af-4538-9885-621e4a8c1f1a,2,11.0,mobile,social,0,0,0,0,1,0,1,0,0,0,0,,1
59156c7a-b361-4720-b3b9-792ae0b541b8,7,122.0,mobile,direct,1,0,1,0,1,0,1,1,1,1,0,payment_failure,1
592662a2-d172-4b48-b530-bd2cbf847508,6,105.0,mobile,email,1,0,1,0,0,1,1,1,0,1,0,no_friction,0
593449db-b28e-463b-aa8e-2725a25a7ccd,2,8.0,mobile,paid_search,0,0,0,0,1,0,1,0,0,0,0,,1
593d570f-9b49-461f-a31c-46f677dabb5c,2,11.0,desktop,social,0,0,0,0,1,0,1,0,0,0,0,,1
5943d4ee-c7e5-4fd5-9cfd-c751ee6ae1fe,2,14.0,desktop,email,0,0,0,0,1,0,1,0,0,0,0,,1
59623217-ddb1-46af-b972-a7abe30e986c,6,105.0,mobile,social,1,0,1,0,0,1,1,1,0,1,0,no_friction,0
5973c8e5-dc2f-4827-8016-315e081e9328,10,209.0,mobile,organic,0,0,0,4,1,0,1,0,0,4,0,unclear_product_info,1
59899657-3e77-49aa-9fc7-3aae33ae7a56,6,99.0,tablet,social,1,0,1,0,0,1,1,1,0,1,0,post_purchase_anxiety,0
599375bb-01ce-466c-8563-c4f06b551d4a,6,112.0,mobile,paid_search,1,0,1,0,0,1,1,1,0,1,0,no_friction,0
5993aa5b-76c0-4c06-8855-aa538abe45ce,2,11.0,mobile,email,0,0,0,0,1,0,1,0,0,0,0,,1
59a75c5e-3042-4b16-840d-c28f7b3b683e,2,8.0,mobile,organic,0,0,0,0,1,0,1,0,0,0,0,,1
59ba5e2b-0d8e-4a63-9780-edfe2750bef8,2,18.0,mobile,paid_search,0,0,0,0,1,0,1,0,0,0,0,,1
59c31ead-20c1-471d-a636-fb56498eba3d,2,18.0,tablet,paid_search,0,0,0,0,1,0,1,0,0,0,0,,1
59caef34-7add-4b23-ad30-11bc3e9e4901,7,126.0,tablet,social,1,0,1,0,1,0,1,1,1,1,0,payment_failure,1
59d1ec01-cb61-4364-b8e0-b7793845c4a5,5,111.0,mobile,organic,1,0,1,0,1,0,1,0,0,1,0,price_shock,1
59ee528a-c7e6-4501-8998-d2e4164e13ee,7,127.0,desktop,organic,1,0,1,0,1,0,1,1,1,1,0,payment_failure,1
5a1e2f1a-9d10-47d6-adf4-d89cfd14ba05,5,89.0,desktop,organic,1,0,1,0,1,0,1,0,0,1,0,price_shock,1
5a31616f-fa5c-4f83-a749-64ec10eee34d,6,108.0,mobile,paid_search,1,0,1,0,0,1,1,1,0,1,0,no_friction,0
5a38be78-c714-45ca-b5f7-1e0618a8d105,5,63.0,mobile,organic,1,0,1,0,1,0,1,0,0,1,0,price_shock,1
5a55e2a2-848a-4cbd-86d7-c431bf09ab4a,6,102.0,desktop,paid_search,1,0,1,0,0,1,1,1,0,1,0,no_friction,0
5a5a8dae-ae86-4f77-8228-7637ee65d87f,10,194.0,mobile,paid_search,0,0,0,4,1,0,1,0,0,4,0,unclear_product_info,1
5a600a19-db95-4885-b542-aec7030e9e28,2,6.0,mobile,organic,0,0,0,0,1,0,1,0,0,0,0,,1
5a73b313-ca3a-4a03-863b-21edefc71806,2,25.0,desktop,organic,0,0,0,0,1,0,1,0,0,0,0,,1
5a82a0eb-c62f-4798-aad7-bcf6f43bb89b,2,24.0,mobile,paid_search,0,0,0,0,1,0,1,0,0,0,0,,1
5a841046-40a3-44f0-a7f1-04e381502341,2,20.0,tablet,direct,0,0,0,0,1,0,1,0,0,0,0,,1
5a8a8cf6-70ef-4d13-a632-d01bc1b142ab,2,19.0,desktop,social,0,0,0,0,1,0,1,0,0,0,0,,1
5aa57078-c3db-4ae3-84b0-8785953d5edb,6,118.0,desktop,social,1,1,1,0,1,0,1,0,0,1,0,delivery_uncertainty,1
5aa7cced-a815-4326-bbf8-514c6c5be268,6,120.0,mobile,email,1,0,1,0,0,1,1,1,0,1,0,no_friction,0
5aaf32bd-cbfa-4ed1-85f8-fea6fc6e36a9,2,7.0,mobile,social,0,0,0,0,1,0,1,0,0,0,0,,1
5ab79e93-f871-4f0b-89e8-09ba446b3b67,2,13.0,mobile,social,0,0,0,0,1,0,1,0,0,0,0,,1
5abae887-cad9-4121-880e-8349a446c60b,6,71.0,mobile,organic,1,0,1,0,0,1,1,1,0,1,0,no_friction,0
5ae095b4-b036-4edf-8746-0b54f76a4ee2,6,90.0,mobile,organic,1,0,1,0,0,1,1,1,0,1,0,no_friction,0
5b20e7aa-65a4-49ab-a401-5ed43e23b4e7,6,122.0,mobile,social,1,1,1,0,1,0,1,0,0,1,0,delivery_uncertainty,1
5b36ea88-9295-4394-ac28-0dd76b479452,2,13.0,mobile,organic,0,0,0,0,1,0,1,0,0,0,0,,1
5b389b19-03c2-4a14-8bac-fa0b155f24b2,6,99.0,tablet,organic,1,1,1,0,1,0,1,0,0,1,0,delivery_uncertainty,1
5b46bda1-050d-4bf7-87a4-d33c04cbf930,6,115.0,tablet,organic,1,0,1,0,0,1,1,1,0,1,0,post_purchase_anxiety,0
5b714804-a407-4082-a6ed-455acb2241df,2,12.0,mobile,paid_search,0,0,0,0,1,0,1,0,0,0,0,,1
5b74a7a9-4694-4a91-9c65-004ac5f90be8,2,9.0,desktop,paid_search,0,0,0,0,1,0,1,0,0,0,0,,1
5b90d531-a91e-452b-a92d-35c6e42e28d1,6,104.0,mobile,social,1,0,1,0,0,1,1,1,0,1,0,no_friction,0
5b9a0bfb-e7f1-496d-94a6-c1e513573941,2,22.0,tablet,email,0,0,0,0,1,0,1,0,0,0,0,,1
5ba22ef8-20d6-4dac-b441-0a54b0708eea,2,6.0,desktop,paid_search,0,0,0,0,1,0,1,0,0,0,0,,1
5ba7da60-85b8-4476-a294-4c5626068ec3,6,109.0,desktop,paid_search,1,0,1,0,0,1,1,1,0,1,0,post_purchase_anxiety,0
5bb65c6c-e065-4e6c-a4a5-719eaa33df17,6,109.0,mobile,social,1,0,1,0,0,1,1,1,0,1,0,no_friction,0
5bc01daa-3c9e-46fb-820e-fb3cbd7c85ab,6,122.0,mobile,email,1,0,1,0,0,1,1,1,0,1,0,no_friction,0
5bcf4ea4-06bd-4f6f-8312-5db7ae08fdbc,7,141.0,mobile,paid_search,1,0,1,0,1,0,1,1,1,1,0,payment_failure,1
5bf0d50d-9725-491a-82a9-b9f04887f3ff,6,122.0,desktop,organic,1,0,1,0,0,1,1,1,0,1,0,no_friction,0
5bf8b9fc-8773-49ce-b62e-c87625416e36,6,109.0,mobile,direct,1,0,1,0,0,1,1,1,0,1,0,no_friction,0
5c1f982d-c61d-4d9a-82e1-4a50929262e2,2,8.0,mobile,organic,0,0,0,0,1,0,1,0,0,0,0,,1
5c4c7b24-306e-4435-9c57-e9726a368193,6,130.0,desktop,social,1,1,1,0,1,0,1,0,0,1,0,delivery_uncertainty,1
5c5dec9d-1b97-40ef-bfd6-b1df1ff05953,6,140.0,tablet,organic,1,1,1,0,1,0,1,0,0,1,0,delivery_uncertainty,1
5c61c9d2-ad2b-4c4c-82d2-fe0047c72eab,8,113.0,desktop,social,0,0,0,0,1,0,4,0,0,0,3,poor_recommendations,1
5c6f1d05-de35-4967-8f3b-fd8224975032,7,152.0,mobile,social,1,0,1,0,1,0,1,1,1,1,0,payment_failure,1
5c742745-e8aa-4994-b0a9-e06dd7b52d69,6,88.0,desktop,paid_search,1,0,1,0,0,1,1,1,0,1,0,no_friction,0
5c748616-dc9c-43d1-b35d-47739d76ac63,2,26.0,desktop,paid_search,0,0,0,0,1,0,1,0,0,0,0,,1
5c80871b-e41d-4512-954a-18b72d06927a,2,26.0,mobile,organic,0,0,0,0,1,0,1,0,0,0,0,,1
5c87fea3-df11-45c7-a94d-4adb7272ed22,10,208.0,mobile,paid_search,0,0,0,4,1,0,1,0,0,4,0,unclear_product_info,1
5ca0d274-86cb-40ae-9726-6b111808c3a6,2,23.0,mobile,social,0,0,0,0,1,0,1,0,0,0,0,,1
5ca15e37-1f86-4df3-8e66-6481fe2ee0da,10,183.0,mobile,paid_search,0,0,0,4,1,0,1,0,0,4,0,unclear_product_info,1
5cade9f2-4103-451c-afb3-1c525dbf3b88,6,122.0,tablet,organic,1,0,1,0,0,1,1,1,0,1,0,post_purchase_anxiety,0
5cbc8321-c59d-4d44-8357-1abd7ad92936,2,15.0,desktop,organic,0,0,0,0,1,0,1,0,0,0,0,,1
5cc5d5de-a8a1-4436-9a31-8adc1a5903b4,2,17.0,desktop,social,0,0,0,0,1,0,1,0,0,0,0,,1
5cd011c4-fd3d-4927-bcca-1a0cdb950199,2,21.0,mobile,social,0,0,0,0,1,0,1,0,0,0,0,,1
5ce523de-e58c-4c04-a7a2-02960951c54b,7,171.0,desktop,organic,1,0,1,0,1,0,1,1,1,1,0,payment_failure,1
5ce867c4-9c72-4ad4-8379-45a3e76fa546,2,6.0,mobile,paid_search,0,0,0,0,1,0,1,0,0,0,0,,1
5ce879d1-ab9a-43cc-a935-ab5c637ddbb1,2,29.0,mobile,social,0,0,0,0,1,0,1,0,0,0,0,,1
5ceb2169-883f-48ae-b99a-2db75c429bf0,6,125.0,desktop,direct,1,1,1,0,1,0,1,0,0,1,0,delivery_uncertainty,1
5ced65cc-984c-475f-89cb-498f1328697e,5,80.0,desktop,paid_search,1,0,1,0,1,0,1,0,0,1,0,price_shock,1
5cf38b20-db18-4da5-9c47-daaa62c8bb31,10,199.0,desktop,organic,0,0,0,4,1,0,1,0,0,4,0,unclear_product_info,1
5cf92f40-23bd-416b-8343-2e7c73e2c5e4,2,12.0,mobile,social,0,0,0,0,1,0,1,0,0,0,0,,1
5cfe742b-1516-4eb5-a0fb-c978c4da59b6,2,7.0,mobile,paid_search,0,0,0,0,1,0,1,0,0,0,0,,1
5d13b87a-4437-4ac5-beee-e3162c5a4537,6,130.0,mobile,email,1,0,1,0,0,1,1,1,0,1,0,no_friction,0
5d28036b-44d6-4ce9-9278-5b8bb57bab59,8,83.0,mobile,social,0,0,0,0,1,0,4,0,0,0,3,poor_recommendations,1
5d2cd44d-92e7-4268-b002-059d90e89d8e,6,112.0,mobile,organic,1,0,1,0,0,1,1,1,0,1,0,no_friction,0
5d50f50a-fedf-4e8b-bbde-040945fcdd0b,2,27.0,mobile,paid_search,0,0,0,0,1,0,1,0,0,0,0,,1
5d5a3361-f4dc-4134-86f1-664c4fa121c2,2,27.0,mobile,organic,0,0,0,0,1,0,1,0,0,0,0,,1
5d6024db-9cb3-460c-8003-55ac63f3fa03,2,24.0,mobile,organic,0,0,0,0,1,0,1,0,0,0,0,,1
5d95174f-46a4-456a-b7a6-cc094ddf761f,8,98.0,mobile,direct,0,0,0,0,1,0,4,0,0,0,3,poor_recommendations,1
5d957402-dd21-4b4b-8d28-7dfac1b9268d,10,145.0,mobile,organic,0,0,0,4,1,0,1,0,0,4,0,unclear_product_info,1
5d99a760-69e9-454b-a8bb-46cc66b9cb93,2,30.0,desktop,social,0,0,0,0,1,0,1,0,0,0,0,,1
5da42d05-75f2-4fdb-8e95-567db0b78575,5,97.0,mobile,organic,1,0,1,0,1,0,1,0,0,1,0,price_shock,1
5da73c55-0d9d-43c9-b57b-a18f6d31611c,2,19.0,desktop,direct,0,0,0,0,1,0,1,0,0,0,0,,1
5daaedc1-dc1a-4b00-ae6e-6556c15e392b,7,116.0,mobile,email,1,0,1,0,1,0,1,1,1,1,0,payment_failure,1
5daf3747-f472-46fc-9125-b6fdeaed62e6,6,74.0,desktop,email,1,0,1,0,0,1,1,1,0,1,0,post_purchase_anxiety,0
5db2df48-6a96-44de-bcd6-808d12fae889,6,98.0,desktop,organic,1,0,1,0,0,1,1,1,0,1,0,no_friction,0
5db84d4a-7bd7-434c-85a9-14b2de399c5c,6,119.0,desktop,organic,1,0,1,0,0,1,1,1,0,1,0,no_friction,0
5db97a4f-2c57-481f-a222-5d48533eb9aa,7,131.0,mobile,organic,1,0,1,0,1,0,1,1,1,1,0,payment_failure,1
5dbcbf76-60d1-42db-87df-3d7aef5a30d8,6,124.0,mobile,organic,1,0,1,0,0,1,1,1,0,1,0,post_purchase_anxiety,0
5dbd82d5-0d75-4057-9b9e-f68729e5aa02,2,18.0,desktop,organic,0,0,0,0,1,0,1,0,0,0,0,,1
5dc54d3e-92fc-4fca-97f1-f58cc974a353,2,27.0,mobile,social,0,0,0,0,1,0,1,0,0,0,0,,1
5dc9aeae-d481-47c5-beda-8c7b9e5a2b22,2,6.0,desktop,paid_search,0,0,0,0,1,0,1,0,0,0,0,,1
5dd720cc-5e79-4f8e-ae9f-7cf28be51def,7,120.0,mobile,paid_search,1,0,1,0,1,0,1,1,1,1,0,payment_failure,1
5de78558-611d-491d-bc42-b8ddd0847d36,2,15.0,mobile,organic,0,0,0,0,1,0,1,0,0,0,0,,1
5e0ec0db-e595-48e8-a551-eaed859179e9,2,12.0,desktop,organic,0,0,0,0,1,0,1,0,0,0,0,,1
5e10e066-1950-4c04-b0bd-4f66b94167ec,2,24.0,mobile,organic,0,0,0,0,1,0,1,0,0,0,0,,1
5e1ad6dd-0793-45aa-b873-628c1d259c1f,2,7.0,tablet,email,0,0,0,0,1,0,1,0,0,0,0,,1
5e1bfc81-814b-46ff-b93d-d5e4e333617e,2,21.0,mobile,email,0,0,0,0,1,0,1,0,0,0,0,,1
5e305c4c-97aa-4cf5-86a8-53895d5c3193,2,20.0,mobile,direct,0,0,0,0,1,0,1,0,0,0,0,,1
5e330b3f-9429-48bd-944d-e9a2f8c049ec,2,30.0,mobile,email,0,0,0,0,1,0,1,0,0,0,0,,1
5e451aff-ff94-4817-8287-81c847d1e375,2,14.0,desktop,organic,0,0,0,0,1,0,1,0,0,0,0,,1
5e492b67-6345-4bfe-8e9c-df867199c34d,2,18.0,mobile,email,0,0,0,0,1,0,1,0,0,0,0,,1
5e5f30ea-d165-4632-86a5-dc842193232c,2,24.0,mobile,social,0,0,0,0,1,0,1,0,0,0,0,,1
5e6fcc0d-fa6b-43e3-8e30-98da57ca840a,5,59.0,tablet,direct,1,0,1,0,1,0,1,0,0,1,0,price_shock,1
5e9d03d6-fa62-4291-a67b-246fccf4b4e6,2,25.0,mobile,organic,0,0,0,0,1,0,1,0,0,0,0,,1
5ea5300d-6bb2-40f5-8998-2fdca5b3a873,2,9.0,desktop,paid_search,0,0,0,0,1,0,1,0,0,0,0,,1
5ec36755-ef7a-4598-a171-2b606d6ef0a7,6,94.0,mobile,organic,1,0,1,0,0,1,1,1,0,1,0,no_friction,0
5ecd96ca-2a57-4f86-8e60-06c0b86e2973,2,12.0,desktop,organic,0,0,0,0,1,0,1,0,0,0,0,,1
5ed4485b-9384-429d-abef-8818652f218e,7,133.0,desktop,organic,1,0,1,0,1,0,1,1,1,1,0,payment_failure,1
5ee8ac9e-4416-40bb-ab6c-bf5c88bb1fc5,2,28.0,desktop,organic,0,0,0,0,1,0,1,0,0,0,0,,1
5ef2063a-e672-4aa8-a198-29f7f318285d,2,15.0,mobile,organic,0,0,0,0,1,0,1,0,0,0,0,,1
5ef73f70-0778-484a-9bc8-95cd0c599a7e,6,104.0,mobile,organic,1,0,1,0,0,1,1,1,0,1,0,post_purchase_anxiety,0
5f0bab0c-32a6-44c6-874c-d2049e955df3,2,21.0,tablet,organic,0,0,0,0,1,0,1,0,0,0,0,,1
5f20b337-31f6-40e3-8ce6-c9431617c46b,7,148.0,tablet,social,1,0,1,0,1,0,1,1,1,1,0,payment_failure,1
5f28aa23-a4b7-42fd-8cb5-539dcb4ebf6f,6,134.0,mobile,paid_search,1,0,1,0,0,1,1,1,0,1,0,no_friction,0
5f3e0ead-5c84-489a-94cc-f49f8e33acd7,2,10.0,tablet,organic,0,0,0,0,1,0,1,0,0,0,0,,1
5f3ee28d-a068-4b3a-97c1-bdd6b6f23373,6,97.0,mobile,organic,1,0,1,0,0,1,1,1,0,1,0,no_friction,0
5f4c5517-48e1-4d8d-94c6-38c500ab9e0b,5,105.0,mobile,email,1,0,1,0,1,0,1,0,0,1,0,price_shock,1
5f5592e7-f00a-4a12-9c32-586af33d8ed5,2,19.0,mobile,paid_search,0,0,0,0,1,0,1,0,0,0,0,,1
5f5f15c6-191e-4422-b895-f2957894c5f9,2,8.0,mobile,email,0,0,0,0,1,0,1,0,0,0,0,,1
5f648772-f2e2-4511-a119-34bad1a4bd03,6,116.0,tablet,social,1,0,1,0,0,1,1,1,0,1,0,no_friction,0
5f689cbe-9f5b-42ac-bf56-169d4ee8029f,2,29.0,desktop,social,0,0,0,0,1,0,1,0,0,0,0,,1
5f69a400-1135-45c7-a3df-3a964baa7f79,5,94.0,desktop,organic,1,0,1,0,1,0,1,0,0,1,0,price_shock,1
5f6e047a-9e4c-4f9f-baa3-8d08a3d909c7,6,134.0,mobile,organic,1,0,1,0,0,1,1,1,0,1,0,no_friction,0
5f7b1bb4-be42-4dd2-bdcc-e69648c24ceb,2,30.0,mobile,organic,0,0,0,0,1,0,1,0,0,0,0,,1
5f7c038c-3911-4eaa-996f-d6d83413ad1d,2,12.0,desktop,organic,0,0,0,0,1,0,1,0,0,0,0,,1
5f81d14c-0459-42e8-b748-16d35d866219,2,7.0,mobile,social,0,0,0,0,1,0,1,0,0,0,0,,1
5f82b582-b44d-45a2-b53f-2f994d5e8833,2,27.0,mobile,organic,0,0,0,0,1,0,1,0,0,0,0,,1
5f90ed66-59eb-45ac-bc4c-fb508ec46839,6,115.0,mobile,direct,1,1,1,0,1,0,1,0,0,1,0,delivery_uncertainty,1
5fa99086-1e28-4269-bc90-22900dd41d86,2,16.0,desktop,organic,0,0,0,0,1,0,1,0,0,0,0,,1
5fab295f-9884-42d0-bd12-ed4d8c60ec65,2,21.0,mobile,organic,0,0,0,0,1,0,1,0,0,0,0,,1
5fb5b0a2-a82a-4a17-9863-276f4f0dc8f2,5,71.0,desktop,social,1,0,1,0,1,0,1,0,0,1,0,price_shock,1
5fc7b3e7-c49c-4f2c-bf87-aa52fc43ea81,6,121.0,desktop,email,1,1,1,0,1,0,1,0,0,1,0,delivery_uncertainty,1
5fd99f20-bb8b-4011-9752-c14781b23288,6,88.0,mobile,social,1,0,1,0,0,1,1,1,0,1,0,post_purchase_anxiety,0
5fe5fc91-4a8b-4ae6-89fb-b37c3ced6628,10,218.0,desktop,organic,0,0,0,4,1,0,1,0,0,4,0,unclear_product_info,1
600071b9-879f-4056-88dc-6c47d5cb4327,2,26.0,mobile,social,0,0,0,0,1,0,1,0,0,0,0,,1
600a5c71-9de6-40b5-b530-268a02d59e85,2,30.0,mobile,paid_search,0,0,0,0,1,0,1,0,0,0,0,,1
601041c9-92b4-4d3c-ba1c-eedd95dcbf20,6,111.0,desktop,organic,1,0,1,0,0,1,1,1,0,1,0,no_friction,0
601f0526-e0cd-420f-a849-546c8a51d5ed,8,83.0,mobile,organic,0,0,0,0,1,0,4,0,0,0,3,poor_recommendations,1
602b79ee-eb2b-4528-83a8-f592cdba6a87,2,6.0,tablet,organic,0,0,0,0,1,0,1,0,0,0,0,,1
602cc83a-692f-45b5-9a19-87c9c059d22c,2,9.0,mobile,social,0,0,0,0,1,0,1,0,0,0,0,,1
6038f425-ece9-4c30-ae21-8c1674b334fc,2,16.0,mobile,direct,0,0,0,0,1,0,1,0,0,0,0,,1
60397d93-a890-461b-815b-da7ef789af96,2,18.0,tablet,paid_search,0,0,0,0,1,0,1,0,0,0,0,,1
60430a81-c7e3-4c26-8d22-3b0a67b481b7,2,24.0,mobile,organic,0,0,0,0,1,0,1,0,0,0,0,,1
60522c4f-cd02-4255-8839-0471ab5ff6d4,2,24.0,tablet,organic,0,0,0,0,1,0,1,0,0,0,0,,1
6072830c-e4f4-48c1-9fd3-94bb43d14949,2,27.0,mobile,social,0,0,0,0,1,0,1,0,0,0,0,,1
609e2a07-4fdb-42a7-a749-d23e3fe65fa9,6,104.0,desktop,paid_search,1,0,1,0,0,1,1,1,0,1,0,no_friction,0
60b592c0-2bc0-45b6-a7de-42bc2dc00ebc,6,120.0,mobile,organic,1,0,1,0,0,1,1,1,0,1,0,no_friction,0
60cf72c6-875b-460c-b7a9-a3e71748f60c,6,129.0,mobile,social,1,0,1,0,0,1,1,1,0,1,0,post_purchase_anxiety,0
61069eb4-e14b-4f67-977e-527cca4c7e85,2,24.0,mobile,organic,0,0,0,0,1,0,1,0,0,0,0,,1
6128e659-b8aa-4676-9277-336d59c4ea03,2,23.0,desktop,organic,0,0,0,0,1,0,1,0,0,0,0,,1
6138c141-5033-4e89-9435-fa823ffe8091,6,102.0,mobile,organic,1,0,1,0,0,1,1,1,0,1,0,no_friction,0
613c184e-4a88-48fe-bc19-3fad5130fdc3,2,19.0,mobile,organic,0,0,0,0,1,0,1,0,0,0,0,,1
614caa14-c950-4213-be6e-e1f8e1be2d2c,2,22.0,mobile,social,0,0,0,0,1,0,1,0,0,0,0,,1
6154244c-137e-4da5-b6a3-09bfe98d0bfe,6,78.0,mobile,direct,1,0,1,0,0,1,1,1,0,1,0,no_friction,0
615a566d-11e9-48f2-b18d-089a5d8aff80,2,12.0,mobile,organic,0,0,0,0,1,0,1,0,0,0,0,,1
616a17bb-edb0-4c1b-a00d-9d0116c6ff30,6,99.0,desktop,organic,1,0,1,0,0,1,1,1,0,1,0,no_friction,0
617793dd-f869-4822-abd0-ee7d17882b84,6,85.0,mobile,direct,1,0,1,0,0,1,1,1,0,1,0,no_friction,0
618198dd-1894-4ac0-b035-12aaa483c942,10,267.0,tablet,social,0,0,0,4,1,0,1,0,0,4,0,unclear_product_info,1
619dfbd4-99fb-4262-ba32-ce7397d4b28b,2,17.0,mobile,organic,0,0,0,0,1,0,1,0,0,0,0,,1
61b2affe-2ccd-4f2f-8181-9f8c9da61baa,6,120.0,desktop,direct,1,0,1,0,0,1,1,1,0,1,0,no_friction,0
61c07769-7b88-4d7f-a005-b9f1798f822b,2,10.0,mobile,paid_search,0,0,0,0,1,0,1,0,0,0,0,,1
61dfb00d-7cde-4677-bba9-09252393bc5e,6,109.0,mobile,email,1,0,1,0,0,1,1,1,0,1,0,no_friction,0
61e72817-0a79-4219-9272-ebda15908c51,6,92.0,desktop,email,1,0,1,0,0,1,1,1,0,1,0,no_friction,0
61f91078-c59a-4761-8dc4-8ed56e300a10,6,102.0,tablet,organic,1,0,1,0,0,1,1,1,0,1,0,no_friction,0
620361e3-029b-4cbb-b161-0302ade15cc2,6,105.0,desktop,social,1,0,1,0,0,1,1,1,0,1,0,no_friction,0
6236b7e3-2092-475a-a96e-ecf50b1fccb6,6,83.0,mobile,social,1,0,1,0,0,1,1,1,0,1,0,no_friction,0
624a2ef0-7554-4137-94ee-e51300a1750e,10,157.0,tablet,organic,0,0,0,4,1,0,1,0,0,4,0,unclear_product_info,1
624bf05b-26ab-4589-9a7c-dff7052e4863,2,14.0,desktop,paid_search,0,0,0,0,1,0,1,0,0,0,0,,1
6251143e-cc9a-4c5d-897c-79843b3c174e,2,22.0,mobile,organic,0,0,0,0,1,0,1,0,0,0,0,,1
62522e1b-a105-4b0d-89be-e8bd95421050,2,29.0,mobile,social,0,0,0,0,1,0,1,0,0,0,0,,1
62537018-b8c3-4e46-b101-80d213fd8ed8,6,129.0,tablet,organic,1,0,1,0,0,1,1,1,0,1,0,post_purchase_anxiety,0
625f4748-782b-4ca5-af60-a39d8f55bd5e,2,28.0,mobile,organic,0,0,0,0,1,0,1,0,0,0,0,,1
62691a4e-4c98-48fd-84eb-4aa7fdd1cfaf,6,123.0,mobile,organic,1,0,1,0,0,1,1,1,0,1,0,post_purchase_anxiety,0
627e04a1-5be8-4ac2-a686-616de8ea9c61,2,9.0,desktop,organic,0,0,0,0,1,0,1,0,0,0,0,,1
627fb6a0-7a46-4e2d-bb0f-25b11ec160c5,6,95.0,desktop,paid_search,1,0,1,0,0,1,1,1,0,1,0,post_purchase_anxiety,0
62842a72-8225-4575-9be3-c936ad3119df,6,108.0,mobile,organic,1,0,1,0,0,1,1,1,0,1,0,no_friction,0
62bbdc80-689b-40a4-b486-9af52cea11d5,2,19.0,mobile,social,0,0,0,0,1,0,1,0,0,0,0,,1
62bd5611-b505-4c3d-bd56-f3211aa6e5ce,6,107.0,desktop,paid_search,1,0,1,0,0,1,1,1,0,1,0,no_friction,0
62e434c5-5c00-4165-94ea-aa333d55f9a6,6,126.0,desktop,direct,1,0,1,0,0,1,1,1,0,1,0,no_friction,0
62e65796-5259-48cb-b504-e7f77ba2796c,2,16.0,mobile,email,0,0,0,0,1,0,1,0,0,0,0,,1
62fffd6b-dd31-4ee0-924d-fa4262f30996,2,25.0,desktop,organic,0,0,0,0,1,0,1,0,0,0,0,,1
63032c6f-3a48-484a-b24f-1d62108a3c7d,2,13.0,tablet,social,0,0,0,0,1,0,1,0,0,0,0,,1
631cd204-e6fb-4845-aa2b-16225210c33f,6,104.0,mobile,organic,1,1,1,0,1,0,1,0,0,1,0,delivery_uncertainty,1
6325c743-ea4c-43c2-be00-5c69c50383a1,7,112.0,mobile,social,1,0,1,0,1,0,1,1,1,1,0,payment_failure,1
632eddc3-366b-4916-88f7-e004b2c85c76,2,10.0,desktop,organic,0,0,0,0,1,0,1,0,0,0,0,,1
635b0f37-81c3-4fa1-9923-070f1213c0ec,2,30.0,desktop,social,0,0,0,0,1,0,1,0,0,0,0,,1
6365a213-0749-45bc-89e4-2fb68c2877dd,7,142.0,desktop,paid_search,1,0,1,0,1,0,1,1,1,1,0,payment_failure,1
63698e09-c8de-4aea-82c5-451fb4e7d94c,5,108.0,desktop,organic,1,0,1,0,1,0,1,0,0,1,0,price_shock,1
636c0072-1587-4c46-b160-12bee0ed41d9,8,113.0,mobile,paid_search,0,0,0,0,1,0,4,0,0,0,3,poor_recommendations,1
636f57c1-4863-4b72-96c1-5e6f50398cda,10,181.0,desktop,social,0,0,0,4,1,0,1,0,0,4,0,unclear_product_info,1
637a6db7-7d72-403b-9049-4e4f36f627f9,6,105.0,mobile,paid_search,1,0,1,0,0,1,1,1,0,1,0,no_friction,0
6383f0b2-906b-44fd-8e32-0829f4845f3b,7,131.0,mobile,email,1,0,1,0,1,0,1,1,1,1,0,payment_failure,1
6391cd9f-9fdf-4def-aeba-cfaba52cd01f,2,6.0,mobile,paid_search,0,0,0,0,1,0,1,0,0,0,0,,1
63ae0dcd-6a35-406b-86aa-3683ff3c09dc,6,73.0,mobile,social,1,0,1,0,0,1,1,1,0,1,0,no_friction,0
63b497f9-4772-4f6f-a35b-b69f5bf5224d,2,23.0,mobile,organic,0,0,0,0,1,0,1,0,0,0,0,,1
63b8664b-5128-4b82-8f59-da88495e6dc8,2,11.0,desktop,organic,0,0,0,0,1,0,1,0,0,0,0,,1
63bec8b4-d2b8-48c6-91c3-453baa19f67a,6,85.0,mobile,direct,1,0,1,0,0,1,1,1,0,1,0,no_friction,0
63c36294-a279-431e-9009-076b5142997e,2,19.0,mobile,paid_search,0,0,0,0,1,0,1,0,0,0,0,,1
63d49ef5-9777-47c0-978d-3bf04eb4baef,6,103.0,desktop,social,1,0,1,0,0,1,1,1,0,1,0,no_friction,0
63eed81b-6ee0-4918-97a0-86bb23f2c5c1,2,17.0,mobile,email,0,0,0,0,1,0,1,0,0,0,0,,1
63f82c35-a8b2-461d-ac63-f6e24f727316,2,13.0,mobile,email,0,0,0,0,1,0,1,0,0,0,0,,1
63f9f57f-7f6f-45d0-b4dc-8083b0ed8bb5,5,109.0,mobile,paid_search,1,0,1,0,1,0,1,0,0,1,0,price_shock,1
63fad9f5-a551-4a82-8b58-1f5b90ee2c90,2,25.0,desktop,social,0,0,0,0,1,0,1,0,0,0,0,,1
63fb11e9-6603-44ad-ba0c-34f62f4680e7,2,23.0,mobile,organic,0,0,0,0,1,0,1,0,0,0,0,,1
6415779c-1ee1-4bd6-80fe-9d6670479ba4,2,30.0,desktop,social,0,0,0,0,1,0,1,0,0,0,0,,1
6419abaf-cd21-43b8-b5f8-46b9d8bc1a18,2,10.0,desktop,direct,0,0,0,0,1,0,1,0,0,0,0,,1
641a72f4-25d0-44bf-8ec8-d923c7faad7e,6,83.0,mobile,organic,1,0,1,0,0,1,1,1,0,1,0,no_friction,0
641ead48-3c3f-4638-86a4-9b11aaa4e8e6,6,117.0,mobile,organic,1,0,1,0,0,1,1,1,0,1,0,no_friction,0
643d9c5a-65ce-4440-b21c-4bd395346ba2,2,21.0,mobile,direct,0,0,0,0,1,0,1,0,0,0,0,,1
64544e70-aaa5-4260-ad7e-a28be6ad4baa,2,13.0,desktop,organic,0,0,0,0,1,0,1,0,0,0,0,,1
64734471-3d94-4fb4-a0ff-74937cac189a,6,94.0,mobile,email,1,0,1,0,0,1,1,1,0,1,0,post_purchase_anxiety,0
647fcad6-8fa1-4d3d-a3e8-657c515caa70,6,124.0,desktop,organic,1,0,1,0,0,1,1,1,0,1,0,no_friction,0
6490048a-8e25-49e5-98a9-791408de7b05,2,28.0,mobile,social,0,0,0,0,1,0,1,0,0,0,0,,1
6494e23a-7211-492d-8540-526a4dfbfb34,10,188.0,desktop,organic,0,0,0,4,1,0,1,0,0,4,0,unclear_product_info,1
64b64802-86d2-4e68-904a-8fa75378b245,8,116.0,mobile,email,0,0,0,0,1,0,4,0,0,0,3,poor_recommendations,1
64b9a76d-8146-4bea-bbb6-fe8aa4b689aa,10,252.0,mobile,organic,0,0,0,4,1,0,1,0,0,4,0,unclear_product_info,1
64c2369a-d35e-4fab-8833-ade996f33393,5,84.0,mobile,email,1,0,1,0,1,0,1,0,0,1,0,price_shock,1
64cf3b38-50e2-410d-8746-a3a41621872e,6,87.0,mobile,organic,1,1,1,0,1,0,1,0,0,1,0,delivery_uncertainty,1
64d2983a-63b2-4c1d-95f8-366b273ce7bd,7,119.0,mobile,social,1,0,1,0,1,0,1,1,1,1,0,payment_failure,1
6503c30b-b126-41e6-a556-da1efab6f499,6,148.0,desktop,organic,1,1,1,0,1,0,1,0,0,1,0,delivery_uncertainty,1
6511682a-b6bb-4302-a480-ef92545a86b7,2,10.0,mobile,email,0,0,0,0,1,0,1,0,0,0,0,,1
65181df7-27a5-4ce1-bf21-ea4d5c0e8a79,2,19.0,tablet,social,0,0,0,0,1,0,1,0,0,0,0,,1
6519485e-df2c-49b1-b14c-4094554e03cc,8,119.0,tablet,social,0,0,0,0,1,0,4,0,0,0,3,poor_recommendations,1
6520fa20-2f23-49c3-b4c3-2da7beac72b7,6,137.0,mobile,email,1,0,1,0,0,1,1,1,0,1,0,post_purchase_anxiety,0
6525f491-0ccf-4623-b66c-2623cef8a37d,2,26.0,mobile,social,0,0,0,0,1,0,1,0,0,0,0,,1
65277d39-9342-4654-9576-dead579fc9dd,2,5.0,mobile,organic,0,0,0,0,1,0,1,0,0,0,0,,1
65279b58-dc58-4434-b0c5-8842037613ad,6,107.0,desktop,organic,1,0,1,0,0,1,1,1,0,1,0,post_purchase_anxiety,0
6534cad7-b74f-4c05-9de1-bbe01b736ef0,6,138.0,mobile,paid_search,1,0,1,0,0,1,1,1,0,1,0,no_friction,0
655279c3-f393-40d3-893e-6abbb41a6310,2,17.0,mobile,paid_search,0,0,0,0,1,0,1,0,0,0,0,,1
6556e8e2-6e7b-47eb-b1d1-bc4ec5320468,10,226.0,mobile,paid_search,0,0,0,4,1,0,1,0,0,4,0,unclear_product_info,1
6559f6fb-1cf3-4538-a4ed-951053129f8e,5,105.0,mobile,social,1,0,1,0,1,0,1,0,0,1,0,price_shock,1
656eb346-7cd6-4a2f-800b-3230db97f804,2,26.0,mobile,social,0,0,0,0,1,0,1,0,0,0,0,,1
6577cf34-e817-4b08-8e69-b8d78f7a16f2,8,116.0,desktop,organic,0,0,0,0,1,0,4,0,0,0,3,poor_recommendations,1
659b41f6-dbe3-4ac9-b23c-0ffe98104207,2,15.0,mobile,social,0,0,0,0,1,0,1,0,0,0,0,,1
659ec8b0-13cf-4070-bd80-1e254e7b41bd,2,22.0,tablet,social,0,0,0,0,1,0,1,0,0,0,0,,1
65ab177c-c2fd-465f-aa62-ac32cde99da2,8,84.0,mobile,organic,0,0,0,0,1,0,4,0,0,0,3,poor_recommendations,1
65ae8f30-dbf5-48e5-aa06-3946e7d6e57c,2,19.0,desktop,social,0,0,0,0,1,0,1,0,0,0,0,,1
65b930ea-ee4d-4cae-a2a0-f9746658e70d,2,13.0,desktop,direct,0,0,0,0,1,0,1,0,0,0,0,,1
65b93ca6-5cd8-4ad5-a676-7cc9c967d9e1,2,23.0,mobile,organic,0,0,0,0,1,0,1,0,0,0,0,,1
65cfe7bf-e4ea-4171-b7bf-f1c006494b44,10,139.0,mobile,organic,0,0,0,4,1,0,1,0,0,4,0,unclear_product_info,1
65e15a83-0ea5-4cb6-8e96-74a94a26a535,6,121.0,mobile,organic,1,0,1,0,0,1,1,1,0,1,0,no_friction,0
65e5304b-baba-40de-ac3b-4e3f6a3d088e,2,26.0,tablet,email,0,0,0,0,1,0,1,0,0,0,0,,1
65e5d5bd-8e0f-466e-bfcb-fe9f97c2656b,2,20.0,mobile,organic,0,0,0,0,1,0,1,0,0,0,0,,1
65f6ae33-e847-430b-a826-fda07562a744,6,114.0,desktop,social,1,1,1,0,1,0,1,0,0,1,0,delivery_uncertainty,1
660021ca-1e8d-40d1-bc9a-7cd438aa446a,8,102.0,mobile,paid_search,0,0,0,0,1,0,4,0,0,0,3,poor_recommendations,1
660db554-9404-4635-b438-9b3957bdacbd,5,75.0,mobile,paid_search,1,0,1,0,1,0,1,0,0,1,0,price_shock,1
662cacea-9f19-41da-b9d4-bb5b8fc6a1da,2,23.0,mobile,organic,0,0,0,0,1,0,1,0,0,0,0,,1
663d37d1-d073-4fde-aa49-cb6cd4f58703,6,122.0,desktop,email,1,0,1,0,0,1,1,1,0,1,0,no_friction,0
66491d73-23be-4210-a3c7-bfdea16d33d7,2,27.0,desktop,social,0,0,0,0,1,0,1,0,0,0,0,,1
664b4963-5287-4ffb-bd22-16b6cc669ffa,7,143.0,tablet,organic,1,0,1,0,1,0,1,1,1,1,0,payment_failure,1
66687725-0e10-429e-80b1-6c0ac0064624,6,80.0,mobile,social,1,0,1,0,0,1,1,1,0,1,0,no_friction,0
66725c40-804a-4cad-b711-5b2f6fb255a6,2,20.0,desktop,social,0,0,0,0,1,0,1,0,0,0,0,,1
6677e99d-fe2f-40cd-a2d9-9a6de1d88e4e,6,108.0,desktop,social,1,1,1,0,1,0,1,0,0,1,0,delivery_uncertainty,1
6679f1dd-1646-4fb2-a199-2021a602a85c,6,96.0,mobile,organic,1,0,1,0,0,1,1,1,0,1,0,post_purchase_anxiety,0
667a8bfb-979e-4107-84d9-db61478bfde1,2,15.0,desktop,direct,0,0,0,0,1,0,1,0,0,0,0,,1
667b5582-5fa5-4477-a296-8f0377afc79c,8,101.0,desktop,organic,0,0,0,0,1,0,4,0,0,0,3,poor_recommendations,1
6688efcc-06f0-44b4-ad4e-670b0311232c,8,97.0,mobile,social,0,0,0,0,1,0,4,0,0,0,3,poor_recommendations,1
668e81b7-dc85-434a-8c3a-8517b988ccea,7,140.0,mobile,paid_search,1,0,1,0,1,0,1,1,1,1,0,payment_failure,1
6690af58-0a74-4806-9885-f08852960a1f,2,11.0,tablet,social,0,0,0,0,1,0,1,0,0,0,0,,1
66b0190e-4230-4905-b6c4-b42f8202f73b,2,25.0,mobile,social,0,0,0,0,1,0,1,0,0,0,0,,1
66b4c431-8ec3-475e-a98b-6caf022344ad,6,129.0,desktop,social,1,0,1,0,0,1,1,1,0,1,0,no_friction,0
66d79fa2-44cb-49c2-9ca2-8162f23abf89,2,10.0,tablet,social,0,0,0,0,1,0,1,0,0,0,0,,1
6722569a-908c-494b-bfc3-6793221ac40d,6,123.0,mobile,direct,1,0,1,0,0,1,1,1,0,1,0,no_friction,0
6730782e-3e28-4fcc-aea6-8cf4dc92b31f,6,91.0,mobile,organic,1,1,1,0,1,0,1,0,0,1,0,delivery_uncertainty,1
67349837-e314-4849-8578-5c5c3afe2263,2,15.0,mobile,social,0,0,0,0,1,0,1,0,0,0,0,,1
6739b2a0-a194-4112-a5f9-3493b869305d,6,93.0,mobile,organic,1,0,1,0,0,1,1,1,0,1,0,no_friction,0
67425506-36c0-4982-af31-a9aa7b30f70d,6,114.0,mobile,direct,1,0,1,0,0,1,1,1,0,1,0,no_friction,0
674e480b-8559-4dae-8420-45f5f6fe2bef,2,25.0,mobile,email,0,0,0,0,1,0,1,0,0,0,0,,1
675446ad-0f4e-49c4-8d9f-9d8e7c3398c1,2,19.0,mobile,social,0,0,0,0,1,0,1,0,0,0,0,,1
6781ea57-c096-4491-b817-9c7c4bd58fb4,6,112.0,desktop,social,1,0,1,0,0,1,1,1,0,1,0,no_friction,0
6788e567-df4c-428a-8a25-b544f7c465a6,2,29.0,mobile,organic,0,0,0,0,1,0,1,0,0,0,0,,1
6793e77c-ceb3-461f-95e4-131dcd06e4de,2,23.0,tablet,social,0,0,0,0,1,0,1,0,0,0,0,,1
679b3764-8f2d-442a-ad91-588a7e915a2a,2,28.0,mobile,paid_search,0,0,0,0,1,0,1,0,0,0,0,,1
67a664a1-41e8-4da9-bd7f-4ad3efadeb86,2,22.0,mobile,organic,0,0,0,0,1,0,1,0,0,0,0,,1
67be8741-f88b-4121-9055-cc9b433dff0a,8,109.0,desktop,organic,0,0,0,0,1,0,4,0,0,0,3,poor_recommendations,1
67ce5518-6695-4bfa-b499-fe32e435026a,5,93.0,mobile,organic,1,0,1,0,1,0,1,0,0,1,0,price_shock,1
67d0e165-a005-46ad-b219-6f08c16ccdd4,6,81.0,mobile,social,1,0,1,0,0,1,1,1,0,1,0,no_friction,0
67d70607-69d8-4308-b2bf-d8e7d71a74e1,2,27.0,mobile,organic,0,0,0,0,1,0,1,0,0,0,0,,1
67d746de-3697-413f-94c7-6c0f80d4f43c,8,129.0,mobile,social,0,0,0,0,1,0,4,0,0,0,3,poor_recommendations,1
67dbc432-6dee-4360-ab4b-b5a20b1571eb,6,104.0,mobile,direct,1,1,1,0,1,0,1,0,0,1,0,delivery_uncertainty,1
67ec1b34-7a2e-463e-9c6a-14b153e27d89,2,8.0,desktop,social,0,0,0,0,1,0,1,0,0,0,0,,1
67f20ebd-6222-4350-a045-be46eccbfe99,2,13.0,mobile,paid_search,0,0,0,0,1,0,1,0,0,0,0,,1
67f69f8a-d6ec-431a-8d44-5e569a5436b3,7,137.0,desktop,organic,1,0,1,0,1,0,1,1,1,1,0,payment_failure,1
67f6ceae-c04b-4f22-8db2-7caf4e1f4d7f,2,11.0,desktop,social,0,0,0,0,1,0,1,0,0,0,0,,1
68014a86-67ae-4de5-8b57-a95216586e59,6,91.0,desktop,direct,1,0,1,0,0,1,1,1,0,1,0,post_purchase_anxiety,0
68024935-ff21-4a6b-a53c-9a99edfd8a7d,10,195.0,desktop,organic,0,0,0,4,1,0,1,0,0,4,0,unclear_product_info,1
680aa9b2-2f5f-4228-977d-1ba14e44bd80,2,20.0,desktop,organic,0,0,0,0,1,0,1,0,0,0,0,,1
681102fe-4471-42e3-ad1f-9c0c95ec7ac5,6,72.0,mobile,organic,1,0,1,0,0,1,1,1,0,1,0,no_friction,0
681ca9e5-01b0-4a30-8475-e5f89b9ae9aa,2,10.0,mobile,organic,0,0,0,0,1,0,1,0,0,0,0,,1
681dfa95-cef5-48d5-827b-7959cba10a72,2,20.0,desktop,organic,0,0,0,0,1,0,1,0,0,0,0,,1
68279ebc-7568-4b40-93fc-bb606ec50cb9,2,13.0,desktop,organic,0,0,0,0,1,0,1,0,0,0,0,,1
683158d8-e600-49c0-9de9-eb3ef26a6caf,6,95.0,tablet,social,1,0,1,0,0,1,1,1,0,1,0,no_friction,0
68315b34-b097-415b-b878-aee9eb4d82a7,8,95.0,mobile,organic,0,0,0,0,1,0,4,0,0,0,3,poor_recommendations,1
683e889c-5313-45a7-8954-2f89cd965399,10,227.0,mobile,organic,0,0,0,4,1,0,1,0,0,4,0,unclear_product_info,1
6840a6a2-7604-4c81-9f9a-2c65ff6ebc67,6,85.0,mobile,email,1,0,1,0,0,1,1,1,0,1,0,no_friction,0
68422a08-e584-4ccf-a074-58c854d62e93,2,14.0,mobile,paid_search,0,0,0,0,1,0,1,0,0,0,0,,1
684d2937-ac13-477d-9962-9439ba9f9a64,2,24.0,mobile,direct,0,0,0,0,1,0,1,0,0,0,0,,1
68603c19-9c6c-4afa-8416-af166eba16a1,6,122.0,desktop,organic,1,0,1,0,0,1,1,1,0,1,0,post_purchase_anxiety,0
68757252-f997-4695-825d-9cc8f9f20c66,2,8.0,desktop,organic,0,0,0,0,1,0,1,0,0,0,0,,1
687b9631-c5f4-4780-b831-45ce904f1814,6,95.0,desktop,organic,1,0,1,0,0,1,1,1,0,1,0,no_friction,0
687eb5c3-4d45-4c63-8280-c196bcc77123,2,9.0,tablet,organic,0,0,0,0,1,0,1,0,0,0,0,,1
68953141-3d1e-4b55-bbf9-43a4684a3306,6,112.0,mobile,organic,1,0,1,0,0,1,1,1,0,1,0,post_purchase_anxiety,0
6897d0a4-5ff8-435f-ac26-84d405b07a80,6,90.0,mobile,email,1,0,1,0,0,1,1,1,0,1,0,no_friction,0
68a695b6-39b8-4955-a7ba-97ea349fb386,2,6.0,mobile,organic,0,0,0,0,1,0,1,0,0,0,0,,1
68ab56bf-40c8-4e26-a964-42e22bf52926,2,15.0,mobile,email,0,0,0,0,1,0,1,0,0,0,0,,1
68afccd7-4653-4e7a-875b-daad77a9005f,6,123.0,desktop,organic,1,0,1,0,0,1,1,1,0,1,0,no_friction,0
68b04397-2489-4f09-989a-facf529f40de,2,12.0,mobile,organic,0,0,0,0,1,0,1,0,0,0,0,,1
68bd70c5-379f-4a06-9174-e34d31bd0fe8,6,98.0,mobile,social,1,0,1,0,0,1,1,1,0,1,0,post_purchase_anxiety,0
68c24951-fc40-473e-9093-2599fb952789,7,126.0,tablet,paid_search,1,0,1,0,1,0,1,1,1,1,0,payment_failure,1
68c993c4-9c7d-4651-9143-d52b381f82e8,2,10.0,mobile,organic,0,0,0,0,1,0,1,0,0,0,0,,1
68cbc0aa-9d63-4e17-9adc-42e2dcdb5bfe,5,93.0,mobile,organic,1,0,1,0,1,0,1,0,0,1,0,price_shock,1
68cfcd21-38ec-44cc-8104-4eca74a1f4e7,8,98.0,mobile,email,0,0,0,0,1,0,4,0,0,0,3,poor_recommendations,1
68d8dced-b57e-4db6-bf47-f40458cbdfb3,7,127.0,mobile,email,1,0,1,0,1,0,1,1,1,1,0,payment_failure,1
68dbc7ee-23e2-4e3e-8ed0-deb55e01a614,2,18.0,mobile,organic,0,0,0,0,1,0,1,0,0,0,0,,1
68e720c6-63d1-48af-bf77-3ed0b99afdbb,6,104.0,mobile,organic,1,1,1,0,1,0,1,0,0,1,0,delivery_uncertainty,1
6906711a-7b0a-44d9-a67e-12516a5a76eb,2,10.0,mobile,organic,0,0,0,0,1,0,1,0,0,0,0,,1
69123678-09a5-447d-bc5f-3746fbb5e0e3,2,13.0,mobile,direct,0,0,0,0,1,0,1,0,0,0,0,,1
69154392-c8fa-4998-8018-aae76ffce639,2,26.0,tablet,paid_search,0,0,0,0,1,0,1,0,0,0,0,,1
691d298e-a8d4-4792-9f16-47fe98fd8715,6,108.0,mobile,paid_search,1,0,1,0,0,1,1,1,0,1,0,post_purchase_anxiety,0
691fdebf-8739-4682-bddf-7c77a2b4dafd,2,25.0,mobile,social,0,0,0,0,1,0,1,0,0,0,0,,1
6923661c-97ef-4893-b399-65b0d9e2ff4b,10,199.0,mobile,organic,0,0,0,4,1,0,1,0,0,4,0,unclear_product_info,1
69334ee1-95a5-4e90-8473-9156043751d0,2,5.0,mobile,organic,0,0,0,0,1,0,1,0,0,0,0,,1
69494a0e-bc52-48ea-8ec5-ffb73df001a3,2,29.0,desktop,organic,0,0,0,0,1,0,1,0,0,0,0,,1
694ccf33-511c-48d7-97f1-bda3b9b04278,6,99.0,mobile,email,1,0,1,0,0,1,1,1,0,1,0,no_friction,0
6969cece-c360-4c5d-a09a-d58db13eb803,8,106.0,desktop,direct,0,0,0,0,1,0,4,0,0,0,3,poor_recommendations,1
696b3f1f-5250-4f88-b0d9-9116e6ad0023,10,188.0,mobile,organic,0,0,0,4,1,0,1,0,0,4,0,unclear_product_info,1
697cc90b-12bc-45f2-9454-2c6c417f5630,2,9.0,mobile,paid_search,0,0,0,0,1,0,1,0,0,0,0,,1
69872e27-702a-4d52-b2cc-8ad2e3fae72b,6,145.0,mobile,social,1,0,1,0,0,1,1,1,0,1,0,no_friction,0
699b899d-5d9e-42c9-b33d-0abae010909c,2,22.0,mobile,organic,0,0,0,0,1,0,1,0,0,0,0,,1
69a737bc-4af5-4bca-8814-62eb2f980042,6,121.0,mobile,direct,1,0,1,0,0,1,1,1,0,1,0,no_friction,0
69aed09a-3509-4d36-a49a-baa7595db729,7,135.0,desktop,paid_search,1,0,1,0,1,0,1,1,1,1,0,payment_failure,1
69af77fd-9879-4c2e-87b9-6033de05483e,2,7.0,desktop,direct,0,0,0,0,1,0,1,0,0,0,0,,1
69cfe393-e9af-4e68-a303-c28f5f55356d,10,205.0,mobile,organic,0,0,0,4,1,0,1,0,0,4,0,unclear_product_info,1
69e7e749-e2b5-4605-82f5-914f61ea71ea,2,24.0,mobile,organic,0,0,0,0,1,0,1,0,0,0,0,,1
6a004d95-04d8-474e-8284-d03a83ca8396,6,94.0,mobile,paid_search,1,0,1,0,0,1,1,1,0,1,0,no_friction,0
6a0564e2-9ec0-4e29-82e8-56182e7663c8,6,138.0,mobile,paid_search,1,0,1,0,0,1,1,1,0,1,0,no_friction,0
6a05d799-fe36-402c-afb2-876adba623ab,8,103.0,tablet,social,0,0,0,0,1,0,4,0,0,0,3,poor_recommendations,1
6a0fb1bd-c534-474d-b02d-c01b19861cfb,2,20.0,mobile,direct,0,0,0,0,1,0,1,0,0,0,0,,1
6a2e4326-6bb3-4053-b9cd-9f3183de1b6e,8,94.0,mobile,email,0,0,0,0,1,0,4,0,0,0,3,poor_recommendations,1
6a2fe739-f7d9-4466-984b-8ec543c7e1cc,2,21.0,mobile,social,0,0,0,0,1,0,1,0,0,0,0,,1
6a333f47-0f02-4e7e-87c5-92cf8ad2b53c,2,29.0,mobile,direct,0,0,0,0,1,0,1,0,0,0,0,,1
6a543388-1f0d-4f9e-bc2e-2444585726e1,2,5.0,desktop,paid_search,0,0,0,0,1,0,1,0,0,0,0,,1
6a601a0a-7027-48ea-b796-65823349eb27,6,95.0,mobile,paid_search,1,0,1,0,0,1,1,1,0,1,0,no_friction,0
6a7eee19-1be7-446b-acad-86671eb96cc0,6,100.0,mobile,organic,1,0,1,0,0,1,1,1,0,1,0,no_friction,0
6a82d420-eb51-44be-a4af-9daa2451aecc,6,113.0,mobile,direct,1,0,1,0,0,1,1,1,0,1,0,post_purchase_anxiety,0
6a8f10c8-d97c-4395-8042-64ca540daa11,7,98.0,mobile,organic,1,0,1,0,1,0,1,1,1,1,0,payment_failure,1
6a8fb0fc-1490-4201-b6c4-f2796713966a,10,190.0,desktop,organic,0,0,0,4,1,0,1,0,0,4,0,unclear_product_info,1
6a9190a5-ef94-4536-8903-bfb96147aab3,2,25.0,mobile,organic,0,0,0,0,1,0,1,0,0,0,0,,1
6a92747e-5604-441c-aaff-173812a9b363,6,128.0,mobile,organic,1,0,1,0,0,1,1,1,0,1,0,post_purchase_anxiety,0
6a95e0e0-ed61-4163-a15f-5411af365374,2,12.0,desktop,organic,0,0,0,0,1,0,1,0,0,0,0,,1
6acff5e6-9c2f-476d-8d5f-eda2f25dfa60,6,127.0,desktop,organic,1,0,1,0,0,1,1,1,0,1,0,no_friction,0
6addc390-d9fb-4d36-9fb5-9f7260051b28,2,30.0,tablet,organic,0,0,0,0,1,0,1,0,0,0,0,,1
6aefd7a8-ec5e-43a4-a480-b27cb278825d,2,29.0,mobile,organic,0,0,0,0,1,0,1,0,0,0,0,,1
6aff57df-8156-4a3d-8519-984aed50ea52,6,111.0,mobile,paid_search,1,0,1,0,0,1,1,1,0,1,0,no_friction,0
6b0a9629-02e3-4a7f-8885-b92d2c6c6116,2,19.0,desktop,direct,0,0,0,0,1,0,1,0,0,0,0,,1
6b2025d2-2d1d-482f-8ca9-072f1217b073,2,29.0,mobile,organic,0,0,0,0,1,0,1,0,0,0,0,,1
6b3713ab-17df-43fe-93d0-b61d0eb53003,2,26.0,mobile,email,0,0,0,0,1,0,1,0,0,0,0,,1
6b5b1ed5-1091-4010-95cf-c09b6b81c631,8,89.0,mobile,social,0,0,0,0,1,0,4,0,0,0,3,poor_recommendations,1
6b658493-5ec9-45e5-9145-d3b339f91ffc,6,94.0,mobile,social,1,0,1,0,0,1,1,1,0,1,0,no_friction,0
6b6e96b1-a647-4d3d-8149-479e55228def,2,6.0,mobile,social,0,0,0,0,1,0,1,0,0,0,0,,1
6b83974b-ea71-4589-babe-1fbcc9c1cc59,6,106.0,mobile,organic,1,0,1,0,0,1,1,1,0,1,0,no_friction,0
6b9bade3-1b11-4119-a1e8-91f01786d222,2,18.0,mobile,organic,0,0,0,0,1,0,1,0,0,0,0,,1
6baf35e5-e144-4134-a129-a792ae8a398b,7,156.0,mobile,paid_search,1,0,1,0,1,0,1,1,1,1,0,payment_failure,1
6bcbb222-3052-4ccd-a173-2fb326f3a5d5,2,22.0,mobile,organic,0,0,0,0,1,0,1,0,0,0,0,,1
6bd22694-1e96-4a80-ac70-5749a3de08cf,8,96.0,desktop,direct,0,0,0,0,1,0,4,0,0,0,3,poor_recommendations,1
6bd5380d-f599-4bfa-8c33-1cb9fe26c475,2,10.0,mobile,direct,0,0,0,0,1,0,1,0,0,0,0,,1
6bd9ee21-b22b-4c1f-b6a9-f96eaf5f4402,2,28.0,tablet,organic,0,0,0,0,1,0,1,0,0,0,0,,1
6be047de-13fa-4c0a-9136-da7b73033f63,2,27.0,mobile,social,0,0,0,0,1,0,1,0,0,0,0,,1
6bf4b4ce-0af2-41f3-a225-e6e37e7a1ede,6,109.0,desktop,paid_search,1,0,1,0,0,1,1,1,0,1,0,no_friction,0
6bf62ebe-74d3-4037-9377-e9933394fe7a,8,90.0,mobile,organic,0,0,0,0,1,0,4,0,0,0,3,poor_recommendations,1
6c075a81-ef68-4efa-94d0-9e5d409176f8,6,94.0,desktop,direct,1,0,1,0,0,1,1,1,0,1,0,no_friction,0
6c0af926-2693-4cde-804f-857c684a68cc,2,15.0,mobile,email,0,0,0,0,1,0,1,0,0,0,0,,1
6c0e4fb6-54ab-4482-a250-8a563a1ebd3d,6,128.0,mobile,paid_search,1,1,1,0,1,0,1,0,0,1,0,delivery_uncertainty,1
6c12b09e-278a-4dce-aade-15f358c46f71,2,25.0,mobile,organic,0,0,0,0,1,0,1,0,0,0,0,,1
6c12d3a2-a236-4445-96a1-0e4d2c32e1f5,10,244.0,mobile,organic,0,0,0,4,1,0,1,0,0,4,0,unclear_product_info,1
6c1aa153-e8b0-4cc6-ae3a-aae604032d6a,2,26.0,desktop,organic,0,0,0,0,1,0,1,0,0,0,0,,1
6c1bc803-988b-4d91-be83-202c9b06d77a,2,21.0,mobile,organic,0,0,0,0,1,0,1,0,0,0,0,,1
6c24b8c3-2ba7-4ce9-89d6-a7e203461785,2,23.0,mobile,paid_search,0,0,0,0,1,0,1,0,0,0,0,,1
6c3069ca-a91a-4cbc-b428-32e03f5bd21c,6,131.0,mobile,social,1,0,1,0,0,1,1,1,0,1,0,post_purchase_anxiety,0
6c3a9ba5-8619-4da9-9766-317528c10fd6,2,19.0,desktop,email,0,0,0,0,1,0,1,0,0,0,0,,1
6c455e2d-a275-4f21-82a6-dcdf0c11656d,2,24.0,desktop,paid_search,0,0,0,0,1,0,1,0,0,0,0,,1
6c52c945-15de-4558-9a68-6842f333ccb8,2,17.0,mobile,organic,0,0,0,0,1,0,1,0,0,0,0,,1
6c59e876-362a-4385-846a-4816ed11447b,2,28.0,mobile,email,0,0,0,0,1,0,1,0,0,0,0,,1
6c63a2c5-72c3-4796-9e46-44b5a73322c5,2,26.0,mobile,paid_search,0,0,0,0,1,0,1,0,0,0,0,,1
6c65c483-96be-4b8a-8845-beaac7ba8610,10,159.0,desktop,organic,0,0,0,4,1,0,1,0,0,4,0,unclear_product_info,1
6c67a471-5f2b-4ac7-ba48-1de2dc1eae0b,2,8.0,mobile,organic,0,0,0,0,1,0,1,0,0,0,0,,1
6c6833e3-2e6e-446f-b0cf-ec7cd62a48bc,2,25.0,mobile,direct,0,0,0,0,1,0,1,0,0,0,0,,1
6c6e3a8a-f89f-491c-865b-88c9a2754c45,6,113.0,mobile,organic,1,1,1,0,1,0,1,0,0,1,0,delivery_uncertainty,1
6c73dc2a-6df3-4c1d-93d3-f469b3a543bb,6,95.0,desktop,social,1,0,1,0,0,1,1,1,0,1,0,post_purchase_anxiety,0
6c86ce16-c48a-4e1b-b624-a92594c74457,2,29.0,desktop,organic,0,0,0,0,1,0,1,0,0,0,0,,1
6c8d085a-30a2-4baf-9cdb-7ff83f19dc36,6,106.0,desktop,organic,1,0,1,0,0,1,1,1,0,1,0,no_friction,0
6c9436da-21b4-40bf-9aed-59f9237e0f4e,5,118.0,mobile,organic,1,0,1,0,1,0,1,0,0,1,0,price_shock,1
6ca02d43-feee-411e-9b43-0c4f2eae181b,6,96.0,desktop,organic,1,0,1,0,0,1,1,1,0,1,0,no_friction,0
6cba4881-36d4-4eb5-9fbb-2c453f4b8de7,6,110.0,mobile,paid_search,1,0,1,0,0,1,1,1,0,1,0,no_friction,0
6cd4d0d6-905c-4820-a12d-141b33a43a1e,2,22.0,mobile,social,0,0,0,0,1,0,1,0,0,0,0,,1
6ce842af-25e8-456e-8bc5-9f7089e4897d,2,11.0,mobile,organic,0,0,0,0,1,0,1,0,0,0,0,,1
6ced31e1-5228-41e7-aad4-5379a8388cc5,2,22.0,mobile,direct,0,0,0,0,1,0,1,0,0,0,0,,1
6cf0e8d8-3b83-40f4-8a4f-d4a1d661524b,2,23.0,mobile,social,0,0,0,0,1,0,1,0,0,0,0,,1
6cff7be1-3e96-405b-8fce-10faa63d4623,5,72.0,mobile,paid_search,1,0,1,0,1,0,1,0,0,1,0,price_shock,1
6d0139cd-a727-4f51-afad-d075e75b4ad7,2,6.0,desktop,social,0,0,0,0,1,0,1,0,0,0,0,,1
6d1dd72e-5a62-4340-a6fb-039ea032857d,6,80.0,mobile,organic,1,0,1,0,0,1,1,1,0,1,0,no_friction,0
6d259a1e-9ea7-4677-940e-1c769fe07b42,6,109.0,mobile,social,1,0,1,0,0,1,1,1,0,1,0,no_friction,0
6d3a180b-b435-4e7f-9be6-64541a281888,8,79.0,mobile,paid_search,0,0,0,0,1,0,4,0,0,0,3,poor_recommendations,1
6d3b23fc-60c3-46fb-9244-4a4d57397b41,7,149.0,tablet,paid_search,1,0,1,0,1,0,1,1,1,1,0,payment_failure,1
6d469978-33f7-4dfc-b276-3666eae9dc1f,2,25.0,mobile,direct,0,0,0,0,1,0,1,0,0,0,0,,1
6d4cf9e7-a6c6-48ee-a74e-b88b4e41f487,6,93.0,mobile,organic,1,0,1,0,0,1,1,1,0,1,0,no_friction,0
6d5afff0-4ab2-47ee-828a-44dac286741d,6,111.0,mobile,organic,1,0,1,0,0,1,1,1,0,1,0,no_friction,0
6d5b6521-3368-4077-9d65-8a9194f9dbb3,2,15.0,mobile,social,0,0,0,0,1,0,1,0,0,0,0,,1
6d6b4a9c-1ef5-492d-8cef-f18dbb241aa3,2,20.0,mobile,social,0,0,0,0,1,0,1,0,0,0,0,,1
6d8746c3-7b88-46bd-b20f-2bded8503002,6,93.0,mobile,social,1,0,1,0,0,1,1,1,0,1,0,post_purchase_anxiety,0
6d9fc7ac-530f-43e9-8e2e-4dba31c0311a,6,124.0,desktop,social,1,0,1,0,0,1,1,1,0,1,0,no_friction,0
6da2d0a2-c8f8-43c0-ba7d-cbf37835fad7,2,29.0,desktop,organic,0,0,0,0,1,0,1,0,0,0,0,,1
6daa3582-8c01-470f-b381-e2b9e3b2e509,2,12.0,mobile,organic,0,0,0,0,1,0,1,0,0,0,0,,1
6dadf531-63ff-4d94-9e11-6cb6cf96973b,6,109.0,mobile,social,1,1,1,0,1,0,1,0,0,1,0,delivery_uncertainty,1
6db1fe4a-4d20-4702-b6e2-938e1bc29aaa,6,86.0,mobile,organic,1,0,1,0,0,1,1,1,0,1,0,no_friction,0
6dcdc5aa-7932-461b-9a52-d50c95bb019c,8,79.0,mobile,organic,0,0,0,0,1,0,4,0,0,0,3,poor_recommendations,1
6dd023d0-cf60-410c-bb24-126db3901571,5,87.0,tablet,paid_search,1,0,1,0,1,0,1,0,0,1,0,price_shock,1
6ddac3e4-8431-43c6-ac02-ae408b69172e,6,100.0,desktop,email,1,1,1,0,1,0,1,0,0,1,0,delivery_uncertainty,1
6ddb15b3-0fd2-4f66-ae43-1296be6e1cfa,2,20.0,mobile,email,0,0,0,0,1,0,1,0,0,0,0,,1
6ddeb2a0-429f-44aa-b398-95d1a78d9925,8,98.0,mobile,email,0,0,0,0,1,0,4,0,0,0,3,poor_recommendations,1
6de07006-bdf4-4b7e-be6b-a4eed10ed442,2,15.0,desktop,email,0,0,0,0,1,0,1,0,0,0,0,,1
6de2e0c2-e442-4717-91f0-fc1daf2d27bc,6,116.0,desktop,social,1,0,1,0,0,1,1,1,0,1,0,post_purchase_anxiety,0
6deb5cab-115e-4ffc-ad1e-3472b5c95157,5,100.0,mobile,social,1,0,1,0,1,0,1,0,0,1,0,price_shock,1
6decd957-818f-4d8e-a3f8-2a2e3bc6ded4,6,123.0,desktop,organic,1,0,1,0,0,1,1,1,0,1,0,no_friction,0
6df0fa31-757d-40e7-a6c5-ec307daf8136,2,29.0,mobile,organic,0,0,0,0,1,0,1,0,0,0,0,,1
6df318e5-6cde-49cb-b9a9-7df046a997b4,6,145.0,mobile,email,1,0,1,0,0,1,1,1,0,1,0,no_friction,0
6df74f5c-8a2b-43fe-a251-7fa979882508,6,106.0,mobile,email,1,1,1,0,1,0,1,0,0,1,0,delivery_uncertainty,1
6dfb7c05-9b9f-4398-ad2f-101a232eed12,6,112.0,desktop,organic,1,0,1,0,0,1,1,1,0,1,0,no_friction,0
6e0c06f8-29b2-483f-9f19-a31b0b285c25,6,87.0,mobile,organic,1,0,1,0,0,1,1,1,0,1,0,no_friction,0
6e2f1543-3894-41b3-b880-818e15c3bdf4,2,17.0,mobile,organic,0,0,0,0,1,0,1,0,0,0,0,,1
6e515e27-8fd3-4760-ae91-f9b21b14c274,6,106.0,desktop,social,1,0,1,0,0,1,1,1,0,1,0,no_friction,0
6e5396de-4060-4288-904d-ad5418a4730b,5,70.0,mobile,social,1,0,1,0,1,0,1,0,0,1,0,price_shock,1
6e68e6dc-0679-4131-bd32-90fbf73bd3e8,2,9.0,mobile,social,0,0,0,0,1,0,1,0,0,0,0,,1
6e700e70-9541-47e5-9c94-efc126416d19,6,121.0,desktop,organic,1,0,1,0,0,1,1,1,0,1,0,post_purchase_anxiety,0
6e8a8951-1fe1-430c-9655-d96a48fca4f8,6,83.0,mobile,organic,1,0,1,0,0,1,1,1,0,1,0,no_friction,0
6e93c4fa-08e7-467c-9d59-740595d96342,6,91.0,mobile,organic,1,0,1,0,0,1,1,1,0,1,0,no_friction,0
6ea3cf32-9138-4a1f-9a37-24e5daade6ca,6,94.0,desktop,paid_search,1,0,1,0,0,1,1,1,0,1,0,no_friction,0
6eae9970-4578-4461-8856-6c7d35df2c32,7,132.0,desktop,organic,1,0,1,0,1,0,1,1,1,1,0,payment_failure,1
6eb0a122-a331-445b-a508-483a193b2f93,2,8.0,mobile,organic,0,0,0,0,1,0,1,0,0,0,0,,1
6ec2935f-68e3-4c17-93ec-0b9566af5fb3,2,20.0,desktop,organic,0,0,0,0,1,0,1,0,0,0,0,,1
6ecb57b9-c44d-457a-bebe-47618196656c,2,27.0,desktop,organic,0,0,0,0,1,0,1,0,0,0,0,,1
6ed1b801-a6b1-4d0f-9afb-f87e8a9c511e,2,16.0,desktop,paid_search,0,0,0,0,1,0,1,0,0,0,0,,1
6ed501fe-1ad9-4373-bc97-292a97dd8566,2,15.0,mobile,paid_search,0,0,0,0,1,0,1,0,0,0,0,,1
6edba91b-7d26-4aeb-904b-e3e24b6f6c9e,2,17.0,desktop,organic,0,0,0,0,1,0,1,0,0,0,0,,1
6eecd67f-8071-465d-bb06-321f04a895e2,6,122.0,mobile,social,1,0,1,0,0,1,1,1,0,1,0,no_friction,0
6ef05cbe-b605-4766-a2c0-07e2606df196,2,25.0,mobile,organic,0,0,0,0,1,0,1,0,0,0,0,,1
6efe8256-0f07-4498-a9a6-e6c7a48e97e7,2,17.0,mobile,paid_search,0,0,0,0,1,0,1,0,0,0,0,,1
6f0a9151-f295-4ff0-aa8a-292f585f6dd8,2,15.0,mobile,organic,0,0,0,0,1,0,1,0,0,0,0,,1
6f0d81cb-15da-43df-81e1-6f5939db1458,10,257.0,desktop,email,0,0,0,4,1,0,1,0,0,4,0,unclear_product_info,1
6f18f1cd-978c-4a48-973e-9c4103318b90,6,106.0,desktop,social,1,0,1,0,0,1,1,1,0,1,0,no_friction,0
6f1960c3-ddcb-46bd-96f9-c49dcbdc79cb,6,106.0,desktop,organic,1,0,1,0,0,1,1,1,0,1,0,post_purchase_anxiety,0
6f23a755-73e8-4794-907a-8032161c6438,2,21.0,mobile,social,0,0,0,0,1,0,1,0,0,0,0,,1
6f2ac67b-4549-459c-af03-9a1f0995b46c,2,27.0,mobile,direct,0,0,0,0,1,0,1,0,0,0,0,,1
6f366e37-317c-4e03-ac40-7090116d73b3,6,105.0,mobile,organic,1,1,1,0,1,0,1,0,0,1,0,delivery_uncertainty,1
6f3a3de2-b161-4fdb-837a-b3bb6f009d44,2,17.0,mobile,paid_search,0,0,0,0,1,0,1,0,0,0,0,,1
6f3d5e7d-8608-4a5f-9671-ed5220229825,7,156.0,mobile,organic,1,0,1,0,1,0,1,1,1,1,0,payment_failure,1
6f449075-51b4-4c72-aaed-565757ce2694,5,75.0,desktop,email,1,0,1,0,1,0,1,0,0,1,0,price_shock,1
6f495446-95fa-4ff3-a939-85031c06e420,2,9.0,tablet,direct,0,0,0,0,1,0,1,0,0,0,0,,1
6f4a6cd8-a69e-4689-94a5-488ac21384cd,2,18.0,mobile,direct,0,0,0,0,1,0,1,0,0,0,0,,1
6f4f71f0-839c-4a59-abbf-e00013c4d500,6,139.0,desktop,social,1,0,1,0,0,1,1,1,0,1,0,no_friction,0
6f705ae9-433e-403d-ab09-49031ee7ed98,6,99.0,tablet,paid_search,1,0,1,0,0,1,1,1,0,1,0,no_friction,0
6f8ed35d-4ace-4ed1-b920-894b53106051,6,110.0,desktop,organic,1,1,1,0,1,0,1,0,0,1,0,delivery_uncertainty,1
6fa31926-b202-4816-8b62-c0fa777f5a2b,2,5.0,tablet,social,0,0,0,0,1,0,1,0,0,0,0,,1
6faaf3d0-3895-4e7c-b1ba-030484187585,6,136.0,mobile,organic,1,0,1,0,0,1,1,1,0,1,0,no_friction,0
6fc36be0-48d1-4d42-adfc-2a89b95d4020,6,118.0,desktop,paid_search,1,0,1,0,0,1,1,1,0,1,0,post_purchase_anxiety,0
6fd36f39-f2c5-4852-8aec-b0f0a9be7a3d,8,90.0,mobile,social,0,0,0,0,1,0,4,0,0,0,3,poor_recommendations,1
6fe73650-4d08-4336-b0b6-39073b849af1,2,22.0,mobile,email,0,0,0,0,1,0,1,0,0,0,0,,1
6ffae57a-f704-4ad6-bc1d-25e324511d3a,6,109.0,mobile,email,1,0,1,0,0,1,1,1,0,1,0,post_purchase_anxiety,0
7004ecb9-bbb0-4e41-a71a-26d817322281,6,136.0,mobile,social,1,0,1,0,0,1,1,1,0,1,0,no_friction,0
701dc578-dad8-4296-8248-5eb2bcba7de7,2,30.0,mobile,organic,0,0,0,0,1,0,1,0,0,0,0,,1
70229d48-2664-43fa-87f2-daa31e246c42,6,113.0,mobile,paid_search,1,0,1,0,0,1,1,1,0,1,0,no_friction,0
7024e925-47cd-461e-a954-6341af4e536d,6,106.0,mobile,direct,1,0,1,0,0,1,1,1,0,1,0,post_purchase_anxiety,0
70262618-a422-4d46-afcf-f20e20e8eb7b,2,5.0,desktop,social,0,0,0,0,1,0,1,0,0,0,0,,1
7034929c-e514-4c4b-9ee3-e53ff51d7f9b,8,96.0,desktop,organic,0,0,0,0,1,0,4,0,0,0,3,poor_recommendations,1
7034c0d2-e464-43ce-9565-5439d9e2842c,2,27.0,mobile,paid_search,0,0,0,0,1,0,1,0,0,0,0,,1
7057d009-c3d5-4f6f-a37f-4f10c6aacddd,6,92.0,mobile,paid_search,1,0,1,0,0,1,1,1,0,1,0,no_friction,0
705a03dc-859f-4f4c-832d-0d91e69efea5,6,88.0,mobile,social,1,0,1,0,0,1,1,1,0,1,0,post_purchase_anxiety,0
705a3560-1932-426a-b27d-e8d5aa4086c6,6,101.0,tablet,organic,1,0,1,0,0,1,1,1,0,1,0,post_purchase_anxiety,0
70664413-2964-4d92-8075-5b844fab256c,2,13.0,mobile,email,0,0,0,0,1,0,1,0,0,0,0,,1
706a10a4-697b-4cbc-86f5-8fe61f63833d,2,23.0,mobile,paid_search,0,0,0,0,1,0,1,0,0,0,0,,1
70742eca-1b70-46cb-ba58-7e2aae3928c6,7,124.0,mobile,social,1,0,1,0,1,0,1,1,1,1,0,payment_failure,1
70794d22-a5cc-4830-ab14-638f6fb8ec23,2,21.0,mobile,direct,0,0,0,0,1,0,1,0,0,0,0,,1
707b1c45-6d5c-4d62-b0c0-cf02497c2134,6,124.0,desktop,organic,1,0,1,0,0,1,1,1,0,1,0,no_friction,0
70856184-4666-49c5-8ea5-a3da9c6000ce,2,28.0,mobile,social,0,0,0,0,1,0,1,0,0,0,0,,1
708d088b-c10f-4657-847d-5a4848ba860d,2,9.0,mobile,organic,0,0,0,0,1,0,1,0,0,0,0,,1
70901d3b-073d-4fb7-89df-7cb5360c7e56,2,11.0,desktop,organic,0,0,0,0,1,0,1,0,0,0,0,,1
70a31ac9-9d21-47c5-90d3-7227f7af170f,10,193.0,mobile,organic,0,0,0,4,1,0,1,0,0,4,0,unclear_product_info,1
70a63075-ff37-490a-baa1-620057d80caf,6,121.0,mobile,direct,1,0,1,0,0,1,1,1,0,1,0,no_friction,0
70babd9f-ee94-4884-a435-bafc3e2c0b9f,2,7.0,mobile,organic,0,0,0,0,1,0,1,0,0,0,0,,1
70ce3ead-7f21-4f28-82f7-4959a0759202,6,108.0,mobile,paid_search,1,0,1,0,0,1,1,1,0,1,0,no_friction,0
70f37459-0e53-4d3d-b055-08e39ee3a644,8,109.0,desktop,social,0,0,0,0,1,0,4,0,0,0,3,poor_recommendations,1
71021da4-a887-4fee-8e15-8c7f07884094,2,16.0,desktop,email,0,0,0,0,1,0,1,0,0,0,0,,1
7111f60a-768d-4c79-a89d-0ebcd360e5da,10,220.0,mobile,organic,0,0,0,4,1,0,1,0,0,4,0,unclear_product_info,1
7122e568-1f3b-46c2-af54-507311901263,6,135.0,mobile,organic,1,1,1,0,1,0,1,0,0,1,0,delivery_uncertainty,1
71400828-5739-44ce-98d5-3d908375f9ea,6,77.0,desktop,paid_search,1,0,1,0,0,1,1,1,0,1,0,no_friction,0
714feead-c1bc-4e2a-b78b-50adc940b4c6,8,100.0,mobile,social,0,0,0,0,1,0,4,0,0,0,3,poor_recommendations,1
7153f7ae-b6fa-44e4-a4ff-5ec29a8a5726,8,85.0,mobile,paid_search,0,0,0,0,1,0,4,0,0,0,3,poor_recommendations,1
7176ca7f-f705-497e-92cf-18631d4bc65b,6,84.0,mobile,organic,1,0,1,0,0,1,1,1,0,1,0,no_friction,0
717cb379-6f2f-4d52-a12f-465adbdc4b33,2,23.0,mobile,social,0,0,0,0,1,0,1,0,0,0,0,,1
7195e639-e746-4d11-961f-a708c65e62cb,2,16.0,mobile,paid_search,0,0,0,0,1,0,1,0,0,0,0,,1
719fca05-9b4f-4a74-b9e4-c1376a0eeae3,2,11.0,mobile,organic,0,0,0,0,1,0,1,0,0,0,0,,1
71a75768-2691-4141-82f7-165455b2bc8e,8,110.0,mobile,email,0,0,0,0,1,0,4,0,0,0,3,poor_recommendations,1
71ab82f6-a16e-470a-a18f-d4138b813f72,6,108.0,mobile,organic,1,0,1,0,0,1,1,1,0,1,0,no_friction,0
71ac2bd0-86da-44bd-a90f-e8427b340558,6,89.0,desktop,organic,1,0,1,0,0,1,1,1,0,1,0,no_friction,0
71ac724c-7cd3-4d71-8524-ea2160993e29,2,14.0,mobile,social,0,0,0,0,1,0,1,0,0,0,0,,1
71b25c6e-fdc0-4674-b43d-da3af5ee25a7,5,91.0,desktop,organic,1,0,1,0,1,0,1,0,0,1,0,price_shock,1
71bca049-c55d-424e-8ed2-6a7eb0ecd114,7,101.0,mobile,organic,1,0,1,0,1,0,1,1,1,1,0,payment_failure,1
71c0583d-c5a3-416c-8cfd-90ddcae7cb13,2,19.0,mobile,organic,0,0,0,0,1,0,1,0,0,0,0,,1
71c166d3-e36b-4726-8410-12b49a9530ea,6,105.0,mobile,organic,1,0,1,0,0,1,1,1,0,1,0,no_friction,0
71d0c565-eed2-46e1-ae94-131bb3bc5d77,6,142.0,mobile,paid_search,1,1,1,0,1,0,1,0,0,1,0,delivery_uncertainty,1
71e76fa7-281d-4424-917c-c72dca554462,2,14.0,desktop,direct,0,0,0,0,1,0,1,0,0,0,0,,1
71f2a886-2c4e-4f8a-be5c-1ca8635b61dd,2,27.0,mobile,email,0,0,0,0,1,0,1,0,0,0,0,,1
722438f3-1ec9-4cb0-a363-bd281faeb85c,8,96.0,mobile,organic,0,0,0,0,1,0,4,0,0,0,3,poor_recommendations,1
72252323-a3aa-41a7-a81a-99677885a42f,6,81.0,desktop,organic,1,0,1,0,0,1,1,1,0,1,0,no_friction,0
722b012e-79ab-459a-b998-f9911239d999,6,99.0,desktop,organic,1,0,1,0,0,1,1,1,0,1,0,no_friction,0
7236f127-d68d-410b-9ec2-fa0a502fbcae,2,29.0,tablet,paid_search,0,0,0,0,1,0,1,0,0,0,0,,1
7247408a-3374-4ac5-bf85-e6fe5ed142de,6,96.0,mobile,organic,1,1,1,0,1,0,1,0,0,1,0,delivery_uncertainty,1
724f48f1-e165-4712-9b80-213bb8e59324,2,24.0,mobile,paid_search,0,0,0,0,1,0,1,0,0,0,0,,1
725382dc-4b15-48b8-ab3a-fc766c2becb6,10,170.0,mobile,email,0,0,0,4,1,0,1,0,0,4,0,unclear_product_info,1
72629ffb-3441-4c13-a846-baf2612fe2b5,2,27.0,desktop,direct,0,0,0,0,1,0,1,0,0,0,0,,1
726d6d58-5f49-4d8e-b35d-314be18a2e7a,6,101.0,tablet,organic,1,0,1,0,0,1,1,1,0,1,0,post_purchase_anxiety,0
729c68c2-3afb-46db-b984-397cdb3be9cf,2,23.0,tablet,social,0,0,0,0,1,0,1,0,0,0,0,,1
72a49eef-2740-49be-8778-6b6b9a364b2d,7,136.0,desktop,social,1,0,1,0,1,0,1,1,1,1,0,payment_failure,1
72bdde55-718b-432f-803e-3eeab0095906,2,20.0,mobile,organic,0,0,0,0,1,0,1,0,0,0,0,,1
72c2826a-79d7-4cf5-a37d-c95ec55a9d2a,6,108.0,mobile,paid_search,1,0,1,0,0,1,1,1,0,1,0,no_friction,0
72cc3137-ff6d-4e1f-8ae8-0fd8f80ca0e1,6,102.0,mobile,social,1,0,1,0,0,1,1,1,0,1,0,no_friction,0
72d14694-6e9b-4e66-b178-33db0440e91c,2,27.0,mobile,organic,0,0,0,0,1,0,1,0,0,0,0,,1
72d34671-1996-48ad-ac31-d45cfe1de257,2,13.0,desktop,paid_search,0,0,0,0,1,0,1,0,0,0,0,,1
72d8e024-f657-49df-82c0-5aa4a965688c,2,13.0,mobile,paid_search,0,0,0,0,1,0,1,0,0,0,0,,1
72e3dcde-8b21-4582-a2f1-aa6ba595598c,2,28.0,mobile,organic,0,0,0,0,1,0,1,0,0,0,0,,1
7305405b-267e-45e3-aeb5-0612d4c178aa,2,20.0,desktop,paid_search,0,0,0,0,1,0,1,0,0,0,0,,1
731c6efd-cab2-4783-afae-ff53a8d89568,6,141.0,desktop,paid_search,1,0,1,0,0,1,1,1,0,1,0,no_friction,0
73208706-8e06-44fd-ab8b-b52bdcca56b7,2,24.0,mobile,organic,0,0,0,0,1,0,1,0,0,0,0,,1
7320d19e-26dd-44c0-839c-d3f1d94d1cee,8,119.0,mobile,paid_search,0,0,0,0,1,0,4,0,0,0,3,poor_recommendations,1
73399a88-82e9-489a-a086-bb017a03ffbb,7,151.0,desktop,email,1,0,1,0,1,0,1,1,1,1,0,payment_failure,1
73419636-a33d-42ba-93ef-2af739a3cc73,6,91.0,mobile,email,1,1,1,0,1,0,1,0,0,1,0,delivery_uncertainty,1
73641401-4c83-4d85-9e0b-4eb4fee3f544,2,15.0,desktop,email,0,0,0,0,1,0,1,0,0,0,0,,1
7374e3d9-f626-488c-8cf8-e7728d69ca12,2,22.0,mobile,social,0,0,0,0,1,0,1,0,0,0,0,,1
737b3c5b-6860-4517-aad7-9e3fcdecb489,6,103.0,desktop,social,1,0,1,0,0,1,1,1,0,1,0,no_friction,0
73876d92-9ffe-4c5a-954c-8369197fe431,2,28.0,tablet,organic,0,0,0,0,1,0,1,0,0,0,0,,1
738bbc22-4b8a-4efa-b926-6c1e89d5ed47,2,22.0,mobile,organic,0,0,0,0,1,0,1,0,0,0,0,,1
73a52516-f249-4696-8e61-66d2c1395718,7,158.0,mobile,organic,1,0,1,0,1,0,1,1,1,1,0,payment_failure,1
73b42bbc-3804-4235-b324-b934e063faf6,2,30.0,mobile,email,0,0,0,0,1,0,1,0,0,0,0,,1
73c2cf74-4031-46be-acd1-b5068cfbd785,6,129.0,mobile,organic,1,0,1,0,0,1,1,1,0,1,0,no_friction,0
73cd686c-9270-4a5e-afd7-c73e77903323,2,22.0,mobile,paid_search,0,0,0,0,1,0,1,0,0,0,0,,1
73d062a3-0a39-4fcd-a2d6-55f20b640bba,2,6.0,mobile,organic,0,0,0,0,1,0,1,0,0,0,0,,1
73d0c659-d5c0-467c-84fc-3373d87f5af9,6,106.0,desktop,organic,1,0,1,0,0,1,1,1,0,1,0,no_friction,0
73d8bd7a-e4fa-47cf-a0ae-50c6db427c93,7,120.0,tablet,social,1,0,1,0,1,0,1,1,1,1,0,payment_failure,1
73da85c4-f03a-4662-8ee3-453be3aa87d5,10,218.0,desktop,paid_search,0,0,0,4,1,0,1,0,0,4,0,unclear_product_info,1
73deb22d-97bc-4ecc-867e-021b3ee45f57,2,22.0,desktop,email,0,0,0,0,1,0,1,0,0,0,0,,1
73e60b21-2034-4863-b0f9-62d0b05aa1f5,6,88.0,mobile,organic,1,0,1,0,0,1,1,1,0,1,0,post_purchase_anxiety,0
73e6733d-4b30-4048-89e2-49926ce1d797,2,30.0,mobile,direct,0,0,0,0,1,0,1,0,0,0,0,,1
73f0f94f-f04e-4dea-8b66-061ca2c83c68,6,121.0,mobile,social,1,0,1,0,0,1,1,1,0,1,0,post_purchase_anxiety,0
73fa1cbb-0e1e-4696-8644-39989c5eb56a,2,5.0,desktop,organic,0,0,0,0,1,0,1,0,0,0,0,,1
73fabfe5-5c7f-4dfd-b88d-74c052ed1b42,2,13.0,mobile,social,0,0,0,0,1,0,1,0,0,0,0,,1
7406d245-c4c0-46d7-9445-578d5a3b8d37,5,98.0,desktop,social,1,0,1,0,1,0,1,0,0,1,0,price_shock,1
7428a915-4fca-4747-8b4c-f69313c6c2cc,5,104.0,mobile,organic,1,0,1,0,1,0,1,0,0,1,0,price_shock,1
7429258b-17cd-4188-a9aa-e95edbd090ec,6,118.0,tablet,organic,1,1,1,0,1,0,1,0,0,1,0,delivery_uncertainty,1
742de59e-1728-43dc-8275-63fe10a4db0e,2,19.0,desktop,organic,0,0,0,0,1,0,1,0,0,0,0,,1
74369193-c14e-4fc6-a0ba-529f63de09b3,6,95.0,mobile,organic,1,0,1,0,0,1,1,1,0,1,0,no_friction,0
74471961-c293-49b9-8d20-651e69362df7,6,110.0,mobile,organic,1,0,1,0,0,1,1,1,0,1,0,no_friction,0
7453b8d9-2991-406d-ba68-a8737016ff35,6,114.0,desktop,organic,1,0,1,0,0,1,1,1,0,1,0,no_friction,0
7462cd6b-9ff8-482a-a343-397d7e8a4dbf,6,104.0,mobile,direct,1,0,1,0,0,1,1,1,0,1,0,post_purchase_anxiety,0
7464223d-70d5-4b04-a355-7fdb7718adfc,5,95.0,desktop,paid_search,1,0,1,0,1,0,1,0,0,1,0,price_shock,1
7465f6b2-0a8b-4509-becc-6facf8f20f81,6,60.0,mobile,direct,1,0,1,0,0,1,1,1,0,1,0,no_friction,0
748743af-0327-451d-8723-60d049a4b547,2,5.0,mobile,organic,0,0,0,0,1,0,1,0,0,0,0,,1
7487a8fe-a6e5-4703-b3cb-38ae4c57da9c,2,18.0,mobile,social,0,0,0,0,1,0,1,0,0,0,0,,1
7493a1ba-95b4-4f1c-8728-f83a103e4919,2,26.0,mobile,paid_search,0,0,0,0,1,0,1,0,0,0,0,,1
74a11251-7d0e-42fe-bc2c-b9a2da883164,2,26.0,mobile,organic,0,0,0,0,1,0,1,0,0,0,0,,1
74a948cd-99a6-4a29-a635-c66140bc270c,2,15.0,mobile,email,0,0,0,0,1,0,1,0,0,0,0,,1
74afe4a9-d819-4fcc-bbd9-a4ab36c66a9d,6,101.0,mobile,organic,1,0,1,0,0,1,1,1,0,1,0,no_friction,0
74bcbc0f-d99a-4fd7-a9a9-edcd6e96ea4d,2,17.0,mobile,organic,0,0,0,0,1,0,1,0,0,0,0,,1
74c11243-2e8b-42c7-a0bc-5808c30a2ee3,6,97.0,mobile,organic,1,0,1,0,0,1,1,1,0,1,0,post_purchase_anxiety,0
74d25114-98b0-4dc9-b665-4c3992f1b199,2,22.0,mobile,direct,0,0,0,0,1,0,1,0,0,0,0,,1
74f929d6-f9ac-4714-aa29-f47ec0dee693,6,122.0,mobile,organic,1,0,1,0,0,1,1,1,0,1,0,no_friction,0
750ffa49-2604-4b0f-8778-3f530b195863,6,124.0,mobile,organic,1,0,1,0,0,1,1,1,0,1,0,no_friction,0
751bb8f0-13dd-490a-9c4f-2abca6366846,2,23.0,mobile,direct,0,0,0,0,1,0,1,0,0,0,0,,1
751c69a6-f18d-47ce-972e-d87302118057,2,22.0,desktop,paid_search,0,0,0,0,1,0,1,0,0,0,0,,1
752d9d15-274b-4016-bd7c-0590031740ab,6,95.0,mobile,organic,1,0,1,0,0,1,1,1,0,1,0,no_friction,0
75309b76-453d-47e0-9297-046f54a774d3,8,116.0,tablet,organic,0,0,0,0,1,0,4,0,0,0,3,poor_recommendations,1
75345e9f-91b5-4925-b14e-568c7d0d8df2,6,119.0,desktop,email,1,0,1,0,0,1,1,1,0,1,0,no_friction,0
754232bb-9f28-4fa6-b17f-fa67cc131a9b,2,7.0,mobile,organic,0,0,0,0,1,0,1,0,0,0,0,,1
75672c34-2024-4e8d-b422-fbf0e6631418,6,77.0,mobile,social,1,0,1,0,0,1,1,1,0,1,0,no_friction,0
7571b26e-c2e9-4ffd-bfbe-43daafe2144e,2,26.0,mobile,social,0,0,0,0,1,0,1,0,0,0,0,,1
7577e496-66dc-46f5-ae41-68420c6f4904,6,118.0,mobile,organic,1,0,1,0,0,1,1,1,0,1,0,post_purchase_anxiety,0
75bbfcff-7ac4-424c-95fd-e005306bf934,2,27.0,mobile,organic,0,0,0,0,1,0,1,0,0,0,0,,1
75c73d68-9880-43d0-a832-894516e9844a,8,107.0,desktop,social,0,0,0,0,1,0,4,0,0,0,3,poor_recommendations,1
75d7207e-5bf9-4222-987c-d8aaa76b707e,2,6.0,mobile,organic,0,0,0,0,1,0,1,0,0,0,0,,1
75e520d6-b524-42a2-a7a7-78eb44e1fcd1,6,134.0,desktop,organic,1,0,1,0,0,1,1,1,0,1,0,post_purchase_anxiety,0
75f2e2e7-fed0-4796-ace9-d8d46ebdfff7,2,14.0,mobile,paid_search,0,0,0,0,1,0,1,0,0,0,0,,1
75f3c2ab-5194-44c5-a406-bbc2539cb8ca,10,214.0,mobile,social,0,0,0,4,1,0,1,0,0,4,0,unclear_product_info,1
76027484-7e22-474d-9f00-8b83b0442d0d,2,12.0,desktop,organic,0,0,0,0,1,0,1,0,0,0,0,,1
765023ef-0ff1-4cdb-8e36-d1383751663d,2,29.0,mobile,organic,0,0,0,0,1,0,1,0,0,0,0,,1
76542715-35cc-4f1a-a7f5-dc981b79ddb1,6,118.0,desktop,organic,1,0,1,0,0,1,1,1,0,1,0,no_friction,0
76585a72-b8b2-4a20-80d4-1b5fe83d3494,2,30.0,desktop,social,0,0,0,0,1,0,1,0,0,0,0,,1
76764b5b-30c8-4ef2-b33a-2f36ac4d9b86,6,106.0,mobile,organic,1,0,1,0,0,1,1,1,0,1,0,no_friction,0
767dc547-5650-485f-bd87-79bd136e0d75,2,28.0,tablet,social,0,0,0,0,1,0,1,0,0,0,0,,1
768325be-16d4-4d0d-b793-7de4baa8244b,2,19.0,desktop,email,0,0,0,0,1,0,1,0,0,0,0,,1
768b0702-ae47-4e95-8a3a-f3518e4424ed,6,116.0,desktop,organic,1,0,1,0,0,1,1,1,0,1,0,post_purchase_anxiety,0
769f94b0-cc88-4b84-9a65-044027c3e7f2,2,5.0,mobile,organic,0,0,0,0,1,0,1,0,0,0,0,,1
76adbbd0-b255-4487-a9d9-bbd617669939,5,89.0,mobile,organic,1,0,1,0,1,0,1,0,0,1,0,price_shock,1
76bfd58c-e289-42b7-8e21-ae6a7f471cd3,2,23.0,desktop,organic,0,0,0,0,1,0,1,0,0,0,0,,1
76cfde5a-27be-499b-a4bb-bf6eb542b201,2,12.0,mobile,social,0,0,0,0,1,0,1,0,0,0,0,,1
76d62020-37c4-4f82-9cbf-c2f47d6dd3df,2,23.0,mobile,social,0,0,0,0,1,0,1,0,0,0,0,,1
76dee79c-d034-442f-8192-90a4803b0bf8,6,125.0,mobile,direct,1,0,1,0,0,1,1,1,0,1,0,no_friction,0
76f1a4b2-c409-4889-b956-9bc38341a979,8,96.0,mobile,direct,0,0,0,0,1,0,4,0,0,0,3,poor_recommendations,1
76f91797-3ba7-492c-8e21-c8d0d90f71bb,6,109.0,desktop,social,1,0,1,0,0,1,1,1,0,1,0,no_friction,0
76f92767-a673-4be7-960d-4cef7cc71071,2,9.0,mobile,organic,0,0,0,0,1,0,1,0,0,0,0,,1
76feb11f-9d78-4c8f-b283-3023b371d350,6,111.0,tablet,paid_search,1,0,1,0,0,1,1,1,0,1,0,no_friction,0
7703701e-33aa-495d-8996-62b944bf3662,8,102.0,mobile,organic,0,0,0,0,1,0,4,0,0,0,3,poor_recommendations,1
770f4170-1689-4bca-8756-192494571191,6,104.0,mobile,social,1,0,1,0,0,1,1,1,0,1,0,no_friction,0
772d78ed-08a3-4968-84fa-2109102ce438,2,20.0,mobile,email,0,0,0,0,1,0,1,0,0,0,0,,1
776dd696-af8d-4a86-a112-f8621ada1536,7,152.0,desktop,email,1,0,1,0,1,0,1,1,1,1,0,payment_failure,1
7770bdff-2064-4bd3-9369-2a59c31ca176,7,128.0,tablet,organic,1,0,1,0,1,0,1,1,1,1,0,payment_failure,1
7779c007-f585-49fd-a628-47d63b3c4ef4,2,5.0,mobile,social,0,0,0,0,1,0,1,0,0,0,0,,1
77916512-a0f1-4c8e-87fc-fdd1a27dade9,5,93.0,mobile,paid_search,1,0,1,0,1,0,1,0,0,1,0,price_shock,1
779440b0-0122-4031-8e07-6e5d3df40af2,6,97.0,mobile,email,1,0,1,0,0,1,1,1,0,1,0,post_purchase_anxiety,0
7796a504-5ea8-4a5e-8cc9-59b2d8fa7445,6,80.0,tablet,organic,1,0,1,0,0,1,1,1,0,1,0,no_friction,0
77c76d26-2163-49b6-8745-f5500785370e,7,137.0,mobile,organic,1,0,1,0,1,0,1,1,1,1,0,payment_failure,1
77c88c30-d613-4f5a-acaa-a8669d766be2,6,118.0,mobile,paid_search,1,0,1,0,0,1,1,1,0,1,0,post_purchase_anxiety,0
77e67a86-001f-48dd-b199-312427f18c40,2,21.0,mobile,organic,0,0,0,0,1,0,1,0,0,0,0,,1
77e910b5-c1fb-4534-9a7f-7a9447b5b30b,2,23.0,mobile,paid_search,0,0,0,0,1,0,1,0,0,0,0,,1
77ef9422-49c5-44e0-aa68-fbea2df1238d,6,104.0,mobile,organic,1,0,1,0,0,1,1,1,0,1,0,no_friction,0
77f25cde-75d5-4b07-afee-3471d9c4abe3,2,28.0,desktop,social,0,0,0,0,1,0,1,0,0,0,0,,1
77fa7404-bad3-405c-ae66-a0b10c6d6204,2,5.0,mobile,organic,0,0,0,0,1,0,1,0,0,0,0,,1
77fd5c3e-a62c-42bf-8dcb-4b944a4968ed,7,138.0,desktop,organic,1,0,1,0,1,0,1,1,1,1,0,payment_failure,1
7803c154-f05e-4837-a84e-933b41fbffdb,7,145.0,mobile,social,1,0,1,0,1,0,1,1,1,1,0,payment_failure,1
780c2fca-ce3b-421f-9333-fd40b0def0ea,2,30.0,mobile,organic,0,0,0,0,1,0,1,0,0,0,0,,1
783862df-b9ee-439a-9a87-5d7296bf3fa9,2,15.0,mobile,organic,0,0,0,0,1,0,1,0,0,0,0,,1
783e9d55-4da8-49f6-ab42-e95d0987527d,2,13.0,mobile,paid_search,0,0,0,0,1,0,1,0,0,0,0,,1
786bf163-a70c-4556-8a17-cf14d176e9f9,2,16.0,mobile,direct,0,0,0,0,1,0,1,0,0,0,0,,1
7879db30-216d-4c45-8b57-390581eb0792,6,111.0,mobile,paid_search,1,0,1,0,0,1,1,1,0,1,0,post_purchase_anxiety,0
787f7eae-e5a7-47c4-8f83-74581bbdbd68,10,183.0,mobile,organic,0,0,0,4,1,0,1,0,0,4,0,unclear_product_info,1
7885ab46-9325-442c-963a-d4cc9422cd9a,2,23.0,mobile,direct,0,0,0,0,1,0,1,0,0,0,0,,1
78978f81-ac75-4eb6-ab39-4ec816c4de25,2,10.0,desktop,paid_search,0,0,0,0,1,0,1,0,0,0,0,,1
78b19c48-0815-4252-bdcf-3944cd3860d5,2,12.0,desktop,paid_search,0,0,0,0,1,0,1,0,0,0,0,,1
78bbfe37-86e2-4c5e-a9df-a47668eb4d6a,6,113.0,mobile,social,1,0,1,0,0,1,1,1,0,1,0,no_friction,0
78db456d-544c-4196-b6e5-c388fd6a41a3,2,9.0,desktop,paid_search,0,0,0,0,1,0,1,0,0,0,0,,1
78df8399-c5e2-4fbb-b78c-fe47b1db53c5,6,113.0,mobile,social,1,0,1,0,0,1,1,1,0,1,0,post_purchase_anxiety,0
78fccfcd-bf71-46d5-81b5-dcd995190851,2,8.0,desktop,paid_search,0,0,0,0,1,0,1,0,0,0,0,,1
79227749-4085-49cb-8a4a-e3e400b13065,2,29.0,mobile,email,0,0,0,0,1,0,1,0,0,0,0,,1
7925a9bc-3c11-457c-94a7-f2a73af29427,6,106.0,mobile,email,1,0,1,0,0,1,1,1,0,1,0,no_friction,0
792e25bb-b5f6-4479-8ceb-e7f1041eda5d,2,15.0,mobile,organic,0,0,0,0,1,0,1,0,0,0,0,,1
7964672c-3cc9-4ce2-947c-8a54af5b0103,7,148.0,mobile,direct,1,0,1,0,1,0,1,1,1,1,0,payment_failure,1
797afb1a-324e-4521-af57-1542a76890ca,2,13.0,mobile,paid_search,0,0,0,0,1,0,1,0,0,0,0,,1
798294ee-d38f-432a-bfb0-7f22a3d5eb02,6,156.0,mobile,email,1,0,1,0,0,1,1,1,0,1,0,no_friction,0
798519be-4f4a-47c0-8e66-e966dc902169,2,14.0,mobile,organic,0,0,0,0,1,0,1,0,0,0,0,,1
7990e2d4-d3f4-4f96-a7f5-ef7b11acd387,2,6.0,mobile,organic,0,0,0,0,1,0,1,0,0,0,0,,1
7990ffd4-8e68-4dc6-95c1-5d80afeecc01,6,93.0,mobile,direct,1,1,1,0,1,0,1,0,0,1,0,delivery_uncertainty,1
799aecdc-225b-4b4e-a79e-df4725df295e,2,24.0,mobile,organic,0,0,0,0,1,0,1,0,0,0,0,,1
79c275a3-b6b2-4b53-afe1-4c55bc07eabb,5,60.0,mobile,organic,1,0,1,0,1,0,1,0,0,1,0,price_shock,1
79c44790-a48b-4da5-af85-b2d63208087e,10,194.0,desktop,social,0,0,0,4,1,0,1,0,0,4,0,unclear_product_info,1
79cc7a08-6e5d-4516-8e9d-23e639772ab6,2,26.0,tablet,social,0,0,0,0,1,0,1,0,0,0,0,,1
79dac28f-67fe-44fb-bece-2aa68951d0ba,10,179.0,mobile,organic,0,0,0,4,1,0,1,0,0,4,0,unclear_product_info,1
79f226ce-95c5-4deb-ad2b-00a5c7826162,2,27.0,mobile,social,0,0,0,0,1,0,1,0,0,0,0,,1
7a03c17e-059e-4646-bfde-52763fb2492b,6,80.0,mobile,paid_search,1,0,1,0,0,1,1,1,0,1,0,no_friction,0
7a0f9b2c-5d05-4110-94d2-20e96c8d14f4,5,68.0,mobile,organic,1,0,1,0,1,0,1,0,0,1,0,price_shock,1
7a105697-26f0-46a4-8b3c-6ca4905dd6c4,8,113.0,tablet,paid_search,0,0,0,0,1,0,4,0,0,0,3,poor_recommendations,1
7a109f08-0621-4260-a7d0-bd5f16462e5a,2,9.0,tablet,organic,0,0,0,0,1,0,1,0,0,0,0,,1
7a114c6f-be8d-490f-82ac-c17222ea91dc,2,16.0,tablet,organic,0,0,0,0,1,0,1,0,0,0,0,,1
7a62dd5b-8f4a-4810-a562-3a713e5f85fa,2,27.0,mobile,direct,0,0,0,0,1,0,1,0,0,0,0,,1
7a728791-fe1b-44fe-b0f9-a197d992a8bd,6,96.0,desktop,organic,1,1,1,0,1,0,1,0,0,1,0,delivery_uncertainty,1
7a85f097-1ddf-4442-8cfa-534fe2d83405,10,212.0,mobile,organic,0,0,0,4,1,0,1,0,0,4,0,unclear_product_info,1
7a8dc56f-48ac-4738-aa0b-46d6d8b82849,2,18.0,mobile,social,0,0,0,0,1,0,1,0,0,0,0,,1
7a8eedef-fbd4-4654-b2db-9756fd0eb2b8,7,114.0,mobile,organic,1,0,1,0,1,0,1,1,1,1,0,payment_failure,1
7acb601b-a6e5-46e7-ab46-8a0203e035d9,2,27.0,mobile,paid_search,0,0,0,0,1,0,1,0,0,0,0,,1
7ad8d10b-7d75-40f4-a983-fadbcdf0454c,6,91.0,mobile,paid_search,1,0,1,0,0,1,1,1,0,1,0,no_friction,0
7ade45b1-65d7-46d9-ba12-dad17564d65c,5,69.0,mobile,paid_search,1,0,1,0,1,0,1,0,0,1,0,price_shock,1
7ae65eed-10e8-448e-8e13-2588f643949e,5,97.0,desktop,organic,1,0,1,0,1,0,1,0,0,1,0,price_shock,1
7ae9103c-efc7-4c5a-a6e0-c947f84d7e65,2,7.0,desktop,paid_search,0,0,0,0,1,0,1,0,0,0,0,,1
7b523434-7563-446c-8756-60ea2ee8b4d7,2,5.0,mobile,paid_search,0,0,0,0,1,0,1,0,0,0,0,,1
7b54249e-1dc2-41e3-8426-033878c05c94,2,21.0,mobile,social,0,0,0,0,1,0,1,0,0,0,0,,1
7b7d5365-cbfe-4bf4-9997-6565c20c7699,8,87.0,desktop,organic,0,0,0,0,1,0,4,0,0,0,3,poor_recommendations,1
7b7ef369-3f75-44e9-b02c-24b97bd6ead7,6,103.0,tablet,organic,1,0,1,0,0,1,1,1,0,1,0,no_friction,0
7b7f4b57-29dc-4c1b-80f2-dbdf32f640e5,2,14.0,mobile,paid_search,0,0,0,0,1,0,1,0,0,0,0,,1
7b81fbcc-ff3f-4811-84d2-692b27bd47dc,6,103.0,mobile,direct,1,1,1,0,1,0,1,0,0,1,0,delivery_uncertainty,1
7bcd7e59-5822-408d-aad1-ca08c9fa23d7,2,23.0,mobile,organic,0,0,0,0,1,0,1,0,0,0,0,,1
7bf37755-04d3-435a-a0a6-b904cbfa77c8,2,24.0,mobile,social,0,0,0,0,1,0,1,0,0,0,0,,1
7bf82525-d79d-42e9-967e-d23ff47d196d,2,9.0,mobile,social,0,0,0,0,1,0,1,0,0,0,0,,1
7c0c7835-1183-4017-b3bc-1189c5193532,6,109.0,mobile,organic,1,1,1,0,1,0,1,0,0,1,0,delivery_uncertainty,1
7c18a82c-c5db-4fba-b990-a449da49ecc3,10,216.0,mobile,paid_search,0,0,0,4,1,0,1,0,0,4,0,unclear_product_info,1
7c1c02e7-6cb3-44bd-8de9-bc5752a45dda,2,5.0,mobile,social,0,0,0,0,1,0,1,0,0,0,0,,1
7c434ef6-b44f-459f-a847-64f722a0e4dd,2,8.0,mobile,paid_search,0,0,0,0,1,0,1,0,0,0,0,,1
7c4efc21-f203-410f-89e0-9e21c31270c7,6,112.0,desktop,email,1,0,1,0,0,1,1,1,0,1,0,post_purchase_anxiety,0
7c54cbe6-911f-4ddf-8a87-ef281bdd2517,6,90.0,desktop,organic,1,1,1,0,1,0,1,0,0,1,0,delivery_uncertainty,1
7c5abe10-6a6b-4142-add2-dbe0fa6d9ced,6,106.0,mobile,email,1,0,1,0,0,1,1,1,0,1,0,no_friction,0
7c673bbf-99dd-4d7f-9950-44a8eab5bdb5,2,10.0,mobile,direct,0,0,0,0,1,0,1,0,0,0,0,,1
7c67f48c-10c5-45bf-93b8-2a8a7847ffbb,6,107.0,mobile,organic,1,0,1,0,0,1,1,1,0,1,0,no_friction,0
7c6cd7b4-f979-49c0-876d-2bd910aea89f,2,6.0,desktop,organic,0,0,0,0,1,0,1,0,0,0,0,,1
7c7155c8-a3e5-470f-99aa-99cbeafea133,10,166.0,desktop,organic,0,0,0,4,1,0,1,0,0,4,0,unclear_product_info,1
7c7d55c4-3b37-47eb-a549-2b1210b471b8,2,5.0,mobile,email,0,0,0,0,1,0,1,0,0,0,0,,1
7c7e9b09-e0bc-4f66-b52c-0a9edb41e0d1,2,6.0,mobile,organic,0,0,0,0,1,0,1,0,0,0,0,,1
7c85f116-0582-46eb-a884-160a7749880a,2,30.0,mobile,paid_search,0,0,0,0,1,0,1,0,0,0,0,,1
7c9fa53d-5f79-44ca-bc13-438312f28b88,2,18.0,mobile,social,0,0,0,0,1,0,1,0,0,0,0,,1
7ca15458-b8a0-499f-9ab9-19e0a5d9afaf,2,21.0,mobile,organic,0,0,0,0,1,0,1,0,0,0,0,,1
7caf0227-cfdf-4758-9365-6b037029b3de,2,13.0,tablet,organic,0,0,0,0,1,0,1,0,0,0,0,,1
7ccf6ccc-f9eb-4838-8824-3c5e9ae0abd9,7,130.0,mobile,organic,1,0,1,0,1,0,1,1,1,1,0,payment_failure,1
7cd7582a-721a-45d2-9dbf-c86a90750894,6,92.0,mobile,organic,1,0,1,0,0,1,1,1,0,1,0,no_friction,0
7cdba1a0-3e52-4fa1-9816-86f14c5146c1,10,290.0,mobile,social,0,0,0,4,1,0,1,0,0,4,0,unclear_product_info,1
7cec3493-1f9e-468b-ba48-93f0b5cc75b8,6,103.0,mobile,social,1,0,1,0,0,1,1,1,0,1,0,post_purchase_anxiety,0
7cfca11a-a7c9-472b-a192-908ecbedfd20,2,5.0,desktop,organic,0,0,0,0,1,0,1,0,0,0,0,,1
7d00b51d-2d4c-4e7a-ac6e-715ca9bf22fd,8,91.0,mobile,paid_search,0,0,0,0,1,0,4,0,0,0,3,poor_recommendations,1
7d13efe3-8c20-49bf-b70c-7e0dc59fae70,5,90.0,mobile,social,1,0,1,0,1,0,1,0,0,1,0,price_shock,1
7d4f0d9e-a4a0-471c-9643-d917f1a06da0,6,84.0,desktop,paid_search,1,0,1,0,0,1,1,1,0,1,0,no_friction,0
7d5e6a03-07c8-4b27-b45a-a9817b543e02,2,29.0,mobile,social,0,0,0,0,1,0,1,0,0,0,0,,1
7d63328e-908d-4c14-a504-d326ee508ac5,6,105.0,mobile,organic,1,0,1,0,0,1,1,1,0,1,0,no_friction,0
7dad3e78-1de3-4a6a-a7be-cd5ab82cb651,10,230.0,mobile,paid_search,0,0,0,4,1,0,1,0,0,4,0,unclear_product_info,1
7db2b11b-102f-48fd-816f-31d24ff6f6ca,6,82.0,mobile,social,1,1,1,0,1,0,1,0,0,1,0,delivery_uncertainty,1
7db74807-6177-4a09-b25a-c89c30e03251,2,11.0,desktop,paid_search,0,0,0,0,1,0,1,0,0,0,0,,1
7dc51dc5-fb99-4ac3-bbe5-78df6544e5f3,2,7.0,mobile,organic,0,0,0,0,1,0,1,0,0,0,0,,1
7dc9406e-faf0-4896-b003-7f2b8673d6ab,6,110.0,mobile,social,1,0,1,0,0,1,1,1,0,1,0,post_purchase_anxiety,0
7ddab02c-a626-4d3f-93a4-bf92299a771b,7,154.0,desktop,organic,1,0,1,0,1,0,1,1,1,1,0,payment_failure,1
7de42364-aab9-439c-9f7c-9e3d0881afbc,2,29.0,mobile,organic,0,0,0,0,1,0,1,0,0,0,0,,1
7de80fe0-4d6c-4338-bb75-f9fdcef7cf81,2,17.0,mobile,social,0,0,0,0,1,0,1,0,0,0,0,,1
7deb90e4-5b68-4402-834f-c5936c24d6a0,2,5.0,mobile,organic,0,0,0,0,1,0,1,0,0,0,0,,1
7dfdfbad-419f-4908-93e5-55d4265fe23a,5,103.0,mobile,social,1,0,1,0,1,0,1,0,0,1,0,price_shock,1
7dfea6b3-2a2d-496e-ac60-d2115be0cbc8,2,9.0,mobile,direct,0,0,0,0,1,0,1,0,0,0,0,,1
7e03ea60-276d-47ea-b266-393d8c4ec505,6,108.0,mobile,organic,1,0,1,0,0,1,1,1,0,1,0,no_friction,0
7e1633f9-29df-43eb-8a98-cab7fe64e2b3,7,125.0,desktop,organic,1,0,1,0,1,0,1,1,1,1,0,payment_failure,1
7e1b4a45-db0c-4961-b39b-24c578dd6678,10,204.0,desktop,organic,0,0,0,4,1,0,1,0,0,4,0,unclear_product_info,1
7e2e5f4d-c7f3-48bb-8bd2-ea6d0b5c8760,6,110.0,mobile,paid_search,1,0,1,0,0,1,1,1,0,1,0,no_friction,0
7e360d74-a2cb-41a8-8764-9ad4b1109464,6,81.0,mobile,paid_search,1,0,1,0,0,1,1,1,0,1,0,no_friction,0
7e3c8aaf-cc01-45e6-8022-7b2728ac107b,6,107.0,mobile,organic,1,0,1,0,0,1,1,1,0,1,0,no_friction,0
7e3cb7af-64be-42d4-b1f8-ce6ddef8d09f,6,94.0,tablet,direct,1,1,1,0,1,0,1,0,0,1,0,delivery_uncertainty,1
7e48cc4e-c32f-4e39-94d6-dd78f315f5f6,2,16.0,mobile,direct,0,0,0,0,1,0,1,0,0,0,0,,1
7e5cc4ff-9495-411d-ae95-d07a1854c9b2,2,6.0,mobile,paid_search,0,0,0,0,1,0,1,0,0,0,0,,1
7e5ec6e7-263b-47c6-aec3-bacc9c5ecf01,2,12.0,mobile,social,0,0,0,0,1,0,1,0,0,0,0,,1
7e804da2-38e6-4856-b38f-bbf51052236f,6,99.0,mobile,paid_search,1,0,1,0,0,1,1,1,0,1,0,no_friction,0
7e8e0a62-2c77-441e-8f0d-29b780b83641,8,120.0,mobile,organic,0,0,0,0,1,0,4,0,0,0,3,poor_recommendations,1
7e8e8e15-52c9-497a-a579-f69b2aaefbb4,2,26.0,mobile,social,0,0,0,0,1,0,1,0,0,0,0,,1
7e910821-e6a5-4cbb-bab6-b9d4cc9d54d8,8,110.0,mobile,direct,0,0,0,0,1,0,4,0,0,0,3,poor_recommendations,1
7e961a86-ab84-4666-83cb-9836e709f595,2,19.0,mobile,paid_search,0,0,0,0,1,0,1,0,0,0,0,,1
7e9850de-605a-4d89-b50f-ce3322d9a46e,2,13.0,mobile,email,0,0,0,0,1,0,1,0,0,0,0,,1
7e9c9f1a-a7f1-480e-8d27-cd80e723e5f9,2,11.0,mobile,organic,0,0,0,0,1,0,1,0,0,0,0,,1
7e9d24cb-73f6-4243-bd00-886626a4da66,5,104.0,mobile,social,1,0,1,0,1,0,1,0,0,1,0,price_shock,1
7e9fbbac-aaf7-440b-854e-290f358a60e7,2,13.0,mobile,organic,0,0,0,0,1,0,1,0,0,0,0,,1
7eb43418-3bde-4de2-8e10-5752244117c7,2,25.0,mobile,organic,0,0,0,0,1,0,1,0,0,0,0,,1
7ed425d9-5a1c-4368-8d83-c1fa5a2c49d8,2,16.0,mobile,organic,0,0,0,0,1,0,1,0,0,0,0,,1
7ee472b4-02e6-4cc3-a986-8ea178490682,2,18.0,mobile,social,0,0,0,0,1,0,1,0,0,0,0,,1
7ee727a3-8d94-465e-9204-b0c1a1faac90,10,214.0,mobile,organic,0,0,0,4,1,0,1,0,0,4,0,unclear_product_info,1
7ee77515-7a7b-4999-a4c8-34141af9e232,2,21.0,tablet,social,0,0,0,0,1,0,1,0,0,0,0,,1
7ee7e0b0-02b4-4881-9dbc-2dbf5538c342,6,111.0,mobile,organic,1,0,1,0,0,1,1,1,0,1,0,no_friction,0
7ef178f5-dd2b-4fa7-864d-ded1f7dc5b1b,2,22.0,desktop,email,0,0,0,0,1,0,1,0,0,0,0,,1
7ef6360a-119d-4a4d-b2fd-4fe2fc7e1d34,2,9.0,mobile,paid_search,0,0,0,0,1,0,1,0,0,0,0,,1
7f083c38-f920-427d-a480-b589aeb0eae7,10,231.0,mobile,direct,0,0,0,4,1,0,1,0,0,4,0,unclear_product_info,1
7f15b8e7-bff0-410d-818c-61d0a9e5bf07,5,81.0,tablet,direct,1,0,1,0,1,0,1,0,0,1,0,price_shock,1
7f1684e2-cd90-4f70-91bc-fa60a7f7c01a,2,9.0,mobile,organic,0,0,0,0,1,0,1,0,0,0,0,,1
7f18d8cf-9916-417e-b6aa-7f23691e1680,2,28.0,mobile,paid_search,0,0,0,0,1,0,1,0,0,0,0,,1
7f1ac4b6-3a36-4355-8724-1f7a5bb1ed2d,6,79.0,mobile,social,1,0,1,0,0,1,1,1,0,1,0,no_friction,0
7f201c3b-aa5e-448d-b164-abeef66f68a9,10,173.0,mobile,organic,0,0,0,4,1,0,1,0,0,4,0,unclear_product_info,1
7f829d84-cb76-4907-a7df-9bd3644a6696,2,8.0,desktop,social,0,0,0,0,1,0,1,0,0,0,0,,1
7f82f3f1-9c1f-41f9-bdb4-8ff1f1c11cb8,6,93.0,mobile,organic,1,1,1,0,1,0,1,0,0,1,0,delivery_uncertainty,1
7f956c47-f997-4703-8a03-33e7f144cd80,7,131.0,desktop,social,1,0,1,0,1,0,1,1,1,1,0,payment_failure,1
7f9b65d3-b0d1-465c-8cb5-14b2547735b6,6,87.0,desktop,paid_search,1,0,1,0,0,1,1,1,0,1,0,post_purchase_anxiety,0
7fa02002-45e3-4516-8eb1-38abb6abd396,6,62.0,desktop,direct,1,0,1,0,0,1,1,1,0,1,0,post_purchase_anxiety,0
7fc6f7a7-1ff4-4da9-8174-0da48a744620,6,93.0,mobile,social,1,0,1,0,0,1,1,1,0,1,0,post_purchase_anxiety,0
7fc81dfd-f675-48ce-b0e8-1b5c1370a995,5,130.0,desktop,social,1,0,1,0,1,0,1,0,0,1,0,price_shock,1
7fdb8d2b-f15f-48ed-ae74-c1bdac7b9973,7,127.0,mobile,organic,1,0,1,0,1,0,1,1,1,1,0,payment_failure,1
7fe28a27-2ead-4874-a78c-4b150102f6b2,2,9.0,desktop,organic,0,0,0,0,1,0,1,0,0,0,0,,1
7ff54e72-d85b-4ff7-a879-ff2240fb8a34,2,20.0,mobile,direct,0,0,0,0,1,0,1,0,0,0,0,,1
800043f7-6007-4cce-b2b7-50a30827c540,2,16.0,desktop,paid_search,0,0,0,0,1,0,1,0,0,0,0,,1
8008913b-47f7-4c58-84f8-b57b387dea85,2,12.0,mobile,organic,0,0,0,0,1,0,1,0,0,0,0,,1
80121bc5-c8b6-4f26-a492-bca6ad51dcc4,10,214.0,mobile,organic,0,0,0,4,1,0,1,0,0,4,0,unclear_product_info,1
8031e0ba-8b7e-4adc-ad18-53277fa38929,2,19.0,mobile,email,0,0,0,0,1,0,1,0,0,0,0,,1
80550fc5-e7ff-4e9a-82af-1bece6548da5,7,150.0,mobile,paid_search,1,0,1,0,1,0,1,1,1,1,0,payment_failure,1
80592420-8374-4852-a4da-258cfc590466,2,15.0,mobile,direct,0,0,0,0,1,0,1,0,0,0,0,,1
805d707b-cf7e-4ca5-86b4-893eb077a761,2,19.0,tablet,organic,0,0,0,0,1,0,1,0,0,0,0,,1
8062df76-caf0-4ccd-a92d-6b4bafac4ddc,7,177.0,mobile,paid_search,1,0,1,0,1,0,1,1,1,1,0,payment_failure,1
8068d4af-9676-4b85-af7f-604e013859b4,6,103.0,mobile,organic,1,0,1,0,0,1,1,1,0,1,0,no_friction,0
80804f21-3286-4045-a42e-fa386a4c8ad2,2,29.0,desktop,paid_search,0,0,0,0,1,0,1,0,0,0,0,,1
8082c888-fcab-4371-8bbb-ba6e59e62551,6,108.0,tablet,paid_search,1,0,1,0,0,1,1,1,0,1,0,no_friction,0
8086392b-1abc-44c6-a65a-ea017ac60db3,2,5.0,mobile,paid_search,0,0,0,0,1,0,1,0,0,0,0,,1
808d5069-1730-439d-aab0-b265e6ecf06c,6,95.0,tablet,paid_search,1,0,1,0,0,1,1,1,0,1,0,no_friction,0
808e305c-79fc-4161-83a0-01236b4e0ab2,6,106.0,mobile,email,1,0,1,0,0,1,1,1,0,1,0,no_friction,0
80aa3d0a-dc60-428f-bb43-53c0c64cedb3,10,169.0,mobile,organic,0,0,0,4,1,0,1,0,0,4,0,unclear_product_info,1
80be6d3a-419c-4d12-8ebb-c50bfb022831,7,106.0,mobile,organic,1,0,1,0,1,0,1,1,1,1,0,payment_failure,1
80c07e09-fdad-4923-81e3-04e96b6624ff,2,8.0,desktop,email,0,0,0,0,1,0,1,0,0,0,0,,1
80cb6166-3de3-4c13-a2cb-4062fb1aa298,6,124.0,mobile,paid_search,1,1,1,0,1,0,1,0,0,1,0,delivery_uncertainty,1
80d2fa94-5567-4a01-a705-e48b12c0bc8a,2,30.0,mobile,direct,0,0,0,0,1,0,1,0,0,0,0,,1
80d9141d-989b-4139-8839-f102ca98344b,2,13.0,desktop,social,0,0,0,0,1,0,1,0,0,0,0,,1
80dac9eb-961c-44c4-975b-efa179dd5a0e,2,22.0,desktop,organic,0,0,0,0,1,0,1,0,0,0,0,,1
80e117a2-e39f-4b7d-93a9-d177bdbd60ec,6,86.0,mobile,organic,1,0,1,0,0,1,1,1,0,1,0,post_purchase_anxiety,0
80ebeafc-d5b3-4f60-a7ac-1bf507fdbd17,2,8.0,mobile,social,0,0,0,0,1,0,1,0,0,0,0,,1
80fe5f68-b0b5-4bc3-8af6-dc3090b9373e,2,20.0,tablet,organic,0,0,0,0,1,0,1,0,0,0,0,,1
81196872-ce5c-4142-87a3-4cce268f1c23,2,22.0,desktop,social,0,0,0,0,1,0,1,0,0,0,0,,1
811a165c-85c9-4d45-b3ea-db7d3a6405ae,2,17.0,desktop,organic,0,0,0,0,1,0,1,0,0,0,0,,1
811d1b79-afc7-484e-bdea-9f784c54d179,2,24.0,mobile,paid_search,0,0,0,0,1,0,1,0,0,0,0,,1
811f5c77-df15-4ad3-a7e8-f0ce0e7245c8,2,7.0,mobile,social,0,0,0,0,1,0,1,0,0,0,0,,1
81493a08-8888-4083-ab43-2d2308d60d11,2,26.0,mobile,organic,0,0,0,0,1,0,1,0,0,0,0,,1
815028a5-77d8-4a0d-b73f-9f01db876e41,10,176.0,mobile,organic,0,0,0,4,1,0,1,0,0,4,0,unclear_product_info,1
81561ccb-4261-4c3a-98af-2d9c3bc88800,6,108.0,desktop,direct,1,0,1,0,0,1,1,1,0,1,0,no_friction,0
815966b6-7d12-456a-a6e2-9f1ae07e8bff,2,8.0,desktop,organic,0,0,0,0,1,0,1,0,0,0,0,,1
816dc10d-e985-41b3-a19b-5dc374981057,10,226.0,mobile,direct,0,0,0,4,1,0,1,0,0,4,0,unclear_product_info,1
817867d6-ca95-47ee-82fd-fee520fef93d,2,22.0,mobile,paid_search,0,0,0,0,1,0,1,0,0,0,0,,1
818639de-e6fb-4944-8ef8-8d93dc8f5fbb,2,29.0,desktop,social,0,0,0,0,1,0,1,0,0,0,0,,1
819e770d-9a10-4459-95a0-4b5be2396958,6,122.0,desktop,social,1,0,1,0,0,1,1,1,0,1,0,no_friction,0
81a06ba7-936e-41e3-860b-ddd7e420cbfc,6,102.0,mobile,paid_search,1,0,1,0,0,1,1,1,0,1,0,post_purchase_anxiety,0
81bb7792-35e7-476c-b0da-8da6f3fa7198,7,125.0,desktop,organic,1,0,1,0,1,0,1,1,1,1,0,payment_failure,1
81cde410-de76-4b5e-81cf-e6077bafd26c,6,139.0,mobile,paid_search,1,0,1,0,0,1,1,1,0,1,0,no_friction,0
81e7e00c-cb2d-4f03-b989-3870052a4222,2,17.0,tablet,email,0,0,0,0,1,0,1,0,0,0,0,,1
81ef19e0-ef7b-46c7-9401-9b217d654bfa,2,17.0,desktop,email,0,0,0,0,1,0,1,0,0,0,0,,1
8208be1c-66a1-4088-ba18-ed6867ed64de,2,10.0,mobile,organic,0,0,0,0,1,0,1,0,0,0,0,,1
821d26d0-7428-43dc-be2d-966b124cd197,6,79.0,mobile,social,1,0,1,0,0,1,1,1,0,1,0,no_friction,0
821e46ae-e2d8-437e-8679-d3bdc37ba169,5,93.0,mobile,social,1,0,1,0,1,0,1,0,0,1,0,price_shock,1
82338ffa-16d7-497d-ab6a-ac81aa40f1af,6,139.0,desktop,organic,1,0,1,0,0,1,1,1,0,1,0,no_friction,0
823be7d4-96d5-409f-af15-5f12d18fd0bd,5,98.0,mobile,email,1,0,1,0,1,0,1,0,0,1,0,price_shock,1
824ebd48-e452-4905-bf43-8dcaf8463506,6,103.0,mobile,organic,1,0,1,0,0,1,1,1,0,1,0,no_friction,0
8250aefa-4b2d-49d0-b1c6-1f5906c8aa00,6,76.0,desktop,paid_search,1,0,1,0,0,1,1,1,0,1,0,no_friction,0
825b2f36-2d42-456d-aee5-e152809c4e28,8,85.0,tablet,direct,0,0,0,0,1,0,4,0,0,0,3,poor_recommendations,1
8262e0bf-2a99-4beb-b576-e3e9979832fb,8,92.0,mobile,direct,0,0,0,0,1,0,4,0,0,0,3,poor_recommendations,1
8264759c-6c7c-4c60-89f6-956a4bce2226,2,16.0,desktop,organic,0,0,0,0,1,0,1,0,0,0,0,,1
8264c42e-a3ee-4a5b-960c-00a73f959a5b,6,91.0,tablet,organic,1,0,1,0,0,1,1,1,0,1,0,no_friction,0
82698c3d-5b13-4d72-970b-9e337b054cf3,2,18.0,tablet,direct,0,0,0,0,1,0,1,0,0,0,0,,1
826d4fdd-824b-4461-bd02-2da57fe79fbd,2,15.0,tablet,social,0,0,0,0,1,0,1,0,0,0,0,,1
82729828-3c63-4098-a775-a82abc73152b,2,17.0,desktop,email,0,0,0,0,1,0,1,0,0,0,0,,1
828c94d7-2be0-4018-9e69-d314d33e57a9,2,17.0,mobile,organic,0,0,0,0,1,0,1,0,0,0,0,,1
829a0a45-1a5c-470a-a4aa-59b4fb4444e5,2,13.0,mobile,direct,0,0,0,0,1,0,1,0,0,0,0,,1
82c4a34f-3fad-43fd-a091-4ab76a881dc8,2,25.0,mobile,organic,0,0,0,0,1,0,1,0,0,0,0,,1
82d6fde2-cc0e-4dbf-9f25-9f754e0d1467,6,142.0,tablet,organic,1,1,1,0,1,0,1,0,0,1,0,delivery_uncertainty,1
82e5a1a7-135f-412c-a16a-7ce22e1ee223,6,99.0,mobile,paid_search,1,0,1,0,0,1,1,1,0,1,0,no_friction,0
82e722ad-b27f-499c-8855-8342926180ea,10,186.0,mobile,paid_search,0,0,0,4,1,0,1,0,0,4,0,unclear_product_info,1
82ef0dda-987f-435f-9eb9-b4523a22442d,6,100.0,mobile,organic,1,0,1,0,0,1,1,1,0,1,0,no_friction,0
82f2a9a5-be15-4e3e-ba48-f268d1edaec1,2,18.0,mobile,organic,0,0,0,0,1,0,1,0,0,0,0,,1
82fc38de-006b-496f-8a72-39acb7f3763b,6,100.0,tablet,social,1,0,1,0,0,1,1,1,0,1,0,no_friction,0
82fd6b41-1a4a-447c-b53e-3f0f332645f3,6,131.0,mobile,direct,1,0,1,0,0,1,1,1,0,1,0,no_friction,0
8313e37c-b7be-4b94-a41c-e70bcbf8e777,2,9.0,mobile,organic,0,0,0,0,1,0,1,0,0,0,0,,1
8333ada1-5cf8-4732-8a70-b43a574460af,2,19.0,desktop,organic,0,0,0,0,1,0,1,0,0,0,0,,1
8349c169-1cd0-4af1-aeb8-df2cb5d12f75,7,119.0,mobile,organic,1,0,1,0,1,0,1,1,1,1,0,payment_failure,1
83669cf1-e237-4916-a56d-28d9be4fc00e,6,125.0,desktop,organic,1,0,1,0,0,1,1,1,0,1,0,no_friction,0
836c31f9-67a2-45bf-8df3-41b4e3a94d64,2,15.0,mobile,social,0,0,0,0,1,0,1,0,0,0,0,,1
8394fd92-7ed7-47f1-b8a0-cb52bd33e7b9,6,112.0,desktop,organic,1,0,1,0,0,1,1,1,0,1,0,no_friction,0
839a6df9-863c-4918-958f-90c4920150ff,8,104.0,tablet,organic,0,0,0,0,1,0,4,0,0,0,3,poor_recommendations,1
839a881a-f738-41d0-ab95-3462a5905b4e,2,17.0,desktop,paid_search,0,0,0,0,1,0,1,0,0,0,0,,1
83a19f7f-2d2b-48cd-aa68-46970146aff9,2,19.0,mobile,organic,0,0,0,0,1,0,1,0,0,0,0,,1
83afeadd-2b72-4677-8cb7-b1efaf016add,2,11.0,mobile,organic,0,0,0,0,1,0,1,0,0,0,0,,1
83bbb59b-ef13-4018-89bf-9218694725c4,2,16.0,desktop,direct,0,0,0,0,1,0,1,0,0,0,0,,1
83cdb7bc-e822-4d1f-abcc-87fa04b98769,10,206.0,desktop,paid_search,0,0,0,4,1,0,1,0,0,4,0,unclear_product_info,1
840d84a2-9f07-45cd-aa3f-50c374782296,2,14.0,mobile,direct,0,0,0,0,1,0,1,0,0,0,0,,1
8438f9ed-7de6-4446-b157-4f3aa4d5e850,2,18.0,mobile,direct,0,0,0,0,1,0,1,0,0,0,0,,1
844d1b96-b088-43f7-9277-0c16b3d07ce5,2,20.0,mobile,paid_search,0,0,0,0,1,0,1,0,0,0,0,,1
844f2967-b8b6-4349-8dd3-9ea9249a4146,8,102.0,mobile,organic,0,0,0,0,1,0,4,0,0,0,3,poor_recommendations,1
84614cbc-b392-4317-9bce-002923f7ac41,2,18.0,mobile,social,0,0,0,0,1,0,1,0,0,0,0,,1
8465f6b0-45b0-4049-b7f6-aad651b0ec90,6,86.0,mobile,email,1,0,1,0,0,1,1,1,0,1,0,no_friction,0
8469e3da-9e08-4ca2-bef5-3460c4552099,2,7.0,tablet,organic,0,0,0,0,1,0,1,0,0,0,0,,1
846f3d37-ac3d-4df6-9bc8-10ee719bae09,10,251.0,mobile,social,0,0,0,4,1,0,1,0,0,4,0,unclear_product_info,1
847d237e-418f-4464-863e-aebe147b8cd8,6,126.0,mobile,direct,1,0,1,0,0,1,1,1,0,1,0,no_friction,0
84828741-bd2a-42b3-b497-6f433861100d,2,20.0,mobile,organic,0,0,0,0,1,0,1,0,0,0,0,,1
848aa74d-e5fa-45a3-8d2e-fdac73ea366e,2,23.0,mobile,organic,0,0,0,0,1,0,1,0,0,0,0,,1
849364c9-0bcd-408d-a4ff-fd7f7fcf853c,2,27.0,mobile,organic,0,0,0,0,1,0,1,0,0,0,0,,1
84998899-971f-4546-b704-f1bfe84c0b7e,6,131.0,tablet,organic,1,0,1,0,0,1,1,1,0,1,0,no_friction,0
84a01efd-afe0-4c1c-9a4a-c6d1e0242521,2,10.0,tablet,email,0,0,0,0,1,0,1,0,0,0,0,,1
84a2e22b-6b00-4414-9dcd-1cce164cc9ea,6,128.0,desktop,organic,1,1,1,0,1,0,1,0,0,1,0,delivery_uncertainty,1
84acea3d-2753-4886-b831-e2166fa5473d,2,19.0,mobile,direct,0,0,0,0,1,0,1,0,0,0,0,,1
84b11e9f-b49a-4120-ba45-5a7ee4f3ea26,2,17.0,mobile,social,0,0,0,0,1,0,1,0,0,0,0,,1
84b657b1-aa8d-4bee-bb67-94a36e17aa38,6,90.0,mobile,social,1,0,1,0,0,1,1,1,0,1,0,no_friction,0
84bb4c1f-7ddd-47d6-ae9f-5cd60c8e7527,6,104.0,mobile,social,1,0,1,0,0,1,1,1,0,1,0,no_friction,0
84bfdadd-9394-4109-a406-d2920817ca5f,5,85.0,tablet,organic,1,0,1,0,1,0,1,0,0,1,0,price_shock,1
84c735ca-3f27-4af5-9018-a84a232ab04b,2,23.0,mobile,direct,0,0,0,0,1,0,1,0,0,0,0,,1
84d3f17f-0f07-4ff8-b974-9739760e12a4,2,12.0,mobile,email,0,0,0,0,1,0,1,0,0,0,0,,1
84e25019-b85d-4c3f-abc5-c4f33a3750ee,6,115.0,mobile,organic,1,1,1,0,1,0,1,0,0,1,0,delivery_uncertainty,1
85027bd7-d2bd-4f21-89ba-316f38945eaa,6,136.0,mobile,direct,1,0,1,0,0,1,1,1,0,1,0,no_friction,0
8511b2e4-6941-4ff0-b477-4deb3a07d5e2,2,17.0,mobile,direct,0,0,0,0,1,0,1,0,0,0,0,,1
85124f4b-4648-4c8f-80c8-d12875864dca,7,155.0,mobile,social,1,0,1,0,1,0,1,1,1,1,0,payment_failure,1
8524976d-18f1-48d2-91d9-0fec5f48a2e7,2,6.0,mobile,organic,0,0,0,0,1,0,1,0,0,0,0,,1
852ddcb2-55a8-4d08-a461-a47476bdd57a,6,130.0,mobile,social,1,0,1,0,0,1,1,1,0,1,0,no_friction,0
8534d33a-f116-4d47-9be6-1f7d47395a3e,6,116.0,desktop,organic,1,0,1,0,0,1,1,1,0,1,0,no_friction,0
8538ac85-4119-488a-aa4a-3948e3841b75,7,136.0,tablet,email,1,0,1,0,1,0,1,1,1,1,0,payment_failure,1
8541517d-e8bd-4ce9-bf82-df24d8ae5660,7,142.0,mobile,organic,1,0,1,0,1,0,1,1,1,1,0,payment_failure,1
854e6285-8960-4466-9933-5a2327219c45,2,28.0,desktop,paid_search,0,0,0,0,1,0,1,0,0,0,0,,1
855491c2-9ecb-48be-9e5f-a7fb98b82642,5,66.0,tablet,organic,1,0,1,0,1,0,1,0,0,1,0,price_shock,1
8562e4ac-7334-4625-8199-68945c6cc4c7,2,14.0,mobile,paid_search,0,0,0,0,1,0,1,0,0,0,0,,1
857c3a5a-8d7b-44e7-a885-89d08d37fe92,2,12.0,desktop,organic,0,0,0,0,1,0,1,0,0,0,0,,1
857cc903-c6e6-4ab6-932b-a1de1a983f02,2,28.0,tablet,direct,0,0,0,0,1,0,1,0,0,0,0,,1
8584907f-816b-4d76-a238-efbe8e8e08e1,6,82.0,mobile,social,1,0,1,0,0,1,1,1,0,1,0,no_friction,0
858bf89b-f734-4f79-afb0-87a9bce61b38,5,107.0,mobile,organic,1,0,1,0,1,0,1,0,0,1,0,price_shock,1
859068fa-8666-4a58-815f-57d88c7b0e8b,2,8.0,mobile,social,0,0,0,0,1,0,1,0,0,0,0,,1
85907801-a20a-4563-b7f0-a006b8581899,2,25.0,mobile,social,0,0,0,0,1,0,1,0,0,0,0,,1
85907d49-70a1-4f3c-8663-e99ad29ba6ec,6,88.0,desktop,paid_search,1,0,1,0,0,1,1,1,0,1,0,no_friction,0
859b524c-4b57-4dc0-a416-287412e11dac,2,8.0,mobile,organic,0,0,0,0,1,0,1,0,0,0,0,,1
85af456f-8735-41f7-b6d1-14736e25118d,2,26.0,mobile,direct,0,0,0,0,1,0,1,0,0,0,0,,1
85cda0ec-f583-4a67-9ada-07b001826a76,6,92.0,mobile,social,1,0,1,0,0,1,1,1,0,1,0,no_friction,0
85d1ce94-a4e7-4d2b-afbd-3b4f2f5f8e09,2,10.0,desktop,email,0,0,0,0,1,0,1,0,0,0,0,,1
85db3797-29f1-44c9-93cc-a330572b9263,6,126.0,tablet,direct,1,0,1,0,0,1,1,1,0,1,0,post_purchase_anxiety,0
85e35b0b-1dc3-467a-9377-59238fdeb546,2,13.0,mobile,paid_search,0,0,0,0,1,0,1,0,0,0,0,,1
85ec5276-2745-432d-b3a6-f8087fae6bcf,7,144.0,mobile,organic,1,0,1,0,1,0,1,1,1,1,0,payment_failure,1
85ef8f1e-5281-48fb-9e49-02a4354c6195,6,93.0,mobile,organic,1,0,1,0,0,1,1,1,0,1,0,no_friction,0
860a32c6-9d89-4dad-b35a-76777f7095f3,6,100.0,desktop,social,1,0,1,0,0,1,1,1,0,1,0,no_friction,0
860b0eac-c0b0-4cb4-85f5-24266a7b5a96,2,17.0,desktop,social,0,0,0,0,1,0,1,0,0,0,0,,1
86370d69-6e52-472b-9465-0e5e59809c72,6,114.0,desktop,social,1,0,1,0,0,1,1,1,0,1,0,no_friction,0
86663d25-984d-478b-b5fc-1cc04084f66b,8,112.0,mobile,paid_search,0,0,0,0,1,0,4,0,0,0,3,poor_recommendations,1
868d2275-e30b-4245-b57f-122455eaf5e3,6,130.0,mobile,organic,1,0,1,0,0,1,1,1,0,1,0,no_friction,0
86a3436c-8f49-4113-be77-0ece21fe5db8,2,21.0,mobile,organic,0,0,0,0,1,0,1,0,0,0,0,,1
86b66471-52a8-41ca-acd8-3271dedea2df,2,27.0,mobile,social,0,0,0,0,1,0,1,0,0,0,0,,1
86cc7496-ae22-44bf-80a3-bf3fa65af834,10,264.0,desktop,organic,0,0,0,4,1,0,1,0,0,4,0,unclear_product_info,1
86d0ff5b-e66e-4a4f-bb14-4c42d27d15e6,2,29.0,desktop,organic,0,0,0,0,1,0,1,0,0,0,0,,1
86ea35f3-2152-4203-b7da-3d9bc34c1e79,6,99.0,mobile,social,1,0,1,0,0,1,1,1,0,1,0,no_friction,0
86fc3644-1d72-41f9-9557-9c79cfa21101,2,22.0,mobile,organic,0,0,0,0,1,0,1,0,0,0,0,,1
870a6bd2-666d-4e0d-88fc-670894f60bb0,10,193.0,mobile,paid_search,0,0,0,4,1,0,1,0,0,4,0,unclear_product_info,1
871bb7fb-e136-46b8-889f-6d4fac2f6059,2,11.0,mobile,social,0,0,0,0,1,0,1,0,0,0,0,,1
871e7877-fa51-46ff-9ca5-f983d43a29d7,6,112.0,mobile,social,1,1,1,0,1,0,1,0,0,1,0,delivery_uncertainty,1
872b0665-be40-49b6-b1b7-45d42adee1e8,6,125.0,mobile,email,1,0,1,0,0,1,1,1,0,1,0,no_friction,0
87303230-90ca-4449-8239-02d10ff61ee5,2,5.0,desktop,direct,0,0,0,0,1,0,1,0,0,0,0,,1
8752f7e8-2598-47ad-a081-66d9137ae06f,2,22.0,mobile,organic,0,0,0,0,1,0,1,0,0,0,0,,1
876d6edf-6b39-48d0-af92-3877e678d81a,2,20.0,desktop,email,0,0,0,0,1,0,1,0,0,0,0,,1
87715c9f-4a00-4c9c-bca4-70c42706f651,6,112.0,mobile,organic,1,0,1,0,0,1,1,1,0,1,0,no_friction,0
877b65a9-491d-4853-8dec-ef5126b6a65c,2,18.0,mobile,email,0,0,0,0,1,0,1,0,0,0,0,,1
87a3507f-4c21-46a9-807c-3e1e03da9aad,6,100.0,mobile,direct,1,0,1,0,0,1,1,1,0,1,0,no_friction,0
87a489f6-7cf0-49ad-84f3-faf984455d68,6,108.0,desktop,organic,1,0,1,0,0,1,1,1,0,1,0,no_friction,0
87a4d8ee-24a5-48b7-bd3c-f179e74d2191,5,95.0,mobile,paid_search,1,0,1,0,1,0,1,0,0,1,0,price_shock,1
87a96f85-c712-4e39-9697-a7c2c684b888,6,102.0,mobile,organic,1,1,1,0,1,0,1,0,0,1,0,delivery_uncertainty,1
87b1b301-d6f2-4282-a6bd-417a93e3bd38,5,91.0,mobile,organic,1,0,1,0,1,0,1,0,0,1,0,price_shock,1
87b539a8-7b70-4ee9-80cb-6dbf436f6a6c,6,125.0,mobile,direct,1,1,1,0,1,0,1,0,0,1,0,delivery_uncertainty,1
87c78796-a2b5-4e88-a30a-4cde9318abb0,6,156.0,desktop,organic,1,0,1,0,0,1,1,1,0,1,0,no_friction,0
87d2e508-a476-467b-81e6-ced5893bf81b,2,13.0,mobile,social,0,0,0,0,1,0,1,0,0,0,0,,1
87d6d2f1-2381-4ed5-941b-8ed20e8b5529,6,142.0,mobile,social,1,0,1,0,0,1,1,1,0,1,0,no_friction,0
87e4c999-06a3-4703-b729-0e26c812f700,6,126.0,mobile,organic,1,0,1,0,0,1,1,1,0,1,0,post_purchase_anxiety,0
87fba451-7fdf-4160-8f70-24c7955630f8,6,113.0,desktop,paid_search,1,0,1,0,0,1,1,1,0,1,0,no_friction,0
8822fff3-fa62-4704-964e-b32eaeddc4b4,2,9.0,desktop,organic,0,0,0,0,1,0,1,0,0,0,0,,1
882672bd-4c34-4fd4-9cf9-13bdf4e9d87b,8,77.0,mobile,email,0,0,0,0,1,0,4,0,0,0,3,poor_recommendations,1
882c1f82-ec42-48af-867b-bd704e2f7b46,2,23.0,desktop,social,0,0,0,0,1,0,1,0,0,0,0,,1
882ce481-abc8-4169-802e-4ae14c1fb26e,2,20.0,desktop,organic,0,0,0,0,1,0,1,0,0,0,0,,1
8843c355-4162-42c8-b63f-a480cd0efbf3,2,24.0,mobile,email,0,0,0,0,1,0,1,0,0,0,0,,1
884e4728-4824-4a0a-8ee6-69f58355dee6,2,30.0,mobile,organic,0,0,0,0,1,0,1,0,0,0,0,,1
884f5905-eb29-4ef5-a855-ba84d9c9c437,5,72.0,mobile,organic,1,0,1,0,1,0,1,0,0,1,0,price_shock,1
885ea94e-3478-4b9c-8cef-fe4c1a99105f,2,5.0,mobile,organic,0,0,0,0,1,0,1,0,0,0,0,,1
8862df2e-6347-4d8f-8895-50f19c067c42,2,16.0,desktop,email,0,0,0,0,1,0,1,0,0,0,0,,1
88641829-d804-430d-a4d7-ae41363c9c48,2,13.0,mobile,email,0,0,0,0,1,0,1,0,0,0,0,,1
886748ca-3f0b-4138-bc98-709fd4ad1a24,8,99.0,desktop,organic,0,0,0,0,1,0,4,0,0,0,3,poor_recommendations,1
8890c063-83e1-4a7f-8f07-e5e3d700ae79,2,5.0,mobile,email,0,0,0,0,1,0,1,0,0,0,0,,1
8891015d-2dac-408d-b0a8-f8a924fa3c70,6,104.0,mobile,direct,1,0,1,0,0,1,1,1,0,1,0,no_friction,0
88919171-4bb5-4312-9794-10ab6d1dda88,2,29.0,desktop,social,0,0,0,0,1,0,1,0,0,0,0,,1
88b4d4a2-a68b-4faf-8b56-17109cd784e2,2,13.0,desktop,social,0,0,0,0,1,0,1,0,0,0,0,,1
88bb5de2-6391-4c24-89d2-9b35781695a6,2,25.0,tablet,email,0,0,0,0,1,0,1,0,0,0,0,,1
88ca40cd-5430-4e4a-a879-dda2a4936eef,10,236.0,mobile,direct,0,0,0,4,1,0,1,0,0,4,0,unclear_product_info,1
88d3c836-5642-403e-97ac-f0ea14440a59,2,27.0,desktop,social,0,0,0,0,1,0,1,0,0,0,0,,1
88e88ed4-6cb4-4736-a60c-c53da4536d2f,2,30.0,desktop,organic,0,0,0,0,1,0,1,0,0,0,0,,1
88ed1c29-c2a6-410f-b804-f9f9848bcf4c,2,29.0,mobile,social,0,0,0,0,1,0,1,0,0,0,0,,1
8920e328-eba3-473b-874f-ca7b19d43ead,2,29.0,mobile,direct,0,0,0,0,1,0,1,0,0,0,0,,1
893a050c-0cd8-4287-83b6-28ef98b18995,2,5.0,desktop,direct,0,0,0,0,1,0,1,0,0,0,0,,1
89476f9d-4478-4107-b92a-7356a47cbad5,2,22.0,desktop,organic,0,0,0,0,1,0,1,0,0,0,0,,1
8955c5ea-287b-4867-a467-0927aa564ee3,2,20.0,desktop,direct,0,0,0,0,1,0,1,0,0,0,0,,1
89574ba2-20fb-49e5-aa7c-d734eca65edf,6,123.0,mobile,social,1,0,1,0,0,1,1,1,0,1,0,no_friction,0
89596448-2af7-4bc1-8906-e25f49b88226,5,99.0,mobile,social,1,0,1,0,1,0,1,0,0,1,0,price_shock,1
8974a003-fdd6-48f5-9ac2-a4cb85184ef3,7,145.0,mobile,social,1,0,1,0,1,0,1,1,1,1,0,payment_failure,1
89832625-9687-49f8-9506-dba6f702e7d4,2,22.0,mobile,social,0,0,0,0,1,0,1,0,0,0,0,,1
898fa27a-4f9c-4ce5-8934-fd2f246d6c4b,2,26.0,mobile,paid_search,0,0,0,0,1,0,1,0,0,0,0,,1
89960b78-fe72-4f3a-b699-820193e268f9,2,30.0,mobile,organic,0,0,0,0,1,0,1,0,0,0,0,,1
89afd218-ed9a-494b-bdb6-e1a46d0a7e6c,2,29.0,mobile,organic,0,0,0,0,1,0,1,0,0,0,0,,1
89b3ecdf-a7bb-46e6-905a-ac61e6bf5b28,6,117.0,mobile,direct,1,0,1,0,0,1,1,1,0,1,0,no_friction,0
89b3f04d-3005-42c1-a0a5-46ae02107fd7,2,12.0,mobile,organic,0,0,0,0,1,0,1,0,0,0,0,,1
89bb4782-b6c7-4b82-ad05-5878c0dd9c58,2,23.0,mobile,direct,0,0,0,0,1,0,1,0,0,0,0,,1
89c95a3a-098f-48b2-89f9-7fbbb7006980,2,17.0,desktop,organic,0,0,0,0,1,0,1,0,0,0,0,,1
89ce2672-5c03-49c4-9f79-32889309afd4,2,19.0,mobile,paid_search,0,0,0,0,1,0,1,0,0,0,0,,1
89d29108-c6b1-4f75-b5a8-4de317146ce3,2,21.0,mobile,paid_search,0,0,0,0,1,0,1,0,0,0,0,,1
89ee3ee0-818a-43a0-a4c7-c161e3908d50,7,154.0,mobile,social,1,0,1,0,1,0,1,1,1,1,0,payment_failure,1
89f42b48-97eb-4728-adfd-697599980229,2,5.0,mobile,organic,0,0,0,0,1,0,1,0,0,0,0,,1
8a178097-b0e6-4313-aa73-b347f0dc89f3,6,103.0,desktop,paid_search,1,0,1,0,0,1,1,1,0,1,0,no_friction,0
8a2b90f8-956e-41a7-b351-ccdae2cf53bc,2,15.0,mobile,email,0,0,0,0,1,0,1,0,0,0,0,,1
8a2d1220-7eff-41f5-aeb2-6aa89107f846,6,121.0,tablet,paid_search,1,0,1,0,0,1,1,1,0,1,0,no_friction,0
8a34b653-638f-4501-8dea-af37bc86d057,2,19.0,mobile,organic,0,0,0,0,1,0,1,0,0,0,0,,1
8a549e28-56e1-4bd2-971a-a9c96ef14bfd,6,129.0,mobile,social,1,0,1,0,0,1,1,1,0,1,0,no_friction,0
8a5e2bc3-72a5-4993-8db9-bdab164cfd54,2,13.0,mobile,email,0,0,0,0,1,0,1,0,0,0,0,,1
8a6a9556-0815-498e-893f-d68cda820100,7,143.0,tablet,organic,1,0,1,0,1,0,1,1,1,1,0,payment_failure,1
8a708679-e861-4c48-ba9e-ed4aa2c2b208,6,125.0,mobile,paid_search,1,1,1,0,1,0,1,0,0,1,0,delivery_uncertainty,1
8a7199a3-3886-4e63-aacd-b68b998984bb,7,136.0,mobile,email,1,0,1,0,1,0,1,1,1,1,0,payment_failure,1
8a79dd6b-ad2c-4891-8d97-5abdd3cca3f4,2,11.0,desktop,organic,0,0,0,0,1,0,1,0,0,0,0,,1
8a7daee7-7406-4d7c-acd3-16faf96a5121,6,129.0,desktop,organic,1,0,1,0,0,1,1,1,0,1,0,no_friction,0
8a7f4c25-1913-4953-9820-7f0948911025,5,84.0,mobile,email,1,0,1,0,1,0,1,0,0,1,0,price_shock,1
8a802d56-1ede-4048-b062-130d1f3589d9,2,5.0,mobile,paid_search,0,0,0,0,1,0,1,0,0,0,0,,1
8aa26eff-c171-49ad-8a34-a2301b98b4e1,2,12.0,mobile,organic,0,0,0,0,1,0,1,0,0,0,0,,1
8aa40c27-25c2-4585-a676-b4c3ef63e4e0,8,98.0,mobile,paid_search,0,0,0,0,1,0,4,0,0,0,3,poor_recommendations,1
8aa6aa1c-6668-4797-8a58-4387d948df79,6,108.0,mobile,paid_search,1,0,1,0,0,1,1,1,0,1,0,no_friction,0
8aab2c50-6d67-44d3-a9f2-179598588187,6,117.0,mobile,organic,1,0,1,0,0,1,1,1,0,1,0,no_friction,0
8aadec7c-4e8d-4022-b1c6-da8218656e96,2,12.0,mobile,paid_search,0,0,0,0,1,0,1,0,0,0,0,,1
8ac1e7ff-e129-4b38-bc6a-1f7767303135,6,70.0,mobile,social,1,0,1,0,0,1,1,1,0,1,0,no_friction,0
8ac306a6-bfb9-4c22-acd6-fba19da7840a,2,16.0,desktop,organic,0,0,0,0,1,0,1,0,0,0,0,,1
8ace1849-ff64-4c83-8de9-938f3cab4f08,2,8.0,mobile,email,0,0,0,0,1,0,1,0,0,0,0,,1
8ad4f6cd-2992-4f9d-ad08-71b82f79ff07,2,10.0,mobile,organic,0,0,0,0,1,0,1,0,0,0,0,,1
8ae5ab17-12ed-4f64-8e97-4120ed0007c4,2,15.0,mobile,organic,0,0,0,0,1,0,1,0,0,0,0,,1
8ae752d6-e774-4b59-ba56-19c2f7545ef1,8,89.0,mobile,direct,0,0,0,0,1,0,4,0,0,0,3,poor_recommendations,1
8ae90d55-8c40-4ece-8ef0-4ccd2d15f7cd,6,135.0,mobile,direct,1,1,1,0,1,0,1,0,0,1,0,delivery_uncertainty,1
8aeacf4e-e6cd-460a-a760-f1b0629cad36,2,21.0,mobile,social,0,0,0,0,1,0,1,0,0,0,0,,1
8af40866-8c43-4543-aa40-2a99e857ffd2,7,108.0,tablet,organic,1,0,1,0,1,0,1,1,1,1,0,payment_failure,1
8b174c92-2540-4afb-8391-fc5989a22e9d,6,108.0,desktop,organic,1,0,1,0,0,1,1,1,0,1,0,no_friction,0
8b271bac-5f50-4e3e-b6ea-efd84cfd76bd,2,24.0,mobile,organic,0,0,0,0,1,0,1,0,0,0,0,,1
8b2b7ec4-67d2-4a8b-ade4-c31676a34c73,2,19.0,mobile,direct,0,0,0,0,1,0,1,0,0,0,0,,1
8b2c990a-6c3a-48f0-9be6-757c52c17f6e,6,78.0,tablet,organic,1,0,1,0,0,1,1,1,0,1,0,no_friction,0
8b371cd6-f558-460d-9489-a338563367c8,6,100.0,mobile,direct,1,0,1,0,0,1,1,1,0,1,0,no_friction,0
8b396dca-5375-4799-9abb-0fa513518fe1,2,24.0,mobile,social,0,0,0,0,1,0,1,0,0,0,0,,1
8b49d7b8-dd40-4f24-a901-98b499a9c0a6,2,6.0,desktop,organic,0,0,0,0,1,0,1,0,0,0,0,,1
8b692b2f-ba03-4326-b3fc-0b9fcf5a9008,10,264.0,mobile,organic,0,0,0,4,1,0,1,0,0,4,0,unclear_product_info,1
8b6d9ae1-81c6-4d85-9b84-7bc56131631c,2,22.0,desktop,organic,0,0,0,0,1,0,1,0,0,0,0,,1
8b73ecfb-eb72-49ae-9030-309985d1c175,6,90.0,desktop,paid_search,1,0,1,0,0,1,1,1,0,1,0,post_purchase_anxiety,0
8b7fe074-c8a6-45e4-8c7c-776cab271922,2,14.0,mobile,organic,0,0,0,0,1,0,1,0,0,0,0,,1
8b81180c-a4a7-44d1-973a-9c26706e2969,2,19.0,mobile,direct,0,0,0,0,1,0,1,0,0,0,0,,1
8b95769c-b563-4afe-9dc7-3cae9845c46b,2,19.0,tablet,organic,0,0,0,0,1,0,1,0,0,0,0,,1
8b9e3cbc-e607-46d2-a099-cfa6a69d273a,6,82.0,mobile,organic,1,0,1,0,0,1,1,1,0,1,0,no_friction,0
8bac729a-c2d7-46c7-8c9f-d48316d6f167,6,84.0,mobile,social,1,0,1,0,0,1,1,1,0,1,0,no_friction,0
8baea0d3-8791-41f3-a3cb-b09b95d5a5f5,6,118.0,desktop,paid_search,1,0,1,0,0,1,1,1,0,1,0,no_friction,0
8bb03350-fe69-4034-9abf-328cfdc7bd78,6,91.0,mobile,social,1,0,1,0,0,1,1,1,0,1,0,no_friction,0
8bb88400-13ef-4415-8003-517de9d19fbf,6,134.0,mobile,direct,1,1,1,0,1,0,1,0,0,1,0,delivery_uncertainty,1
8bbbaf91-7b1c-40e9-bc79-9be9590d9f72,2,24.0,mobile,social,0,0,0,0,1,0,1,0,0,0,0,,1
8bc71366-1b0b-4aec-92f9-8603625262c7,2,6.0,mobile,organic,0,0,0,0,1,0,1,0,0,0,0,,1
8be27d60-96aa-443c-82f5-ef0260b962cf,2,30.0,mobile,direct,0,0,0,0,1,0,1,0,0,0,0,,1
8c036c4f-c4f5-4166-a130-fac25fb88b9e,2,8.0,mobile,email,0,0,0,0,1,0,1,0,0,0,0,,1
8c038fe4-6e59-48a1-b9d6-c852017ab318,7,145.0,mobile,social,1,0,1,0,1,0,1,1,1,1,0,payment_failure,1
8c1214ca-0b50-404c-9049-c036b7b72fbe,6,108.0,desktop,email,1,0,1,0,0,1,1,1,0,1,0,no_friction,0
8c2520ad-596a-4909-86aa-0b13467f47d3,8,89.0,mobile,organic,0,0,0,0,1,0,4,0,0,0,3,poor_recommendations,1
8c326270-8fe8-402e-9708-4faa3dc61174,2,30.0,mobile,organic,0,0,0,0,1,0,1,0,0,0,0,,1
8c3f7f4f-9e27-4a6d-b3df-998f9f64f1db,6,98.0,mobile,paid_search,1,0,1,0,0,1,1,1,0,1,0,post_purchase_anxiety,0
8c5d67e7-5f13-452f-a3a3-735e296e4bda,8,78.0,desktop,social,0,0,0,0,1,0,4,0,0,0,3,poor_recommendations,1
8c619fca-93b2-4333-8fa7-0ada621a0f69,2,27.0,desktop,organic,0,0,0,0,1,0,1,0,0,0,0,,1
8c758b59-1cc1-47b3-8888-88a9fff6f529,2,20.0,desktop,social,0,0,0,0,1,0,1,0,0,0,0,,1
8c79ccc2-95c9-4ef7-8036-6e1d62fac822,2,28.0,mobile,paid_search,0,0,0,0,1,0,1,0,0,0,0,,1
8cb98c9f-48c7-4e53-8e12-d4e4f2af0e4e,2,22.0,mobile,organic,0,0,0,0,1,0,1,0,0,0,0,,1
8cb9fff3-d529-4611-a310-80808e48bae9,2,19.0,mobile,social,0,0,0,0,1,0,1,0,0,0,0,,1
8cd2076f-2022-4d41-aa72-cbb752781ad3,5,117.0,mobile,direct,1,0,1,0,1,0,1,0,0,1,0,price_shock,1
8cd6deba-d756-4d54-869d-c2b5ad17d975,8,116.0,mobile,direct,0,0,0,0,1,0,4,0,0,0,3,poor_recommendations,1
8cf46272-6eb6-4c10-930d-45e05df75d9f,6,82.0,desktop,organic,1,0,1,0,0,1,1,1,0,1,0,no_friction,0
8cfac629-4b03-46d2-bb08-981a6d04c085,2,24.0,desktop,organic,0,0,0,0,1,0,1,0,0,0,0,,1
8d21b65a-8e75-4acd-8335-b59db7f409ef,2,24.0,mobile,organic,0,0,0,0,1,0,1,0,0,0,0,,1
8d2cc178-bbf5-4c45-82e1-ab78131cd740,2,23.0,desktop,organic,0,0,0,0,1,0,1,0,0,0,0,,1
8d317830-40c9-4cb7-979a-38cb7990c395,2,11.0,mobile,social,0,0,0,0,1,0,1,0,0,0,0,,1
8d35aff9-c544-4997-a4ab-ee586bb9c1ba,6,89.0,mobile,social,1,0,1,0,0,1,1,1,0,1,0,no_friction,0
8d4c17f0-5d29-40c2-ac77-79c734a11995,2,8.0,desktop,paid_search,0,0,0,0,1,0,1,0,0,0,0,,1
8d4eb242-2be3-4499-8894-8a63ac799567,2,29.0,mobile,social,0,0,0,0,1,0,1,0,0,0,0,,1
8d4edae4-7cb8-4a16-95f2-85cecbf39f1c,5,113.0,desktop,social,1,0,1,0,1,0,1,0,0,1,0,price_shock,1
8d5419bb-c84f-48c3-a44a-60bf29b70f2c,6,104.0,mobile,organic,1,0,1,0,0,1,1,1,0,1,0,post_purchase_anxiety,0
8d54bc19-3128-472b-8b94-46e2e1bed6ba,2,29.0,tablet,organic,0,0,0,0,1,0,1,0,0,0,0,,1
8d5907bb-1177-4523-8687-c73f39ccf07d,6,118.0,desktop,organic,1,0,1,0,0,1,1,1,0,1,0,post_purchase_anxiety,0
8d636999-0b04-4ba9-91d4-c93da7daeebb,2,26.0,mobile,organic,0,0,0,0,1,0,1,0,0,0,0,,1
8d6eaa7b-fd53-4926-9946-cdb7c507e89d,2,9.0,mobile,organic,0,0,0,0,1,0,1,0,0,0,0,,1
8d74fe31-7f14-41bf-8cf0-ce39a74fd21b,6,137.0,mobile,organic,1,0,1,0,0,1,1,1,0,1,0,post_purchase_anxiety,0
8d8986ab-6a59-459a-b48c-193c8b95185c,7,128.0,mobile,paid_search,1,0,1,0,1,0,1,1,1,1,0,payment_failure,1
8daa4232-843c-40d0-9439-67bc8cd35225,2,22.0,mobile,direct,0,0,0,0,1,0,1,0,0,0,0,,1
8db07f0f-0de2-4bdc-9a3f-1a2f47f17047,2,26.0,desktop,paid_search,0,0,0,0,1,0,1,0,0,0,0,,1
8dd4aab0-eaae-46bf-b89d-d246b1ff262c,7,137.0,mobile,paid_search,1,0,1,0,1,0,1,1,1,1,0,payment_failure,1
8ddd6c40-a4f4-48ce-9ead-3e564842b01e,10,256.0,mobile,social,0,0,0,4,1,0,1,0,0,4,0,unclear_product_info,1
8de05d86-65af-478c-b4dd-6f6f4eb90cfb,6,100.0,mobile,organic,1,0,1,0,0,1,1,1,0,1,0,no_friction,0
8dec132e-8647-4019-8e9a-a082b6406509,6,124.0,mobile,organic,1,0,1,0,0,1,1,1,0,1,0,no_friction,0
8df851d3-fc8f-42c6-873e-8b384a872e0f,2,9.0,mobile,paid_search,0,0,0,0,1,0,1,0,0,0,0,,1
8e01eae8-29fd-4683-b0c8-ce46ba6f8cda,6,106.0,mobile,social,1,0,1,0,0,1,1,1,0,1,0,no_friction,0
8e088a8c-092d-4368-8532-af4f7e4bdb67,5,92.0,desktop,paid_search,1,0,1,0,1,0,1,0,0,1,0,price_shock,1
8e179a0a-2fad-4ac9-85ae-308a5628ae7a,2,19.0,desktop,social,0,0,0,0,1,0,1,0,0,0,0,,1
8e207dfa-9877-48e7-ae16-3605a0b210cf,2,15.0,desktop,social,0,0,0,0,1,0,1,0,0,0,0,,1
8e22cac8-c1b6-450f-988f-0e79cc0be813,2,30.0,desktop,organic,0,0,0,0,1,0,1,0,0,0,0,,1
8e2adc78-92da-47b5-8213-ef196a08ce5c,2,19.0,mobile,social,0,0,0,0,1,0,1,0,0,0,0,,1
8e2ca91a-4a8e-47d7-99a6-b744b6d3030c,2,14.0,desktop,paid_search,0,0,0,0,1,0,1,0,0,0,0,,1
8e3827c4-7960-417d-ae6e-fec50f0e8010,6,113.0,mobile,organic,1,0,1,0,0,1,1,1,0,1,0,no_friction,0
8e502f53-2545-44d8-8fab-e3d36e9cc8d0,2,9.0,mobile,organic,0,0,0,0,1,0,1,0,0,0,0,,1
8e516062-5503-4b18-9907-a5bf5ec0ffd9,6,128.0,mobile,paid_search,1,0,1,0,0,1,1,1,0,1,0,post_purchase_anxiety,0
8e78b49e-40cd-42de-afcc-c6626c4c164a,2,18.0,mobile,organic,0,0,0,0,1,0,1,0,0,0,0,,1
8e8a5eef-6492-4f98-93da-19d165212f0a,6,118.0,desktop,email,1,0,1,0,0,1,1,1,0,1,0,no_friction,0
8e8d8cb5-514e-4b67-af96-104c123f0098,2,28.0,mobile,organic,0,0,0,0,1,0,1,0,0,0,0,,1
8e967ba8-1b7d-4da9-8d1a-5e9fb8bd571f,2,27.0,tablet,social,0,0,0,0,1,0,1,0,0,0,0,,1
8e9891de-f9c1-4bba-bcf3-310bffd16efe,6,145.0,desktop,organic,1,0,1,0,0,1,1,1,0,1,0,no_friction,0
8e9f8f62-cd54-4f64-8833-a271a0451641,2,23.0,desktop,organic,0,0,0,0,1,0,1,0,0,0,0,,1
8ea4137d-ecf6-46b9-86db-6e363f310632,2,16.0,mobile,paid_search,0,0,0,0,1,0,1,0,0,0,0,,1
8ea732f6-9123-40e4-a51d-1dca227038c6,2,25.0,mobile,organic,0,0,0,0,1,0,1,0,0,0,0,,1
8eacf287-d3da-45d3-a310-6f0266402c97,2,12.0,desktop,organic,0,0,0,0,1,0,1,0,0,0,0,,1
8eade3fd-9ee6-49c6-9ed0-5bc52d024784,6,91.0,tablet,organic,1,1,1,0,1,0,1,0,0,1,0,delivery_uncertainty,1
8ef25a27-6228-4075-b1d6-59571c393357,6,152.0,desktop,email,1,1,1,0,1,0,1,0,0,1,0,delivery_uncertainty,1
8ef3c448-b396-4db8-a2b0-8c2d15fe0988,2,21.0,desktop,organic,0,0,0,0,1,0,1,0,0,0,0,,1
8ef82f1e-fdbc-4641-b47e-42640483f77d,2,23.0,mobile,paid_search,0,0,0,0,1,0,1,0,0,0,0,,1
8efc33dd-1422-432b-8c7f-854f4f4149df,2,23.0,mobile,social,0,0,0,0,1,0,1,0,0,0,0,,1
8f106f09-1855-4028-9df2-d0242838d9e4,6,127.0,desktop,paid_search,1,0,1,0,0,1,1,1,0,1,0,no_friction,0
8f1365f0-021a-47d7-9750-d075772a696c,6,97.0,tablet,email,1,1,1,0,1,0,1,0,0,1,0,delivery_uncertainty,1
8f186732-a7e9-4b41-b084-00a1b8e6fa96,2,19.0,mobile,paid_search,0,0,0,0,1,0,1,0,0,0,0,,1
8f297f03-d373-4e21-ace9-2d68f37e9293,2,28.0,mobile,organic,0,0,0,0,1,0,1,0,0,0,0,,1
8f2ade72-8fe2-4a39-94f5-5ddc868d332a,2,21.0,mobile,organic,0,0,0,0,1,0,1,0,0,0,0,,1
8f46769f-1ab2-4eed-a931-236b2ac61aae,6,129.0,mobile,social,1,0,1,0,0,1,1,1,0,1,0,post_purchase_anxiety,0
8f5841fd-0747-4cda-ab3e-e36971e6abd2,2,27.0,mobile,email,0,0,0,0,1,0,1,0,0,0,0,,1
8f5fc45a-5ddc-43d8-a2df-8d290e39598d,2,17.0,mobile,social,0,0,0,0,1,0,1,0,0,0,0,,1
8f69fa3b-e8cc-4d1b-b2a7-0dc45e629759,10,213.0,mobile,organic,0,0,0,4,1,0,1,0,0,4,0,unclear_product_info,1
8f71b4b2-91ce-4a27-91c2-fc5d0fdd4948,2,22.0,mobile,social,0,0,0,0,1,0,1,0,0,0,0,,1
8f8a24b0-9229-4ee1-8119-aac362e3e169,2,18.0,mobile,social,0,0,0,0,1,0,1,0,0,0,0,,1
8faaca09-5104-4aed-9fe2-a23a3bbdd8cd,2,10.0,mobile,direct,0,0,0,0,1,0,1,0,0,0,0,,1
8fb909ec-fca1-44f4-903b-cfa23265697a,2,9.0,mobile,paid_search,0,0,0,0,1,0,1,0,0,0,0,,1
8fc66156-164e-410f-a478-0835ca283925,6,110.0,mobile,organic,1,0,1,0,0,1,1,1,0,1,0,no_friction,0
8fd9a573-86c1-416f-b2f1-f8440688bd20,6,94.0,desktop,organic,1,0,1,0,0,1,1,1,0,1,0,no_friction,0
8fdc4faa-130b-4771-9692-de86247f0245,6,97.0,mobile,social,1,0,1,0,0,1,1,1,0,1,0,no_friction,0
8fe5fa60-8a56-460b-a028-96f2d8a6eaa6,6,110.0,desktop,direct,1,0,1,0,0,1,1,1,0,1,0,post_purchase_anxiety,0
9007be2e-8be1-4d0c-89cc-4bc20ad014c4,6,111.0,mobile,organic,1,0,1,0,0,1,1,1,0,1,0,no_friction,0
901155b8-9bb8-4326-845d-01c5298ae9ec,5,86.0,mobile,organic,1,0,1,0,1,0,1,0,0,1,0,price_shock,1
9021906e-4bef-4d1d-8912-3b21e887d53e,2,6.0,tablet,email,0,0,0,0,1,0,1,0,0,0,0,,1
9027ff8f-75bf-40f3-b018-5c573dacaa99,6,92.0,mobile,organic,1,0,1,0,0,1,1,1,0,1,0,no_friction,0
902a8eef-1568-467b-8b93-e9cc09ba7825,2,14.0,mobile,paid_search,0,0,0,0,1,0,1,0,0,0,0,,1
902aef22-24b8-47cc-a85a-ff2a92635e29,6,116.0,mobile,organic,1,0,1,0,0,1,1,1,0,1,0,no_friction,0
9036315d-81ae-4446-8d09-24c573224b24,2,24.0,tablet,email,0,0,0,0,1,0,1,0,0,0,0,,1
90508e60-58a1-4838-b04e-56627f1d9819,6,119.0,desktop,organic,1,0,1,0,0,1,1,1,0,1,0,no_friction,0
9055da1a-ada0-4e3c-be33-37b54b1df10c,6,123.0,desktop,organic,1,0,1,0,0,1,1,1,0,1,0,no_friction,0
90612e8a-a64b-48b5-a3a9-c1c1ed618e72,2,19.0,mobile,organic,0,0,0,0,1,0,1,0,0,0,0,,1
9078b9c5-bd9e-4f1b-a528-49a72a29b18d,2,15.0,mobile,organic,0,0,0,0,1,0,1,0,0,0,0,,1
9093d3be-8650-4891-b23a-8f364755aeff,2,5.0,desktop,organic,0,0,0,0,1,0,1,0,0,0,0,,1
90985595-0857-46b7-a2c5-03f2c03b5c7c,2,7.0,mobile,paid_search,0,0,0,0,1,0,1,0,0,0,0,,1
90a19a1e-2732-48f8-b315-a606cbb1fe8a,6,110.0,desktop,paid_search,1,0,1,0,0,1,1,1,0,1,0,no_friction,0
90b50f54-f3c2-4fa3-86bf-735724fe2c13,6,96.0,mobile,paid_search,1,1,1,0,1,0,1,0,0,1,0,delivery_uncertainty,1
90b9b1a2-c1dd-4ad1-9e07-aa6996c331b0,2,23.0,tablet,organic,0,0,0,0,1,0,1,0,0,0,0,,1
90c95bec-81b0-4acb-932f-d7e86ed87599,2,24.0,desktop,organic,0,0,0,0,1,0,1,0,0,0,0,,1
90cb6522-2306-43a6-ac37-c4e8f9d5d991,5,96.0,tablet,direct,1,0,1,0,1,0,1,0,0,1,0,price_shock,1
90e6e59e-62a4-4042-9d97-e751f4aa428e,8,91.0,desktop,social,0,0,0,0,1,0,4,0,0,0,3,poor_recommendations,1
90e6f37c-89f9-4ffd-96ff-6437d26ca7a4,7,129.0,desktop,direct,1,0,1,0,1,0,1,1,1,1,0,payment_failure,1
90fc342c-cf8c-4ef2-ab6f-991d188edc2d,7,126.0,mobile,organic,1,0,1,0,1,0,1,1,1,1,0,payment_failure,1
9101de0f-103a-4839-8a70-e4d76a206321,2,21.0,tablet,social,0,0,0,0,1,0,1,0,0,0,0,,1
910bbce6-3545-42a1-b78a-a61fce208991,2,5.0,mobile,organic,0,0,0,0,1,0,1,0,0,0,0,,1
911e0c94-235a-4a31-aeec-ca902dff6fd4,10,297.0,desktop,organic,0,0,0,4,1,0,1,0,0,4,0,unclear_product_info,1
91221885-409a-490d-9989-3cf8f0523f9d,2,28.0,mobile,direct,0,0,0,0,1,0,1,0,0,0,0,,1
913c4b18-d23a-4105-b40a-68b15447a28f,7,120.0,mobile,organic,1,0,1,0,1,0,1,1,1,1,0,payment_failure,1
91489d4b-27da-491e-ad3a-b1706ccb5864,2,18.0,desktop,paid_search,0,0,0,0,1,0,1,0,0,0,0,,1
914ba404-dfa3-4943-bb8f-f620ea991892,2,25.0,mobile,paid_search,0,0,0,0,1,0,1,0,0,0,0,,1
914dca7f-5775-4bc9-b3ac-4986132d8e42,6,107.0,mobile,organic,1,0,1,0,0,1,1,1,0,1,0,no_friction,0
9152eeba-aeea-4b0c-935f-47b85343851a,2,15.0,tablet,paid_search,0,0,0,0,1,0,1,0,0,0,0,,1
916151de-a278-4b7f-b05c-2bb73432ce8d,2,24.0,mobile,email,0,0,0,0,1,0,1,0,0,0,0,,1
917cec5c-0db1-4f76-b61d-2e1a4364b0ef,10,245.0,desktop,paid_search,0,0,0,4,1,0,1,0,0,4,0,unclear_product_info,1
919440fe-676d-48ad-a106-5b50eecfebda,2,25.0,desktop,social,0,0,0,0,1,0,1,0,0,0,0,,1
9199b1f9-f919-4962-aa94-b87926613a25,2,11.0,desktop,paid_search,0,0,0,0,1,0,1,0,0,0,0,,1
91d8c599-4e1b-442b-af17-0619585d0f71,8,91.0,tablet,organic,0,0,0,0,1,0,4,0,0,0,3,poor_recommendations,1
91dafe25-a5d0-4884-bd2a-136d91a0146a,2,11.0,mobile,organic,0,0,0,0,1,0,1,0,0,0,0,,1
91e2c28f-c22f-4543-8464-b366f0da2354,2,12.0,desktop,paid_search,0,0,0,0,1,0,1,0,0,0,0,,1
91f3f795-76b9-4e5f-9b55-025360904654,2,13.0,mobile,social,0,0,0,0,1,0,1,0,0,0,0,,1
91f5b684-33f8-4271-bbf2-80d2c4322880,2,19.0,desktop,organic,0,0,0,0,1,0,1,0,0,0,0,,1
91fed58b-25c3-4ac7-b87e-a7d1225d5a18,10,165.0,desktop,paid_search,0,0,0,4,1,0,1,0,0,4,0,unclear_product_info,1
91ff1711-0adc-400d-b96c-bc424188810a,2,30.0,mobile,organic,0,0,0,0,1,0,1,0,0,0,0,,1
92048c65-325b-4d16-bf83-e3ae9b047a6f,2,13.0,mobile,social,0,0,0,0,1,0,1,0,0,0,0,,1
9204d6b8-c182-4210-8ad0-2705f980fcf3,8,115.0,tablet,social,0,0,0,0,1,0,4,0,0,0,3,poor_recommendations,1
92061d91-71bc-4ac4-b7fc-2d747dcf62a8,2,18.0,mobile,email,0,0,0,0,1,0,1,0,0,0,0,,1
920a0ed6-0684-4aa1-aebc-7593b7a19454,2,18.0,mobile,organic,0,0,0,0,1,0,1,0,0,0,0,,1
92192d57-55a2-4f9d-a4fb-fda96c3e2334,2,15.0,mobile,social,0,0,0,0,1,0,1,0,0,0,0,,1
92215178-fb50-4ac9-b85e-b436be1e81a4,5,104.0,mobile,organic,1,0,1,0,1,0,1,0,0,1,0,price_shock,1
922427b6-b533-4015-a31b-5f914f2310dc,2,19.0,mobile,organic,0,0,0,0,1,0,1,0,0,0,0,,1
922a0cd4-bd8a-4283-8da9-362ae802fe43,2,10.0,desktop,social,0,0,0,0,1,0,1,0,0,0,0,,1
924bd38c-0a4a-442c-8928-a6c3064f0486,2,7.0,mobile,organic,0,0,0,0,1,0,1,0,0,0,0,,1
924e1e98-abc0-4e01-b142-b4f585f3e09b,5,115.0,mobile,social,1,0,1,0,1,0,1,0,0,1,0,price_shock,1
924e3361-a468-4e86-947f-a42e929d6e15,2,12.0,mobile,paid_search,0,0,0,0,1,0,1,0,0,0,0,,1
9262eaa6-be0b-4d89-bbf3-21b295781693,6,114.0,mobile,social,1,0,1,0,0,1,1,1,0,1,0,no_friction,0
926c279a-a6e6-445d-907a-a681c593ed29,2,28.0,mobile,paid_search,0,0,0,0,1,0,1,0,0,0,0,,1
926c6130-ce27-4a2f-ac3e-f087790c62a9,6,124.0,mobile,social,1,0,1,0,0,1,1,1,0,1,0,no_friction,0
92768405-efdc-43c8-87dd-03ea1a772f10,6,132.0,tablet,organic,1,0,1,0,0,1,1,1,0,1,0,no_friction,0
9292d2a0-c8ee-4e35-912e-7664721e4f6d,6,102.0,desktop,organic,1,0,1,0,0,1,1,1,0,1,0,no_friction,0
929ba2ab-bdd2-489b-957b-7fc2ec76e953,2,18.0,mobile,organic,0,0,0,0,1,0,1,0,0,0,0,,1
92bcc1e2-9a0b-4c86-886c-3cba7fc8de22,6,108.0,desktop,paid_search,1,0,1,0,0,1,1,1,0,1,0,no_friction,0
92cd9a58-1548-4b7a-b5e7-7e4dfa31f2b0,2,9.0,desktop,social,0,0,0,0,1,0,1,0,0,0,0,,1
92d62368-3f3a-4a94-9f30-816850340cd0,2,7.0,mobile,social,0,0,0,0,1,0,1,0,0,0,0,,1
92eaa522-fc70-43ac-82c3-51888709c0a0,2,6.0,desktop,email,0,0,0,0,1,0,1,0,0,0,0,,1
931a9e1d-bd70-45f7-9b4a-530395943955,6,107.0,tablet,paid_search,1,1,1,0,1,0,1,0,0,1,0,delivery_uncertainty,1
9333c4e2-5407-4a27-90e8-dbc22932e9c4,2,30.0,mobile,organic,0,0,0,0,1,0,1,0,0,0,0,,1
933af333-f066-41cc-8d59-c0562f74a52e,10,174.0,desktop,direct,0,0,0,4,1,0,1,0,0,4,0,unclear_product_info,1
936b72ae-204a-4c1d-bf21-00d50dd33144,6,98.0,mobile,organic,1,0,1,0,0,1,1,1,0,1,0,no_friction,0
93715860-2c76-4ab7-9c79-73094e89bb2c,2,22.0,desktop,direct,0,0,0,0,1,0,1,0,0,0,0,,1
93740ddc-2427-4ae2-9daa-e1928b643bfb,5,78.0,mobile,email,1,0,1,0,1,0,1,0,0,1,0,price_shock,1
937eadd7-f6f0-4e5f-87fd-246966b41dec,2,25.0,mobile,organic,0,0,0,0,1,0,1,0,0,0,0,,1
938701f0-d72a-4fa1-939e-7a6914ea1603,2,13.0,desktop,organic,0,0,0,0,1,0,1,0,0,0,0,,1
93895a01-3509-4121-8125-1f5a9d9ab669,7,93.0,desktop,organic,1,0,1,0,1,0,1,1,1,1,0,payment_failure,1
93973766-d9ae-4e36-9bc9-053d0331e860,10,201.0,mobile,paid_search,0,0,0,4,1,0,1,0,0,4,0,unclear_product_info,1
93a6b9ef-3da3-420d-9731-4ba7b821d9a2,2,9.0,mobile,direct,0,0,0,0,1,0,1,0,0,0,0,,1
93ec829d-0ecb-47d1-a482-186dbae7e972,2,6.0,desktop,email,0,0,0,0,1,0,1,0,0,0,0,,1
93f22b80-ea27-42c6-9d7e-8101b87c5a16,2,16.0,desktop,direct,0,0,0,0,1,0,1,0,0,0,0,,1
93fca957-a923-4528-9751-cc3e160927d4,2,7.0,mobile,paid_search,0,0,0,0,1,0,1,0,0,0,0,,1
9415ce78-52cb-46b8-8c03-bafe04125b37,6,71.0,mobile,organic,1,0,1,0,0,1,1,1,0,1,0,post_purchase_anxiety,0
941de5bb-a529-46ee-ac27-7262afcc70c2,6,123.0,mobile,paid_search,1,0,1,0,0,1,1,1,0,1,0,no_friction,0
942a6039-3baf-411c-8b12-0ce79f2a1286,2,16.0,desktop,paid_search,0,0,0,0,1,0,1,0,0,0,0,,1
9430f224-bf05-43c9-9035-d03ad8f7cbbf,2,26.0,desktop,email,0,0,0,0,1,0,1,0,0,0,0,,1
943317cd-2074-40f0-a3da-349d39df03c9,2,28.0,mobile,organic,0,0,0,0,1,0,1,0,0,0,0,,1
943ffd71-08d7-4df9-b116-5b0ea7c3f972,2,6.0,tablet,direct,0,0,0,0,1,0,1,0,0,0,0,,1
94512ae2-1129-47ff-b0cc-ac429567f64c,7,115.0,desktop,organic,1,0,1,0,1,0,1,1,1,1,0,payment_failure,1
9456a283-f781-43f6-b39b-63876d7ee7d0,6,122.0,mobile,social,1,0,1,0,0,1,1,1,0,1,0,no_friction,0
947563f7-e8a7-4da4-a6a4-d5c3e481c46f,2,19.0,mobile,social,0,0,0,0,1,0,1,0,0,0,0,,1
947917b5-d4ab-425c-b686-9f2e3acdee23,6,75.0,mobile,organic,1,0,1,0,0,1,1,1,0,1,0,no_friction,0
94a2a6af-bb15-4a4f-8e66-0203fa84280e,2,17.0,mobile,organic,0,0,0,0,1,0,1,0,0,0,0,,1
94c5f0cb-422f-4bd9-ab8b-4ccd6d1520ca,2,17.0,mobile,paid_search,0,0,0,0,1,0,1,0,0,0,0,,1
94d1489d-7b40-4d6b-a4d8-507819b2fb29,8,100.0,mobile,organic,0,0,0,0,1,0,4,0,0,0,3,poor_recommendations,1
94d58ad5-eb09-4ad7-842b-d79c377c2aa0,2,29.0,mobile,paid_search,0,0,0,0,1,0,1,0,0,0,0,,1
94e3eecb-cbfe-4842-906b-978f16026596,2,26.0,mobile,direct,0,0,0,0,1,0,1,0,0,0,0,,1
94e7f953-82ae-48d5-a727-0df4cb13c693,2,17.0,mobile,paid_search,0,0,0,0,1,0,1,0,0,0,0,,1
94ed046a-8686-4c45-b45b-34be483e4193,7,108.0,mobile,social,1,0,1,0,1,0,1,1,1,1,0,payment_failure,1
950da2cd-95dc-4421-b161-10184df0581a,2,17.0,desktop,direct,0,0,0,0,1,0,1,0,0,0,0,,1
954cfdbb-08fa-4c51-babf-b4cd660d6a53,2,14.0,mobile,organic,0,0,0,0,1,0,1,0,0,0,0,,1
95596e87-9a30-4cbf-b6d9-18c6e9000173,2,14.0,desktop,organic,0,0,0,0,1,0,1,0,0,0,0,,1
955aaf0d-e12f-4017-bdf7-c285b57f77e9,2,16.0,mobile,organic,0,0,0,0,1,0,1,0,0,0,0,,1
9567a639-04d2-4ce1-b6d4-fcacfb411b60,6,107.0,mobile,social,1,0,1,0,0,1,1,1,0,1,0,no_friction,0
956a1d6c-34be-4bfa-8155-ebec48e21b34,2,12.0,desktop,organic,0,0,0,0,1,0,1,0,0,0,0,,1
95793f29-f639-4479-bc1a-4fdd144301eb,2,26.0,mobile,direct,0,0,0,0,1,0,1,0,0,0,0,,1
957f50b8-e438-4663-848d-80eba7f56406,7,171.0,mobile,paid_search,1,0,1,0,1,0,1,1,1,1,0,payment_failure,1
958f3378-d300-4d50-8df6-ff82d21f36e1,2,10.0,desktop,paid_search,0,0,0,0,1,0,1,0,0,0,0,,1
959ea2cc-062e-4101-a3a6-f6251442a07a,6,123.0,desktop,organic,1,0,1,0,0,1,1,1,0,1,0,no_friction,0
95a5768b-57e9-4f28-b906-1612a30994b0,2,18.0,desktop,direct,0,0,0,0,1,0,1,0,0,0,0,,1
95a63fae-f772-4a9d-adbc-a80c384865f8,6,115.0,mobile,paid_search,1,0,1,0,0,1,1,1,0,1,0,no_friction,0
95b98245-18de-4673-800f-8821a62e5a6a,2,5.0,tablet,social,0,0,0,0,1,0,1,0,0,0,0,,1
95ba8346-19b1-4533-89e0-36a23daf71ca,8,98.0,mobile,direct,0,0,0,0,1,0,4,0,0,0,3,poor_recommendations,1
95de9f38-48a7-4b77-9184-a4dc144a7d42,6,126.0,tablet,organic,1,1,1,0,1,0,1,0,0,1,0,delivery_uncertainty,1
95e0db80-253a-4f9c-9712-50c80b3296a6,2,26.0,tablet,email,0,0,0,0,1,0,1,0,0,0,0,,1
95eb58fd-9919-425b-8d26-d254ea843bc5,2,14.0,tablet,organic,0,0,0,0,1,0,1,0,0,0,0,,1
95ec252c-1409-49e2-8233-6a89b132ccc1,2,28.0,desktop,organic,0,0,0,0,1,0,1,0,0,0,0,,1
9630244d-8bf6-4f27-b4e5-1ee31fb18548,7,153.0,desktop,direct,1,0,1,0,1,0,1,1,1,1,0,payment_failure,1
96384541-aa8c-4f20-96e2-7f6767e45c01,6,109.0,mobile,social,1,0,1,0,0,1,1,1,0,1,0,no_friction,0
963ef7ab-84fc-4157-ba69-1d6d6cee4ae0,6,120.0,desktop,organic,1,0,1,0,0,1,1,1,0,1,0,no_friction,0
96451052-8b30-4724-8b6a-587d4d14967c,2,14.0,mobile,direct,0,0,0,0,1,0,1,0,0,0,0,,1
964d2667-c578-45c5-b0c1-d5f0f30f4bcf,6,118.0,mobile,paid_search,1,0,1,0,0,1,1,1,0,1,0,no_friction,0
967437ba-0e2c-48ff-894c-873991dd88a8,2,21.0,mobile,social,0,0,0,0,1,0,1,0,0,0,0,,1
9680de47-52c9-47ee-9cff-c780938a93ee,2,23.0,mobile,paid_search,0,0,0,0,1,0,1,0,0,0,0,,1
9687a12b-f390-4e5f-b8a6-6345c483bcbc,6,120.0,desktop,organic,1,0,1,0,0,1,1,1,0,1,0,no_friction,0
96b9e04a-7687-4612-b882-48628fc86e7d,2,5.0,mobile,organic,0,0,0,0,1,0,1,0,0,0,0,,1
96dcbb32-3efd-4ebd-929e-60a361856b76,2,30.0,desktop,organic,0,0,0,0,1,0,1,0,0,0,0,,1
96e3addb-fb3d-4fec-a71b-54e2543b831b,6,115.0,tablet,email,1,0,1,0,0,1,1,1,0,1,0,no_friction,0
970290d6-7e05-4c8b-986c-6e1ec8949a09,6,103.0,mobile,paid_search,1,0,1,0,0,1,1,1,0,1,0,no_friction,0
97053503-2f09-4c9d-ae28-20221397b758,2,8.0,mobile,organic,0,0,0,0,1,0,1,0,0,0,0,,1
97309127-ef36-4f2c-beca-ec1f07f57c56,2,25.0,mobile,organic,0,0,0,0,1,0,1,0,0,0,0,,1
973a96ad-eeed-4329-80d6-3a9f88a9eb66,2,5.0,mobile,social,0,0,0,0,1,0,1,0,0,0,0,,1
974cc6e8-5ad8-44da-a3a7-367fa7be48a9,2,28.0,desktop,organic,0,0,0,0,1,0,1,0,0,0,0,,1
974f6575-72e7-4209-966d-7e7b4a2d4ee8,8,81.0,desktop,paid_search,0,0,0,0,1,0,4,0,0,0,3,poor_recommendations,1
9750da78-82d5-4966-a96b-86f1785c5679,8,110.0,tablet,email,0,0,0,0,1,0,4,0,0,0,3,poor_recommendations,1
9751c3dd-90a4-497c-bd43-209f1486e983,2,28.0,mobile,organic,0,0,0,0,1,0,1,0,0,0,0,,1
9758b66a-db9a-4b2d-925d-9051e0467140,2,25.0,mobile,paid_search,0,0,0,0,1,0,1,0,0,0,0,,1
9777a007-8122-463b-860b-e7d4cd80c1d5,6,97.0,mobile,paid_search,1,0,1,0,0,1,1,1,0,1,0,no_friction,0
977f0455-3b31-4bb2-ba40-b5bc43898b2d,8,115.0,mobile,direct,0,0,0,0,1,0,4,0,0,0,3,poor_recommendations,1
9794ac68-9295-4ae0-8aa6-83eab15aacb6,6,103.0,mobile,organic,1,0,1,0,0,1,1,1,0,1,0,no_friction,0
97a9ea77-8594-4571-a848-c11b7e784e6a,2,5.0,mobile,organic,0,0,0,0,1,0,1,0,0,0,0,,1
97ade0d4-7c08-4274-852c-c395a4997675,6,104.0,desktop,organic,1,1,1,0,1,0,1,0,0,1,0,delivery_uncertainty,1
97b03656-04a3-4d4a-8265-4ed00b342a5b,6,135.0,mobile,paid_search,1,0,1,0,0,1,1,1,0,1,0,no_friction,0
97b10770-b7a6-4024-93eb-acab7d603dd5,6,80.0,mobile,organic,1,0,1,0,0,1,1,1,0,1,0,no_friction,0
97b1be51-ed9c-47f0-9c32-bace6e2c4be1,2,27.0,mobile,organic,0,0,0,0,1,0,1,0,0,0,0,,1
97c12f94-57b0-46d0-9b57-01e5900cceeb,2,29.0,mobile,direct,0,0,0,0,1,0,1,0,0,0,0,,1
97ce495a-27ee-4b0a-abe4-02caa5e71a9d,7,127.0,mobile,organic,1,0,1,0,1,0,1,1,1,1,0,payment_failure,1
97e9c2bb-4b35-48f5-9c79-ac1b60b5ede0,2,7.0,desktop,paid_search,0,0,0,0,1,0,1,0,0,0,0,,1
97f08d13-2045-4173-9cbf-4a2c3ae4e192,6,123.0,desktop,organic,1,0,1,0,0,1,1,1,0,1,0,no_friction,0
97f40908-676d-4849-b6c9-29afd5e0a87e,5,79.0,mobile,direct,1,0,1,0,1,0,1,0,0,1,0,price_shock,1
97f823c3-f6e2-49b4-8673-0fcce2415707,2,9.0,desktop,paid_search,0,0,0,0,1,0,1,0,0,0,0,,1
97fbbed6-84dd-40e4-b9c9-c029a884e661,10,214.0,desktop,organic,0,0,0,4,1,0,1,0,0,4,0,unclear_product_info,1
980cbb08-2b16-43cf-8ebc-20914282e40c,2,8.0,mobile,direct,0,0,0,0,1,0,1,0,0,0,0,,1
98161c35-fb04-4018-b3fa-1a5697c7fd7a,2,12.0,desktop,organic,0,0,0,0,1,0,1,0,0,0,0,,1
9845e836-de3a-4165-812e-ed3462f96fb0,2,26.0,mobile,email,0,0,0,0,1,0,1,0,0,0,0,,1
9849f862-a641-4bf4-9880-35b87588cc62,2,12.0,mobile,organic,0,0,0,0,1,0,1,0,0,0,0,,1
985aee97-c0e5-4039-8196-a59d8eb59d3c,6,134.0,desktop,social,1,0,1,0,0,1,1,1,0,1,0,no_friction,0
985fa26d-a82e-491c-bc3c-f486c53ac37f,2,12.0,mobile,organic,0,0,0,0,1,0,1,0,0,0,0,,1
986dd6b5-4962-4462-a92c-1ec7552191ae,10,183.0,desktop,organic,0,0,0,4,1,0,1,0,0,4,0,unclear_product_info,1
987e1e58-dccc-4405-89bd-862e159d263f,2,27.0,desktop,social,0,0,0,0,1,0,1,0,0,0,0,,1
98939b2b-0795-4b27-bbed-0f283b8e80de,2,19.0,mobile,paid_search,0,0,0,0,1,0,1,0,0,0,0,,1
98b529fe-a601-4d82-85bd-4d6ce2270bd1,2,23.0,mobile,social,0,0,0,0,1,0,1,0,0,0,0,,1
98bfa094-24e4-433f-936a-423bbfd2e4b6,2,30.0,mobile,paid_search,0,0,0,0,1,0,1,0,0,0,0,,1
98c4a5fe-4c29-46fa-b8de-db80a5c6a320,8,86.0,mobile,organic,0,0,0,0,1,0,4,0,0,0,3,poor_recommendations,1
98c8d805-3205-4873-9b70-fe6e10d2c62f,6,138.0,mobile,organic,1,0,1,0,0,1,1,1,0,1,0,no_friction,0
98d14f8f-40bb-4f68-9986-8013d773f4d4,2,9.0,mobile,social,0,0,0,0,1,0,1,0,0,0,0,,1
98dcabb6-8a62-468d-8f6d-0274794575b3,2,27.0,mobile,organic,0,0,0,0,1,0,1,0,0,0,0,,1
98e06139-8dd9-4025-a5c9-de4ef69ddedf,7,153.0,mobile,organic,1,0,1,0,1,0,1,1,1,1,0,payment_failure,1
98e18d75-12df-435a-836b-6247b84cf95f,2,21.0,desktop,organic,0,0,0,0,1,0,1,0,0,0,0,,1
98e710bd-b0f3-4773-95b4-c0acd27d5924,6,137.0,mobile,organic,1,1,1,0,1,0,1,0,0,1,0,delivery_uncertainty,1
9903d2b4-0b9c-4032-9241-88bf78f4c003,6,125.0,desktop,organic,1,0,1,0,0,1,1,1,0,1,0,no_friction,0
99051f4a-9bf2-4681-bad9-bd8a867f994f,6,99.0,mobile,paid_search,1,0,1,0,0,1,1,1,0,1,0,no_friction,0
99097149-5e5e-493a-9a5b-de8429817e36,2,25.0,tablet,social,0,0,0,0,1,0,1,0,0,0,0,,1
991aff8f-20d4-4e4e-95f1-e2838ea53d4e,2,22.0,desktop,social,0,0,0,0,1,0,1,0,0,0,0,,1
99234ed8-200d-4423-8578-4cacd20210a3,2,27.0,desktop,paid_search,0,0,0,0,1,0,1,0,0,0,0,,1
9923547c-88c0-4736-bd61-3297a524af4e,8,105.0,mobile,paid_search,0,0,0,0,1,0,4,0,0,0,3,poor_recommendations,1
992429e4-eb2a-49b7-a565-153ff797fe1d,6,100.0,mobile,paid_search,1,1,1,0,1,0,1,0,0,1,0,delivery_uncertainty,1
992de754-805d-4503-97aa-2cf00abd08ed,6,106.0,mobile,social,1,0,1,0,0,1,1,1,0,1,0,no_friction,0
9951e0e6-8d5d-430d-ad58-980e29521242,6,113.0,desktop,email,1,0,1,0,0,1,1,1,0,1,0,no_friction,0
99594b29-d581-4fbd-9876-675faab99cb8,6,101.0,mobile,email,1,0,1,0,0,1,1,1,0,1,0,no_friction,0
995d93f9-762d-4424-bc9a-2b98f36f44b3,2,8.0,mobile,organic,0,0,0,0,1,0,1,0,0,0,0,,1
996e5dda-e3a6-4a27-a4cf-d0775ccadf20,8,101.0,mobile,social,0,0,0,0,1,0,4,0,0,0,3,poor_recommendations,1
996e9be0-14c9-4343-974f-46bf4a5e26ea,7,133.0,mobile,organic,1,0,1,0,1,0,1,1,1,1,0,payment_failure,1
9981068f-ec38-4644-a3e7-8847dcce667a,6,125.0,mobile,paid_search,1,1,1,0,1,0,1,0,0,1,0,delivery_uncertainty,1
99c5bc14-f95b-447e-8754-871d8cb507ac,2,15.0,mobile,organic,0,0,0,0,1,0,1,0,0,0,0,,1
99cce879-537f-416a-84d0-5985613510f5,8,85.0,mobile,social,0,0,0,0,1,0,4,0,0,0,3,poor_recommendations,1
99ce83bf-1ed4-48ca-b81d-9f057e0d80e5,6,132.0,mobile,organic,1,1,1,0,1,0,1,0,0,1,0,delivery_uncertainty,1
99e9ce78-508d-4469-b0ce-b095db1c988a,6,111.0,desktop,email,1,0,1,0,0,1,1,1,0,1,0,no_friction,0
99ebc525-31e0-41a4-a50e-d5b3e6128677,2,24.0,mobile,organic,0,0,0,0,1,0,1,0,0,0,0,,1
99ed3657-e132-4e1d-a598-d12d557f8416,2,11.0,tablet,paid_search,0,0,0,0,1,0,1,0,0,0,0,,1
99ee2c1c-334d-4d9f-a0e0-382928526724,8,104.0,mobile,organic,0,0,0,0,1,0,4,0,0,0,3,poor_recommendations,1
99fb9cfb-ff19-40f5-a9f2-c79628dfa76a,10,177.0,desktop,paid_search,0,0,0,4,1,0,1,0,0,4,0,unclear_product_info,1
99fc861c-2df5-45be-8ce1-6ec54dd2f390,2,13.0,mobile,organic,0,0,0,0,1,0,1,0,0,0,0,,1
99fe11fe-c606-4f5e-8638-b7d15141a541,6,120.0,desktop,paid_search,1,0,1,0,0,1,1,1,0,1,0,no_friction,0
9a07a287-ca51-4584-ae02-7ed1a3be6a60,5,71.0,mobile,organic,1,0,1,0,1,0,1,0,0,1,0,price_shock,1
9a187e38-ceb6-4fce-a783-66d6eceb523b,6,87.0,desktop,organic,1,0,1,0,0,1,1,1,0,1,0,no_friction,0
9a1f97ed-79be-4c98-ac22-e60e0b5b5dea,2,16.0,mobile,paid_search,0,0,0,0,1,0,1,0,0,0,0,,1
9a20ec22-31b9-4d4f-890c-d2072397cc3f,2,18.0,mobile,direct,0,0,0,0,1,0,1,0,0,0,0,,1
9a2302a5-6e9d-4e47-913d-443e00116bf2,5,85.0,mobile,social,1,0,1,0,1,0,1,0,0,1,0,price_shock,1
9a284ed5-db9a-4069-a0e4-9ff68a99fcd1,10,171.0,mobile,paid_search,0,0,0,4,1,0,1,0,0,4,0,unclear_product_info,1
9a5926ae-04fc-4c42-abc5-6abe444e21c2,8,103.0,mobile,organic,0,0,0,0,1,0,4,0,0,0,3,poor_recommendations,1
9a813fee-01cd-433f-b399-e321473b00da,2,23.0,desktop,email,0,0,0,0,1,0,1,0,0,0,0,,1
9a817b68-3a3a-4232-9ab0-59f43309db27,7,136.0,mobile,direct,1,0,1,0,1,0,1,1,1,1,0,payment_failure,1
9a9c0c4a-3f47-4c38-a894-08080dd90dcf,2,16.0,desktop,organic,0,0,0,0,1,0,1,0,0,0,0,,1
9aaacb03-507f-4414-b342-01f1da04a9fe,2,20.0,tablet,organic,0,0,0,0,1,0,1,0,0,0,0,,1
9aba132e-93d6-4092-8178-de323927f240,6,86.0,mobile,organic,1,0,1,0,0,1,1,1,0,1,0,no_friction,0
9abb3549-6985-4f7c-bca3-d29eeed634b5,6,135.0,mobile,paid_search,1,0,1,0,0,1,1,1,0,1,0,no_friction,0
9ad304e6-3ea1-41a3-9cad-f36eb5541971,2,21.0,tablet,organic,0,0,0,0,1,0,1,0,0,0,0,,1
9ad43070-7135-4326-9695-9abe7e65d87f,2,22.0,tablet,organic,0,0,0,0,1,0,1,0,0,0,0,,1
9ade920a-14c7-4d8d-bc62-7edbbd4b763c,2,13.0,desktop,paid_search,0,0,0,0,1,0,1,0,0,0,0,,1
9b0b964d-fa55-4112-bdc0-87b014afaf78,2,27.0,mobile,paid_search,0,0,0,0,1,0,1,0,0,0,0,,1
9b409ae9-9abb-4bdd-95a5-e6707763c08c,2,9.0,desktop,social,0,0,0,0,1,0,1,0,0,0,0,,1
9b423fd0-6323-47e0-b8f7-02b220de9930,2,28.0,mobile,direct,0,0,0,0,1,0,1,0,0,0,0,,1
9b4ae805-0b55-4c36-97bb-19e588d9ac51,7,152.0,desktop,direct,1,0,1,0,1,0,1,1,1,1,0,payment_failure,1
9b4fce3a-a39a-4320-81fc-074e67312c14,6,111.0,tablet,social,1,0,1,0,0,1,1,1,0,1,0,no_friction,0
9b53eb48-3eff-4b27-a863-1dc0f2fe4de2,6,138.0,mobile,email,1,0,1,0,0,1,1,1,0,1,0,no_friction,0
9b558267-92b5-47eb-8c10-e6e6fd710190,6,121.0,tablet,paid_search,1,0,1,0,0,1,1,1,0,1,0,no_friction,0
9b5c841c-5dac-4673-9b81-14987a3eff21,2,23.0,tablet,organic,0,0,0,0,1,0,1,0,0,0,0,,1
9b5dc442-febc-4d13-9bb6-3b2ca88ca96a,8,107.0,tablet,paid_search,0,0,0,0,1,0,4,0,0,0,3,poor_recommendations,1
9b5fe46b-9d6e-4d10-ada5-f23147746964,2,11.0,mobile,email,0,0,0,0,1,0,1,0,0,0,0,,1
9b7dc893-5e32-4ba2-a6ae-071e31f5f368,6,112.0,desktop,email,1,0,1,0,0,1,1,1,0,1,0,no_friction,0
9bd37aaa-5f03-4cb9-8408-f9b221d27256,2,19.0,mobile,organic,0,0,0,0,1,0,1,0,0,0,0,,1
9bd3a279-8262-4241-a5df-e619f41bf96a,2,26.0,mobile,social,0,0,0,0,1,0,1,0,0,0,0,,1
9bd9fcdd-e301-4579-804d-73daeb6d8fed,5,81.0,mobile,organic,1,0,1,0,1,0,1,0,0,1,0,price_shock,1
9be716c3-25df-48d0-90a9-e9d2baff954d,2,14.0,mobile,social,0,0,0,0,1,0,1,0,0,0,0,,1
9bef7109-72cc-4b17-a982-ff3e23f2198a,2,19.0,mobile,paid_search,0,0,0,0,1,0,1,0,0,0,0,,1
9c01529c-cbe9-4da9-8124-ff9fe46eed5b,2,8.0,tablet,paid_search,0,0,0,0,1,0,1,0,0,0,0,,1
9c074f30-dc49-4dd2-89c1-a690459f4417,6,88.0,mobile,organic,1,0,1,0,0,1,1,1,0,1,0,no_friction,0
9c078929-b346-4e2f-97bb-d42911d94463,2,13.0,mobile,paid_search,0,0,0,0,1,0,1,0,0,0,0,,1
9c0b0b70-9461-471a-b8ae-bb7a95d360a1,6,115.0,desktop,organic,1,0,1,0,0,1,1,1,0,1,0,no_friction,0
9c248294-4867-47ff-9da5-ae30cd8aa225,6,99.0,mobile,organic,1,0,1,0,0,1,1,1,0,1,0,no_friction,0
9c32cefa-a677-4fd1-bfdb-fc53cdb95b00,2,28.0,tablet,paid_search,0,0,0,0,1,0,1,0,0,0,0,,1
9c3b1c54-c5b2-4d2d-aeee-38c02f20e8a1,6,85.0,desktop,direct,1,0,1,0,0,1,1,1,0,1,0,no_friction,0
9c4bed59-c00f-4646-932c-2f6c2b36d29e,6,88.0,tablet,organic,1,1,1,0,1,0,1,0,0,1,0,delivery_uncertainty,1
9c69f33a-32af-46d9-aede-c73426e192d7,2,6.0,mobile,social,0,0,0,0,1,0,1,0,0,0,0,,1
9c6b93b7-87b3-41c6-9609-fa7673097933,2,14.0,desktop,direct,0,0,0,0,1,0,1,0,0,0,0,,1
9c7c35f8-a981-4f79-9662-962ea2419f88,10,195.0,tablet,social,0,0,0,4,1,0,1,0,0,4,0,unclear_product_info,1
9c82233c-1db7-4c21-985e-de8216c0ef25,2,16.0,desktop,organic,0,0,0,0,1,0,1,0,0,0,0,,1
9c916898-7ce6-4b99-82af-6b5e93595e90,2,18.0,mobile,email,0,0,0,0,1,0,1,0,0,0,0,,1
9c9d1fc2-437d-40ba-b83f-f3af51b4a5cd,5,72.0,mobile,organic,1,0,1,0,1,0,1,0,0,1,0,price_shock,1
9c9d4277-49b9-4c2d-b836-cd70d1272ba0,7,130.0,mobile,organic,1,0,1,0,1,0,1,1,1,1,0,payment_failure,1
9c9fd788-0a49-469b-9e5b-cc6767837d53,6,138.0,mobile,social,1,0,1,0,0,1,1,1,0,1,0,no_friction,0
9cb5c1d1-9e6c-4464-9161-4998456bebaa,8,99.0,desktop,organic,0,0,0,0,1,0,4,0,0,0,3,poor_recommendations,1
9cbefc8f-0e5b-468b-a6d7-d2c222c46cbc,2,20.0,mobile,organic,0,0,0,0,1,0,1,0,0,0,0,,1
9cc8780c-2f5e-4ce1-880c-65c23127f7dc,2,12.0,mobile,email,0,0,0,0,1,0,1,0,0,0,0,,1
9cca5ecc-2069-4505-910c-fdeb3ba4c44f,6,89.0,desktop,email,1,0,1,0,0,1,1,1,0,1,0,no_friction,0
9ccaa76c-b5e7-4b00-9bac-b741ac1416bf,2,28.0,mobile,email,0,0,0,0,1,0,1,0,0,0,0,,1
9ccadf42-277e-4cfe-bb7e-302a0184f2d0,8,99.0,desktop,organic,0,0,0,0,1,0,4,0,0,0,3,poor_recommendations,1
9cd06b70-34d9-4509-966b-bf805c6e5c1e,5,103.0,desktop,organic,1,0,1,0,1,0,1,0,0,1,0,price_shock,1
9cdab4d1-0e71-4473-9445-0f895e1cf12f,2,7.0,mobile,social,0,0,0,0,1,0,1,0,0,0,0,,1
9cdd4f86-8328-486e-b9e4-7b1608f25646,6,109.0,mobile,organic,1,0,1,0,0,1,1,1,0,1,0,post_purchase_anxiety,0
9cddb06c-796f-489a-a2bc-700db2bee1d8,10,168.0,mobile,organic,0,0,0,4,1,0,1,0,0,4,0,unclear_product_info,1
9ce2a4f3-86d1-4588-8654-59e72ff97412,2,8.0,mobile,direct,0,0,0,0,1,0,1,0,0,0,0,,1
9cf7036a-d0a3-4c8a-832f-36e8abd3222e,10,164.0,mobile,paid_search,0,0,0,4,1,0,1,0,0,4,0,unclear_product_info,1
9cf9cf7d-56e0-4999-b388-3517141ee4ff,6,111.0,mobile,direct,1,0,1,0,0,1,1,1,0,1,0,no_friction,0
9cfb8bd4-2993-458d-8244-6b64f7ff28e8,2,29.0,mobile,organic,0,0,0,0,1,0,1,0,0,0,0,,1
9d133f6a-6aa8-4e47-a6ea-99c87b48845c,10,164.0,tablet,direct,0,0,0,4,1,0,1,0,0,4,0,unclear_product_info,1
9d1827a4-98ae-447a-ac38-8bd435c79585,6,117.0,mobile,email,1,0,1,0,0,1,1,1,0,1,0,no_friction,0
9d18ab1c-b317-44d8-8583-9628011ca52c,5,93.0,mobile,organic,1,0,1,0,1,0,1,0,0,1,0,price_shock,1
9d5c5953-91dc-4db9-88ab-b74bc03f2aa5,2,23.0,mobile,organic,0,0,0,0,1,0,1,0,0,0,0,,1
9d5dff22-e788-45a5-a602-bf6800c1893e,6,122.0,mobile,social,1,0,1,0,0,1,1,1,0,1,0,no_friction,0
9d633a80-c1d4-4b6f-992a-6f23c0f8482e,2,26.0,desktop,organic,0,0,0,0,1,0,1,0,0,0,0,,1
9d65f8b5-3008-4083-b1ee-84c1373b51fc,2,13.0,mobile,paid_search,0,0,0,0,1,0,1,0,0,0,0,,1
9d7e70df-5544-4744-8261-60bb068d4698,8,106.0,tablet,social,0,0,0,0,1,0,4,0,0,0,3,poor_recommendations,1
9d8358a6-b66b-47ba-9aa2-cf8439948ffa,6,82.0,desktop,organic,1,0,1,0,0,1,1,1,0,1,0,no_friction,0
9d840c11-dc94-4f84-afa8-5dcff440cd84,2,5.0,mobile,organic,0,0,0,0,1,0,1,0,0,0,0,,1
9d8745ff-286b-4e10-a890-8510fa4a5933,2,15.0,desktop,social,0,0,0,0,1,0,1,0,0,0,0,,1
9d9c6644-58ec-43b1-9325-5a68d8d57057,6,126.0,mobile,social,1,0,1,0,0,1,1,1,0,1,0,no_friction,0
9da9cee7-5ea2-4cd9-b8bf-a13c8ef06091,10,242.0,desktop,paid_search,0,0,0,4,1,0,1,0,0,4,0,unclear_product_info,1
9dc19d8c-8a1c-4824-a1ec-95b4b42fb2b5,2,7.0,mobile,social,0,0,0,0,1,0,1,0,0,0,0,,1
9de88006-501c-40ca-ae08-a6a5b66935a7,7,112.0,tablet,organic,1,0,1,0,1,0,1,1,1,1,0,payment_failure,1
9dece2e1-a6fb-42bc-b47c-582d28f2cd24,2,22.0,desktop,organic,0,0,0,0,1,0,1,0,0,0,0,,1
9df9389d-664b-429e-a92c-928f016372d3,2,23.0,mobile,paid_search,0,0,0,0,1,0,1,0,0,0,0,,1
9df94fea-5789-4025-8811-c246cdd4b63a,8,91.0,desktop,paid_search,0,0,0,0,1,0,4,0,0,0,3,poor_recommendations,1
9dfb3483-d6ca-4837-aab9-11ee3a3d19ad,6,91.0,desktop,organic,1,0,1,0,0,1,1,1,0,1,0,no_friction,0
9e0e21ee-69cc-44e6-9249-da7662ed56f1,2,21.0,mobile,organic,0,0,0,0,1,0,1,0,0,0,0,,1
9e148ded-4b49-4bdc-a93e-fe5a4632a7c3,2,12.0,desktop,paid_search,0,0,0,0,1,0,1,0,0,0,0,,1
9e19172e-7a65-4739-a859-ad91129d2ea4,2,25.0,desktop,social,0,0,0,0,1,0,1,0,0,0,0,,1
9e1fd713-a594-4fa0-83bc-c9b84da37175,8,97.0,mobile,organic,0,0,0,0,1,0,4,0,0,0,3,poor_recommendations,1
9e259da0-7393-4f43-900e-8087e58897b0,6,106.0,mobile,direct,1,1,1,0,1,0,1,0,0,1,0,delivery_uncertainty,1
9e3c7ee7-e5c5-4de3-8ffc-afe7c95f7442,6,133.0,mobile,organic,1,1,1,0,1,0,1,0,0,1,0,delivery_uncertainty,1
9e3dc41e-d239-4972-a2b0-4d7b4ef1ca12,2,28.0,desktop,direct,0,0,0,0,1,0,1,0,0,0,0,,1
9e3f61bd-cbeb-4a1f-9850-d0be9f8b617d,6,144.0,tablet,organic,1,0,1,0,0,1,1,1,0,1,0,no_friction,0
9e5436b8-c32b-4c43-bd27-c551db66c091,6,112.0,tablet,organic,1,1,1,0,1,0,1,0,0,1,0,delivery_uncertainty,1
9e814870-3af1-48bc-91d1-607290080a74,2,15.0,mobile,social,0,0,0,0,1,0,1,0,0,0,0,,1
9e98c530-a4ff-4b61-bd73-1008f94999f2,2,25.0,mobile,social,0,0,0,0,1,0,1,0,0,0,0,,1
9eb02f87-d5b8-4e26-a588-cf3f1d9027c0,5,84.0,tablet,organic,1,0,1,0,1,0,1,0,0,1,0,price_shock,1
9eb25756-c069-400c-8db4-12e8b42c4538,6,94.0,tablet,organic,1,1,1,0,1,0,1,0,0,1,0,delivery_uncertainty,1
9eb56c48-3b93-4b85-aa8d-3c31ca52d335,6,90.0,mobile,organic,1,1,1,0,1,0,1,0,0,1,0,delivery_uncertainty,1
9ec3e8b1-3815-40e7-9ff1-2e3b302725e7,6,123.0,mobile,paid_search,1,0,1,0,0,1,1,1,0,1,0,post_purchase_anxiety,0
9ecf01ae-63ec-4ed4-9f99-b9d7f6e7f2a0,2,18.0,desktop,social,0,0,0,0,1,0,1,0,0,0,0,,1
9ecf60d9-6416-4d6c-8fa3-a85b112de050,6,116.0,desktop,social,1,0,1,0,0,1,1,1,0,1,0,no_friction,0
9ed90a6d-0dd5-4444-a9a1-33c3e80e735a,2,17.0,tablet,organic,0,0,0,0,1,0,1,0,0,0,0,,1
9edce612-4942-4a69-a545-4998402c56c7,6,78.0,mobile,direct,1,0,1,0,0,1,1,1,0,1,0,no_friction,0
9ee47211-b945-43c6-b235-4faacb6f73e7,2,15.0,mobile,social,0,0,0,0,1,0,1,0,0,0,0,,1
9ee51043-77f0-4dfb-ae8c-f532e6ab6748,6,95.0,mobile,organic,1,0,1,0,0,1,1,1,0,1,0,no_friction,0
9ef36457-d2df-4a77-9f9f-8393a04ac841,6,118.0,desktop,organic,1,0,1,0,0,1,1,1,0,1,0,post_purchase_anxiety,0
9efc9fd0-e2f7-46dd-8407-763fa381a4b7,2,24.0,mobile,organic,0,0,0,0,1,0,1,0,0,0,0,,1
9f0212e8-79b1-491d-ade1-7034ebfc87d5,2,16.0,mobile,direct,0,0,0,0,1,0,1,0,0,0,0,,1
9f07d2f1-7d8d-4844-8b35-48f4ba22dcb7,2,29.0,mobile,social,0,0,0,0,1,0,1,0,0,0,0,,1
9f0f2ede-528d-48ee-9890-72bb4c659ea6,6,124.0,mobile,direct,1,0,1,0,0,1,1,1,0,1,0,no_friction,0
9f2518fc-7a01-425b-b01f-0d441ece6f8a,10,170.0,mobile,organic,0,0,0,4,1,0,1,0,0,4,0,unclear_product_info,1
9f37628c-5b81-42a8-8054-c6d2a19bb98a,2,12.0,mobile,paid_search,0,0,0,0,1,0,1,0,0,0,0,,1
9f480b25-c7bf-4fc1-a3d6-12701f2cae0f,10,230.0,desktop,organic,0,0,0,4,1,0,1,0,0,4,0,unclear_product_info,1
9f8cb144-b1a4-450f-95ac-99de53186323,2,16.0,desktop,organic,0,0,0,0,1,0,1,0,0,0,0,,1
9f926969-9680-4b59-b181-7fbe0b01d167,6,120.0,desktop,organic,1,1,1,0,1,0,1,0,0,1,0,delivery_uncertainty,1
9f97a94c-ab5b-475a-8bb6-778064cdf6ad,6,130.0,desktop,organic,1,0,1,0,0,1,1,1,0,1,0,post_purchase_anxiety,0
9f9aa399-2578-4441-97ad-5ef3dd75ae1f,2,10.0,mobile,direct,0,0,0,0,1,0,1,0,0,0,0,,1
9fa8052a-51a9-4e33-88ec-03f89d4b57e3,2,16.0,desktop,direct,0,0,0,0,1,0,1,0,0,0,0,,1
9faa0ef1-6a68-4d8c-9544-791f7a43aa1a,6,117.0,mobile,social,1,0,1,0,0,1,1,1,0,1,0,post_purchase_anxiety,0
9fb0c754-23b4-4a7f-84cc-00f0ca849224,2,14.0,mobile,social,0,0,0,0,1,0,1,0,0,0,0,,1
9fc4bf28-ff91-40da-9920-6852b6fcd088,6,97.0,mobile,paid_search,1,0,1,0,0,1,1,1,0,1,0,no_friction,0
9fd89683-986c-4e24-a3a0-23f39a276c2b,2,8.0,desktop,paid_search,0,0,0,0,1,0,1,0,0,0,0,,1
9fec4070-1602-4564-a944-c7c82ee03259,2,26.0,mobile,email,0,0,0,0,1,0,1,0,0,0,0,,1
9ff42a3d-3a50-41d0-838c-aeded1631a00,2,13.0,mobile,organic,0,0,0,0,1,0,1,0,0,0,0,,1
a02e399c-4818-4453-8599-264641b2157c,2,30.0,desktop,organic,0,0,0,0,1,0,1,0,0,0,0,,1
a02e50e5-76b3-4c75-84f7-e8513c8e2f63,8,122.0,mobile,organic,0,0,0,0,1,0,4,0,0,0,3,poor_recommendations,1
a0371ebb-7c9b-4b7d-b3aa-57c6342a9555,2,8.0,mobile,paid_search,0,0,0,0,1,0,1,0,0,0,0,,1
a03aa62c-5821-49ac-9773-eb103554bb1b,2,13.0,mobile,paid_search,0,0,0,0,1,0,1,0,0,0,0,,1
a04c6dc8-e98d-4ea3-910d-e415353b9ac4,6,110.0,mobile,organic,1,0,1,0,0,1,1,1,0,1,0,no_friction,0
a061f231-4d82-4b9c-8723-6230f3d18dae,10,211.0,desktop,paid_search,0,0,0,4,1,0,1,0,0,4,0,unclear_product_info,1
a069c964-e4c3-49a1-88e3-5d31d45bca1f,6,89.0,desktop,social,1,0,1,0,0,1,1,1,0,1,0,no_friction,0
a081b447-1512-47fc-9e97-2e51330c0fbe,2,7.0,mobile,social,0,0,0,0,1,0,1,0,0,0,0,,1
a0894045-3c5b-4233-b0e1-aefd610dade5,2,22.0,tablet,social,0,0,0,0,1,0,1,0,0,0,0,,1
a08e68f0-b02c-41f6-9ab2-66152593aeb1,2,6.0,mobile,paid_search,0,0,0,0,1,0,1,0,0,0,0,,1
a0aaf9ec-edc4-4ec4-9483-f5c3db4b2d7d,2,18.0,mobile,email,0,0,0,0,1,0,1,0,0,0,0,,1
a0afd921-525f-4ade-9421-0a396eef8157,6,100.0,desktop,email,1,0,1,0,0,1,1,1,0,1,0,no_friction,0
a0b36c33-9ed0-4f6e-af31-a2a4229552f7,2,10.0,mobile,organic,0,0,0,0,1,0,1,0,0,0,0,,1
a0e0be4d-f101-4ca0-8277-814b914a2c12,2,21.0,mobile,organic,0,0,0,0,1,0,1,0,0,0,0,,1
a0e5da7b-dceb-4998-93c2-5723cb38280d,2,7.0,desktop,organic,0,0,0,0,1,0,1,0,0,0,0,,1
a1034a17-d27f-482c-9b8a-a0ca7841733f,10,216.0,mobile,paid_search,0,0,0,4,1,0,1,0,0,4,0,unclear_product_info,1
a1055013-5041-43d2-b46f-165b3b631060,2,7.0,mobile,social,0,0,0,0,1,0,1,0,0,0,0,,1
a10e698f-f071-43db-afcf-0d71b0f9b9bc,2,9.0,mobile,direct,0,0,0,0,1,0,1,0,0,0,0,,1
a11a5c48-0eb9-460e-b510-1656964f5b59,6,109.0,mobile,social,1,0,1,0,0,1,1,1,0,1,0,no_friction,0
a1229830-3096-4737-a4ab-ea7ebc9dd964,2,21.0,desktop,organic,0,0,0,0,1,0,1,0,0,0,0,,1
a12c3159-175c-48ea-b17c-2e64c1f16eb9,6,132.0,mobile,paid_search,1,1,1,0,1,0,1,0,0,1,0,delivery_uncertainty,1
a1321001-2825-49fa-ac8a-7e9469c1c109,2,5.0,desktop,email,0,0,0,0,1,0,1,0,0,0,0,,1
a14de675-d925-443f-8c9c-822fb346ff27,2,30.0,desktop,social,0,0,0,0,1,0,1,0,0,0,0,,1
a15ac9de-dcb7-41fd-a9cc-b4bccea274e6,6,108.0,desktop,paid_search,1,0,1,0,0,1,1,1,0,1,0,no_friction,0
a15c9c14-9699-4f27-a4c5-b0fe4bd77be5,6,86.0,mobile,email,1,0,1,0,0,1,1,1,0,1,0,no_friction,0
a1635fb2-e473-49db-aa14-f357e23f399c,2,8.0,desktop,organic,0,0,0,0,1,0,1,0,0,0,0,,1
a16d150d-2055-4690-9dc9-0fef332639c5,8,73.0,mobile,organic,0,0,0,0,1,0,4,0,0,0,3,poor_recommendations,1
a172cf9f-fe5e-4793-9981-3a25a8bf8bef,6,77.0,mobile,social,1,0,1,0,0,1,1,1,0,1,0,no_friction,0
a17cb402-0560-481b-9023-685ca22714db,2,14.0,mobile,organic,0,0,0,0,1,0,1,0,0,0,0,,1
a187267c-2b6b-4880-89c0-ca81dd47e57e,8,87.0,mobile,organic,0,0,0,0,1,0,4,0,0,0,3,poor_recommendations,1
a189e1c8-d1d0-43db-875b-dd3a2f3dc78a,2,16.0,mobile,social,0,0,0,0,1,0,1,0,0,0,0,,1
a1a7ceac-cd0f-4f08-afe4-b4c55ec5498e,6,123.0,mobile,email,1,0,1,0,0,1,1,1,0,1,0,no_friction,0
a1fc2911-1c34-4f74-82bf-3fea211ddb6e,6,102.0,mobile,organic,1,0,1,0,0,1,1,1,0,1,0,no_friction,0
a202a94c-1789-4d3c-9874-b8145feff166,7,171.0,mobile,social,1,0,1,0,1,0,1,1,1,1,0,payment_failure,1
a21201d1-193f-439f-b50d-8e5b802823b2,6,100.0,mobile,paid_search,1,0,1,0,0,1,1,1,0,1,0,no_friction,0
a21509b3-7284-4215-9583-5e0604188f95,2,23.0,desktop,paid_search,0,0,0,0,1,0,1,0,0,0,0,,1
a225b24d-84f3-41da-887b-10e6afe84301,2,10.0,mobile,paid_search,0,0,0,0,1,0,1,0,0,0,0,,1
a2292b6d-d777-418e-bb18-e16612831f1e,6,131.0,desktop,social,1,0,1,0,0,1,1,1,0,1,0,no_friction,0
a22d35f1-e96e-4404-94b2-9370abc087df,2,14.0,mobile,social,0,0,0,0,1,0,1,0,0,0,0,,1
a2383666-11b7-4d11-b53a-caf47963f282,2,18.0,mobile,paid_search,0,0,0,0,1,0,1,0,0,0,0,,1
a2450d4f-4f38-4848-a387-b71c4c05cd19,6,125.0,tablet,organic,1,1,1,0,1,0,1,0,0,1,0,delivery_uncertainty,1
a2466e04-6a8e-4af8-b44a-159831e53421,2,23.0,mobile,organic,0,0,0,0,1,0,1,0,0,0,0,,1
a259f22e-070a-44f8-a225-b86c4c6fb4dd,2,16.0,mobile,paid_search,0,0,0,0,1,0,1,0,0,0,0,,1
a26ce499-faf8-43cb-abdc-eedfb460918f,7,130.0,desktop,organic,1,0,1,0,1,0,1,1,1,1,0,payment_failure,1
a281965e-4a2b-44d2-96ae-43fa5f1220e2,2,14.0,desktop,social,0,0,0,0,1,0,1,0,0,0,0,,1
a285db4a-1fce-4a4c-ac4d-b70275258602,2,26.0,mobile,organic,0,0,0,0,1,0,1,0,0,0,0,,1
a285e102-ba13-4ebf-b0b0-04a95e4eab1c,2,26.0,desktop,organic,0,0,0,0,1,0,1,0,0,0,0,,1
a2a3110d-b109-4c76-bc33-30a265f95bc1,6,124.0,desktop,social,1,0,1,0,0,1,1,1,0,1,0,no_friction,0
a2a668a8-0455-48f3-a7fd-b0a75eaa4074,2,21.0,desktop,social,0,0,0,0,1,0,1,0,0,0,0,,1
a2ade757-53e1-4c1c-befe-e37460c37fd6,2,25.0,desktop,paid_search,0,0,0,0,1,0,1,0,0,0,0,,1
a2dd8ec1-eecd-4537-a4ab-afbab12e4b76,2,18.0,mobile,organic,0,0,0,0,1,0,1,0,0,0,0,,1
a2de3a26-8df0-4dcb-abf4-73453363d5d1,2,18.0,tablet,organic,0,0,0,0,1,0,1,0,0,0,0,,1
a2e57179-3b7b-4c21-921f-3abd7a065e05,2,29.0,mobile,organic,0,0,0,0,1,0,1,0,0,0,0,,1
a2ecbce8-86b4-4fe6-9c3f-85580b791a30,6,118.0,mobile,organic,1,0,1,0,0,1,1,1,0,1,0,no_friction,0
a2ed6a13-94d5-4866-b8e8-981edffaca31,2,17.0,mobile,paid_search,0,0,0,0,1,0,1,0,0,0,0,,1
a2ef164e-72ae-44ef-b788-2471e9a4c8ea,2,7.0,desktop,organic,0,0,0,0,1,0,1,0,0,0,0,,1
a2f92e5a-d934-4166-a516-f16aeaa2e7d1,2,17.0,desktop,organic,0,0,0,0,1,0,1,0,0,0,0,,1
a30e8677-71d4-433f-8eea-3bafb7e71288,2,11.0,mobile,organic,0,0,0,0,1,0,1,0,0,0,0,,1
a31a98bd-0e0b-4c9f-bc2f-254fc354fd9f,10,162.0,mobile,organic,0,0,0,4,1,0,1,0,0,4,0,unclear_product_info,1
a32003a7-ac7e-4575-982f-3ba1ff409e8b,2,16.0,desktop,paid_search,0,0,0,0,1,0,1,0,0,0,0,,1
a353a69d-5bbe-4d2d-97f5-f050571f111d,6,100.0,mobile,organic,1,0,1,0,0,1,1,1,0,1,0,post_purchase_anxiety,0
a3585b3c-bb94-45a2-ba33-f3c76e2d232e,2,27.0,mobile,organic,0,0,0,0,1,0,1,0,0,0,0,,1
a360723c-53f8-42a3-be18-6486087261a6,7,119.0,desktop,social,1,0,1,0,1,0,1,1,1,1,0,payment_failure,1
a36ab1d1-b0f6-467c-a783-6c6d09ccfdaa,6,130.0,desktop,social,1,1,1,0,1,0,1,0,0,1,0,delivery_uncertainty,1
a37f1947-c0c8-4af7-a0f3-e028063d8839,6,110.0,desktop,direct,1,0,1,0,0,1,1,1,0,1,0,no_friction,0
a38a63e9-0f67-4b33-8dee-d402cf6304d5,10,213.0,desktop,direct,0,0,0,4,1,0,1,0,0,4,0,unclear_product_info,1
a3b4b791-f496-4c41-bb75-4d6bbfe6ca14,10,189.0,desktop,organic,0,0,0,4,1,0,1,0,0,4,0,unclear_product_info,1
a3b6d899-14b5-4f12-9827-b4322d0a34a0,7,138.0,mobile,social,1,0,1,0,1,0,1,1,1,1,0,payment_failure,1
a3b76551-a796-4a39-886b-615bf9a394c9,2,9.0,mobile,paid_search,0,0,0,0,1,0,1,0,0,0,0,,1
a3c9c205-db26-4aa9-8900-ee0155ddaf5c,5,77.0,desktop,organic,1,0,1,0,1,0,1,0,0,1,0,price_shock,1
a3d96211-8ea1-4798-baa8-d85f1caf407e,2,16.0,mobile,social,0,0,0,0,1,0,1,0,0,0,0,,1
a3e4e186-52f3-4441-b04e-ba9f79ff81a0,2,29.0,mobile,paid_search,0,0,0,0,1,0,1,0,0,0,0,,1
a3ebbf21-a1ed-4854-b99d-ae17c7297c99,2,22.0,desktop,organic,0,0,0,0,1,0,1,0,0,0,0,,1
a3ed4fce-7b28-4292-95c0-fb51365d66f1,6,99.0,mobile,organic,1,0,1,0,0,1,1,1,0,1,0,post_purchase_anxiety,0
a412a425-16b9-46b6-a032-8d6ed21be42f,2,27.0,mobile,organic,0,0,0,0,1,0,1,0,0,0,0,,1
a4171fe4-2656-42f5-acbe-5db7f5a7872d,5,98.0,mobile,paid_search,1,0,1,0,1,0,1,0,0,1,0,price_shock,1
a4312de9-bc6f-4981-9f2d-1d5be76be783,8,98.0,desktop,organic,0,0,0,0,1,0,4,0,0,0,3,poor_recommendations,1
a45dccf9-d109-4587-b34c-ac3e01054976,2,13.0,desktop,organic,0,0,0,0,1,0,1,0,0,0,0,,1
a45f4049-2a63-4597-ad75-77bedb947f20,2,20.0,mobile,email,0,0,0,0,1,0,1,0,0,0,0,,1
a466e748-cf4d-48e5-9018-670d97901e93,2,20.0,mobile,direct,0,0,0,0,1,0,1,0,0,0,0,,1
a47cb27f-c98d-4c20-b561-442bff5c24d2,2,30.0,tablet,paid_search,0,0,0,0,1,0,1,0,0,0,0,,1
a49728d4-c25a-44f7-b2d8-3e69bcc4777d,6,97.0,desktop,direct,1,1,1,0,1,0,1,0,0,1,0,delivery_uncertainty,1
a4975927-21dc-4c14-81e4-07af4b669cd8,2,6.0,mobile,direct,0,0,0,0,1,0,1,0,0,0,0,,1
a4a55652-f256-4a4b-949b-01b8203c13f8,2,10.0,tablet,paid_search,0,0,0,0,1,0,1,0,0,0,0,,1
a4a595b5-fa82-4391-ba18-7933c4e209f5,7,150.0,desktop,direct,1,0,1,0,1,0,1,1,1,1,0,payment_failure,1
a4af52e4-fc0c-409f-bcde-cff6618b3371,2,25.0,mobile,social,0,0,0,0,1,0,1,0,0,0,0,,1
a4bf84fc-19bb-47f1-985e-aa8c83f7d3b3,8,108.0,mobile,email,0,0,0,0,1,0,4,0,0,0,3,poor_recommendations,1
a4e20011-47d5-4fdd-98cd-eb4de9e1d8ab,8,115.0,mobile,social,0,0,0,0,1,0,4,0,0,0,3,poor_recommendations,1
a4e6fb50-9815-4846-822f-ba1791bbba49,6,123.0,mobile,social,1,0,1,0,0,1,1,1,0,1,0,no_friction,0
a4ea5bda-8a6d-4b5f-ae40-5377a2fd53d6,2,8.0,mobile,organic,0,0,0,0,1,0,1,0,0,0,0,,1
a4f291fe-8749-44da-81ea-4e1c00dc7187,2,11.0,desktop,paid_search,0,0,0,0,1,0,1,0,0,0,0,,1
a4fe0866-30b2-4ca4-a503-9628e7c94ae0,2,22.0,mobile,paid_search,0,0,0,0,1,0,1,0,0,0,0,,1
a5057dcb-9f10-4846-9ed4-6f0c6380d96a,2,18.0,mobile,paid_search,0,0,0,0,1,0,1,0,0,0,0,,1
a5201951-d75f-4ae9-974b-8faa70e6b040,2,18.0,mobile,email,0,0,0,0,1,0,1,0,0,0,0,,1
a528527d-1fca-4198-8df2-08625e6529ad,2,6.0,mobile,social,0,0,0,0,1,0,1,0,0,0,0,,1
a536ef0a-a711-42bb-9715-17d7bdcd5712,6,118.0,desktop,direct,1,0,1,0,0,1,1,1,0,1,0,no_friction,0
a556bf00-3d27-4afd-980a-cb0855a18b99,6,97.0,desktop,direct,1,0,1,0,0,1,1,1,0,1,0,no_friction,0
a56137ea-e0d5-467f-b910-8c0fa36b973a,2,27.0,mobile,organic,0,0,0,0,1,0,1,0,0,0,0,,1
a56e3278-ec35-4286-a3a6-4080e26a5fe6,2,21.0,mobile,organic,0,0,0,0,1,0,1,0,0,0,0,,1
a578b37d-7174-463c-94db-1bb4c466868d,2,17.0,mobile,paid_search,0,0,0,0,1,0,1,0,0,0,0,,1
a58674f0-cf8f-4ae9-8cdb-8122cb9e7ba9,6,140.0,mobile,paid_search,1,1,1,0,1,0,1,0,0,1,0,delivery_uncertainty,1
a597bfa4-d899-4b8f-b655-4f478fae80c1,6,130.0,mobile,organic,1,0,1,0,0,1,1,1,0,1,0,no_friction,0
a5a1f9ed-bf74-4d0c-95f3-4f2c59ee1a7b,2,26.0,desktop,organic,0,0,0,0,1,0,1,0,0,0,0,,1
a5a4b8ed-deba-48a8-bff8-e7f454b46dfc,2,24.0,desktop,email,0,0,0,0,1,0,1,0,0,0,0,,1
a5b28f60-62bf-4c59-a18f-1e4771c33cb6,6,141.0,mobile,social,1,1,1,0,1,0,1,0,0,1,0,delivery_uncertainty,1
a5b5795b-a9f0-4837-8a4c-8933f77b2776,2,7.0,mobile,organic,0,0,0,0,1,0,1,0,0,0,0,,1
a5e2a819-73fc-4579-97aa-c09be801ce21,2,11.0,mobile,social,0,0,0,0,1,0,1,0,0,0,0,,1
a5f720dd-d088-442b-b3eb-8132150b681f,6,119.0,mobile,email,1,0,1,0,0,1,1,1,0,1,0,no_friction,0
a5fd49bc-8d60-4a57-8c36-fc3a343c8261,6,105.0,desktop,paid_search,1,0,1,0,0,1,1,1,0,1,0,no_friction,0
a615da26-d26f-454f-8b6e-fac3fb538141,2,5.0,mobile,email,0,0,0,0,1,0,1,0,0,0,0,,1
a6245c27-2540-4c84-8915-a6b91486f7fe,2,23.0,mobile,organic,0,0,0,0,1,0,1,0,0,0,0,,1
a624e927-3a2a-445d-92ae-5e4b40423bfa,6,110.0,mobile,organic,1,0,1,0,0,1,1,1,0,1,0,no_friction,0
a63bac31-7982-4ee4-b38e-5ac95cb8ad8a,6,88.0,mobile,paid_search,1,0,1,0,0,1,1,1,0,1,0,post_purchase_anxiety,0
a64a78fb-62e1-4466-b8e0-536254345e4e,2,10.0,mobile,direct,0,0,0,0,1,0,1,0,0,0,0,,1
a655f2a7-7a6a-4582-92ab-5236014dca1d,6,90.0,mobile,social,1,0,1,0,0,1,1,1,0,1,0,no_friction,0
a6590b52-0237-4a0d-9d7c-2880d9302fd3,2,27.0,desktop,organic,0,0,0,0,1,0,1,0,0,0,0,,1
a6840d3e-dd67-4e23-9da8-c4cef094dfc9,2,29.0,mobile,paid_search,0,0,0,0,1,0,1,0,0,0,0,,1
a6891239-6e3a-495e-8093-eb1dfad828b9,2,21.0,mobile,email,0,0,0,0,1,0,1,0,0,0,0,,1
a68de255-6c28-4e1a-bfad-c221817839ce,5,92.0,desktop,organic,1,0,1,0,1,0,1,0,0,1,0,price_shock,1
a69436a0-568b-4a40-9503-237f9f7bc2f5,8,105.0,mobile,organic,0,0,0,0,1,0,4,0,0,0,3,poor_recommendations,1
a6a8d3fd-52cb-4609-ae97-775609db3b1a,2,23.0,mobile,paid_search,0,0,0,0,1,0,1,0,0,0,0,,1
a6a8e77a-f660-4960-b2e4-870b1f696869,6,122.0,mobile,paid_search,1,0,1,0,0,1,1,1,0,1,0,no_friction,0
a6ad9e98-1821-4f48-9f71-627161c52353,2,19.0,mobile,organic,0,0,0,0,1,0,1,0,0,0,0,,1
a6c027c8-2621-4dd4-9f84-6c829f63cf37,8,103.0,mobile,organic,0,0,0,0,1,0,4,0,0,0,3,poor_recommendations,1
a6e6f288-c496-4198-8b38-43178102ca8b,2,8.0,mobile,organic,0,0,0,0,1,0,1,0,0,0,0,,1
a6f482c2-08f9-4d74-9bd0-58df1767a190,2,13.0,mobile,paid_search,0,0,0,0,1,0,1,0,0,0,0,,1
a706c80e-6428-487f-89d9-ebd3761088ff,7,123.0,desktop,social,1,0,1,0,1,0,1,1,1,1,0,payment_failure,1
a7084c90-a7f5-4b85-aac9-fc2d10e1473a,2,6.0,mobile,direct,0,0,0,0,1,0,1,0,0,0,0,,1
a718e899-45a0-473a-b409-d293c02f939d,2,26.0,mobile,organic,0,0,0,0,1,0,1,0,0,0,0,,1
a7353ea4-d791-4f0f-a848-46d31226fc8e,2,20.0,mobile,paid_search,0,0,0,0,1,0,1,0,0,0,0,,1
a74fe0f9-c6f3-4729-bc97-bf5516e245f9,2,9.0,mobile,paid_search,0,0,0,0,1,0,1,0,0,0,0,,1
a751c3b3-2dba-450e-abc4-92b9b5c34af2,2,22.0,mobile,social,0,0,0,0,1,0,1,0,0,0,0,,1
a759443c-b1f2-49c6-9ce6-a785aaf717e4,2,7.0,mobile,email,0,0,0,0,1,0,1,0,0,0,0,,1
a75a13f6-4c64-426d-bd5c-fed5fb6f7e70,2,16.0,desktop,direct,0,0,0,0,1,0,1,0,0,0,0,,1
a761ae88-ef36-45a7-a142-ed1a9ee977a6,2,25.0,desktop,paid_search,0,0,0,0,1,0,1,0,0,0,0,,1
a761cd41-d41f-4767-8f1a-c6d49e13a175,2,12.0,mobile,email,0,0,0,0,1,0,1,0,0,0,0,,1
a766a32b-1f8c-4531-b9be-9c6fd3813774,2,10.0,mobile,organic,0,0,0,0,1,0,1,0,0,0,0,,1
a769b841-abdb-4d7b-bda3-dafff898f507,6,83.0,mobile,organic,1,0,1,0,0,1,1,1,0,1,0,no_friction,0
a7719991-0e04-4114-a1ca-40bb8031a330,6,105.0,mobile,email,1,1,1,0,1,0,1,0,0,1,0,delivery_uncertainty,1
a77ffb21-57f2-4431-9593-dcc353087159,2,9.0,tablet,paid_search,0,0,0,0,1,0,1,0,0,0,0,,1
a7a26c90-b794-466f-9b29-bc474aadff98,2,27.0,mobile,paid_search,0,0,0,0,1,0,1,0,0,0,0,,1
a7b89e89-7c6f-4fae-a907-cf704819249f,2,25.0,desktop,direct,0,0,0,0,1,0,1,0,0,0,0,,1
a7cd153b-74c9-4b29-82d9-4bbf86ca91c4,2,25.0,mobile,social,0,0,0,0,1,0,1,0,0,0,0,,1
a7d0c676-14c6-4ce5-b832-e3156720f898,2,27.0,mobile,organic,0,0,0,0,1,0,1,0,0,0,0,,1
a7e047b5-0ced-4be6-9496-dcb62525a476,8,125.0,mobile,organic,0,0,0,0,1,0,4,0,0,0,3,poor_recommendations,1
a7ebc798-dab4-4308-b6f6-bb2487b82fbd,6,115.0,desktop,organic,1,0,1,0,0,1,1,1,0,1,0,no_friction,0
a7ec907e-3728-4894-90e9-baf54315aee4,2,23.0,mobile,organic,0,0,0,0,1,0,1,0,0,0,0,,1
a7f4cd19-4dee-4f25-b62e-4cd16295ab4f,2,29.0,mobile,social,0,0,0,0,1,0,1,0,0,0,0,,1
a7f7fd19-c588-4b98-8af5-2b90f1b550b5,6,91.0,tablet,paid_search,1,0,1,0,0,1,1,1,0,1,0,post_purchase_anxiety,0
a808050d-94da-4ee2-9b3f-49af186b0f19,6,78.0,desktop,organic,1,0,1,0,0,1,1,1,0,1,0,post_purchase_anxiety,0
a80cf860-6ecf-455e-ab2c-0f9d69dda3ad,2,18.0,tablet,organic,0,0,0,0,1,0,1,0,0,0,0,,1
a811fea3-13ee-43ec-8715-997cb5262a15,2,17.0,mobile,social,0,0,0,0,1,0,1,0,0,0,0,,1
a822638c-61a5-4ee5-83a6-5f996a9fb625,2,20.0,mobile,social,0,0,0,0,1,0,1,0,0,0,0,,1
a827ec6d-a1b4-4959-a608-4a12db780304,6,114.0,mobile,organic,1,0,1,0,0,1,1,1,0,1,0,no_friction,0
a82f3b1e-edc3-43ed-9f2e-ab1b42c5f589,2,18.0,desktop,organic,0,0,0,0,1,0,1,0,0,0,0,,1
a844e984-3e92-42f8-9672-fcb1a00f2370,2,8.0,mobile,paid_search,0,0,0,0,1,0,1,0,0,0,0,,1
a84ddbb3-6f36-4ac1-b972-21403bb2f53f,6,101.0,mobile,social,1,1,1,0,1,0,1,0,0,1,0,delivery_uncertainty,1
a8552bdb-703b-49e4-b826-3eb5b4023722,2,5.0,mobile,organic,0,0,0,0,1,0,1,0,0,0,0,,1
a86a288e-ebe2-4033-99c6-95b04eded5d2,2,29.0,tablet,organic,0,0,0,0,1,0,1,0,0,0,0,,1
a8762d75-e008-4774-bc4b-16d00058033b,6,95.0,desktop,social,1,0,1,0,0,1,1,1,0,1,0,no_friction,0
a87c8d5c-e534-4450-bf23-95109fb6252e,5,91.0,tablet,organic,1,0,1,0,1,0,1,0,0,1,0,price_shock,1
a87cac6f-bfd0-4f71-972d-7416c97f2e07,6,106.0,mobile,paid_search,1,0,1,0,0,1,1,1,0,1,0,no_friction,0
a87da541-0626-43a8-ad83-81c05de71869,2,21.0,mobile,organic,0,0,0,0,1,0,1,0,0,0,0,,1
a88b720e-9ea6-4fb7-a997-d4fb7e0da71b,2,7.0,mobile,social,0,0,0,0,1,0,1,0,0,0,0,,1
a88cda80-8257-4fdb-bff5-e5c64a0b9510,10,194.0,mobile,social,0,0,0,4,1,0,1,0,0,4,0,unclear_product_info,1
a89bc028-e1e1-4139-b03f-f3b47cd7b5a5,2,8.0,desktop,paid_search,0,0,0,0,1,0,1,0,0,0,0,,1
a89cba48-c404-4267-824a-bcb91f201a23,2,13.0,mobile,direct,0,0,0,0,1,0,1,0,0,0,0,,1
a8a44f7b-c33a-49b6-bc33-a73d19ad24a9,6,124.0,desktop,social,1,1,1,0,1,0,1,0,0,1,0,delivery_uncertainty,1
a8b43648-f3b2-448d-89d0-c4ddd3b2b394,2,12.0,mobile,organic,0,0,0,0,1,0,1,0,0,0,0,,1
a8c6ab81-ddb3-4370-a07b-b6bb8bf53c07,2,24.0,mobile,social,0,0,0,0,1,0,1,0,0,0,0,,1
a8f1e273-c08b-40d9-9c1c-901b663955f3,6,104.0,mobile,social,1,0,1,0,0,1,1,1,0,1,0,no_friction,0
a8fa5dd2-7e21-45e6-a788-05df141a91c1,2,9.0,desktop,email,0,0,0,0,1,0,1,0,0,0,0,,1
a90408bc-b6d0-4d08-9ed7-7f6357b11763,2,26.0,desktop,paid_search,0,0,0,0,1,0,1,0,0,0,0,,1
a90ba49d-7d31-406f-9fcb-c7418f39b8de,2,6.0,mobile,paid_search,0,0,0,0,1,0,1,0,0,0,0,,1
a91bee70-1fd5-434e-ac92-9a31cbf184dc,6,93.0,mobile,organic,1,0,1,0,0,1,1,1,0,1,0,no_friction,0
a91ffc7d-6e2e-474f-aa65-0e944b91f2b4,2,26.0,mobile,paid_search,0,0,0,0,1,0,1,0,0,0,0,,1
a9291bd4-799d-4321-ac88-7e1a678a0235,2,28.0,tablet,organic,0,0,0,0,1,0,1,0,0,0,0,,1
a92dff50-8cb1-40b5-8ec1-bef3e30fae2f,6,99.0,mobile,email,1,0,1,0,0,1,1,1,0,1,0,post_purchase_anxiety,0
a93625a3-8ac9-47ff-9fad-4c6cd00bc278,2,24.0,mobile,paid_search,0,0,0,0,1,0,1,0,0,0,0,,1
a956c07a-ab5b-47e1-a157-850b3821f81b,2,11.0,mobile,social,0,0,0,0,1,0,1,0,0,0,0,,1
a957c2b2-e231-4901-8353-3712f894cd65,2,15.0,mobile,email,0,0,0,0,1,0,1,0,0,0,0,,1
a95eeee8-713d-4525-b177-f4f8b2e7e73f,2,11.0,mobile,social,0,0,0,0,1,0,1,0,0,0,0,,1
a95fe95b-bdfc-426a-b348-ca1287fad559,2,12.0,mobile,organic,0,0,0,0,1,0,1,0,0,0,0,,1
a997a7a2-6cb9-4dac-bd1b-54b205f266d4,2,28.0,mobile,organic,0,0,0,0,1,0,1,0,0,0,0,,1
a9a1ae8f-e351-4833-9e83-fbc20ecc3874,6,108.0,desktop,social,1,0,1,0,0,1,1,1,0,1,0,no_friction,0
a9a743b5-280e-4709-b7bc-f0ef79d9e4d6,7,112.0,desktop,organic,1,0,1,0,1,0,1,1,1,1,0,payment_failure,1
a9b169df-3298-49de-a14d-5ecbdf2771cc,6,128.0,desktop,organic,1,1,1,0,1,0,1,0,0,1,0,delivery_uncertainty,1
a9bc0c98-2388-4276-9112-171958644290,2,11.0,mobile,organic,0,0,0,0,1,0,1,0,0,0,0,,1
a9c29db1-4a9e-41bf-b04f-5ea1d4f232ae,8,107.0,tablet,organic,0,0,0,0,1,0,4,0,0,0,3,poor_recommendations,1
a9e47495-d8c2-4c0d-9414-be8f3a4ebb1e,2,6.0,tablet,organic,0,0,0,0,1,0,1,0,0,0,0,,1
a9e4f7f0-22fd-4ca1-bbfe-6b174f7814e9,6,105.0,mobile,paid_search,1,0,1,0,0,1,1,1,0,1,0,no_friction,0
a9f2f52c-5ab1-4e51-9faa-3899e4b0506e,2,27.0,mobile,organic,0,0,0,0,1,0,1,0,0,0,0,,1
a9fac1af-0186-4d10-8fff-c7ec30e89fd0,8,98.0,mobile,paid_search,0,0,0,0,1,0,4,0,0,0,3,poor_recommendations,1
a9fe8775-195a-4d99-8164-31ee0b24c223,2,22.0,tablet,email,0,0,0,0,1,0,1,0,0,0,0,,1
aa18d709-9254-4172-b732-342b75f08040,6,124.0,desktop,organic,1,0,1,0,0,1,1,1,0,1,0,no_friction,0
aa318e50-8670-4662-a42d-8013c0856f04,6,106.0,mobile,direct,1,0,1,0,0,1,1,1,0,1,0,no_friction,0
aa36763f-be98-4024-a636-7dc4fbb96117,6,95.0,desktop,paid_search,1,1,1,0,1,0,1,0,0,1,0,delivery_uncertainty,1
aa3801f9-3e11-4f85-a288-d1345fcbb20a,2,24.0,desktop,organic,0,0,0,0,1,0,1,0,0,0,0,,1
aa3d0240-be94-43af-a904-be7f2e226608,2,22.0,mobile,email,0,0,0,0,1,0,1,0,0,0,0,,1
aa6c8122-a4c0-4a65-aad4-0dca8da777e4,6,116.0,desktop,organic,1,1,1,0,1,0,1,0,0,1,0,delivery_uncertainty,1
aa980dc1-e5f7-4700-a8f3-3e8bed47e33b,6,114.0,mobile,organic,1,0,1,0,0,1,1,1,0,1,0,post_purchase_anxiety,0
aa9bb433-152e-4f9c-b188-d09142ed7ac3,2,21.0,desktop,organic,0,0,0,0,1,0,1,0,0,0,0,,1
aacee280-f67b-4a3e-a497-c514647592aa,5,91.0,mobile,paid_search,1,0,1,0,1,0,1,0,0,1,0,price_shock,1
aad350a8-5ccd-47f4-a35b-b4e3550fd084,2,13.0,mobile,social,0,0,0,0,1,0,1,0,0,0,0,,1
aad8e87f-d3db-4607-97ca-6aeebe600b97,8,97.0,tablet,paid_search,0,0,0,0,1,0,4,0,0,0,3,poor_recommendations,1
aadf6bc2-cf72-4f60-971b-9718875cae06,2,18.0,mobile,paid_search,0,0,0,0,1,0,1,0,0,0,0,,1
aae30829-0c9b-4cc5-b9c8-2fc14abdc311,2,14.0,mobile,email,0,0,0,0,1,0,1,0,0,0,0,,1
ab075fe1-da83-41c1-87b6-b5af401d28a4,6,108.0,desktop,social,1,0,1,0,0,1,1,1,0,1,0,no_friction,0
ab099f2c-6d71-4ec3-b8d4-06974f106c6b,2,30.0,mobile,organic,0,0,0,0,1,0,1,0,0,0,0,,1
ab0e418f-c004-4da4-baf9-6ba67c4e6dee,8,101.0,mobile,direct,0,0,0,0,1,0,4,0,0,0,3,poor_recommendations,1
ab0e74ad-737d-4dfa-a17c-cad2a4ea9672,7,158.0,desktop,organic,1,0,1,0,1,0,1,1,1,1,0,payment_failure,1
ab1c6d59-1c0a-4808-adf1-6723918cf98f,6,121.0,mobile,organic,1,0,1,0,0,1,1,1,0,1,0,no_friction,0
ab21be6b-ec41-4fc9-a917-d0f87dff52ec,2,16.0,desktop,social,0,0,0,0,1,0,1,0,0,0,0,,1
ab269cdf-90b7-4cd9-aecb-649475751850,2,27.0,desktop,paid_search,0,0,0,0,1,0,1,0,0,0,0,,1
ab2c0dda-daa7-42f4-a399-be72c43223d5,10,234.0,mobile,email,0,0,0,4,1,0,1,0,0,4,0,unclear_product_info,1
ab3b78cc-5b6d-4ccb-a90d-af622aa1fad5,6,140.0,mobile,organic,1,0,1,0,0,1,1,1,0,1,0,post_purchase_anxiety,0
ab4dbcac-c9a6-41ce-a654-5bbae4281f47,2,23.0,tablet,organic,0,0,0,0,1,0,1,0,0,0,0,,1
ab627ccd-ffc6-4419-92bc-fee5f0c91ed4,6,141.0,mobile,email,1,0,1,0,0,1,1,1,0,1,0,post_purchase_anxiety,0
ab64b99e-1c89-461a-a8f1-a6260946f964,6,111.0,mobile,organic,1,0,1,0,0,1,1,1,0,1,0,no_friction,0
ab6b9e81-e9c9-44e6-9430-f3efe1eb1238,6,95.0,mobile,paid_search,1,0,1,0,0,1,1,1,0,1,0,post_purchase_anxiety,0
ab6d5df4-d438-480c-8302-890fa83bea7c,7,134.0,desktop,paid_search,1,0,1,0,1,0,1,1,1,1,0,payment_failure,1
ab6f9de4-3354-471a-8779-e2fc3fbaa6c2,8,105.0,desktop,paid_search,0,0,0,0,1,0,4,0,0,0,3,poor_recommendations,1
ab8f3f39-4ce7-4419-98f5-d4e95584e747,6,105.0,mobile,organic,1,0,1,0,0,1,1,1,0,1,0,no_friction,0
ab99e34f-68ad-4de1-9e77-fdcac7ece98a,2,24.0,mobile,organic,0,0,0,0,1,0,1,0,0,0,0,,1
aba5e7f5-1f56-46de-971e-051311119163,7,113.0,mobile,organic,1,0,1,0,1,0,1,1,1,1,0,payment_failure,1
abaaa622-2792-40fc-bf5c-42177aa698fa,7,142.0,mobile,organic,1,0,1,0,1,0,1,1,1,1,0,payment_failure,1
abaf1d6f-c2ad-47f0-b484-8def59132c7f,2,25.0,tablet,organic,0,0,0,0,1,0,1,0,0,0,0,,1
abb4f0fa-291f-431e-8223-3e7c37975c58,2,9.0,mobile,organic,0,0,0,0,1,0,1,0,0,0,0,,1
abb4f4cb-7f8a-4308-8d9c-a227044d1514,6,91.0,desktop,direct,1,0,1,0,0,1,1,1,0,1,0,no_friction,0
abcee660-a28f-4ccc-8ada-4fc460833cde,6,120.0,mobile,direct,1,0,1,0,0,1,1,1,0,1,0,no_friction,0
abd69a94-2205-48b9-92e0-f3918c63fc87,6,83.0,mobile,social,1,0,1,0,0,1,1,1,0,1,0,no_friction,0
abdb2a58-fa3f-473e-81aa-d238f3d54e36,2,29.0,mobile,paid_search,0,0,0,0,1,0,1,0,0,0,0,,1
abe69c3b-758f-4992-81e1-3359e20701ba,6,73.0,tablet,direct,1,0,1,0,0,1,1,1,0,1,0,no_friction,0
abeb141b-33ff-4d0f-a25e-adc6c18027c8,6,96.0,tablet,email,1,0,1,0,0,1,1,1,0,1,0,no_friction,0
abf8855c-e618-48d7-a607-03cdd4cedd98,2,19.0,mobile,email,0,0,0,0,1,0,1,0,0,0,0,,1
ac14929c-a3d9-4d7c-b47f-e2ba94b37cfd,2,18.0,mobile,direct,0,0,0,0,1,0,1,0,0,0,0,,1
ac22d21c-12f9-4035-968c-217b41fe0014,2,27.0,desktop,paid_search,0,0,0,0,1,0,1,0,0,0,0,,1
ac4298af-30f6-4d96-ae99-c55bd0704b3f,2,11.0,mobile,social,0,0,0,0,1,0,1,0,0,0,0,,1
ac6d5309-a5a9-4370-a682-8487dc9bf3b9,6,81.0,mobile,paid_search,1,0,1,0,0,1,1,1,0,1,0,no_friction,0
ac96d159-f650-42e8-b7fa-757dbf5191ef,6,121.0,desktop,direct,1,0,1,0,0,1,1,1,0,1,0,post_purchase_anxiety,0
acaf13d3-04f9-40a0-b25f-dd3ef62902e6,7,95.0,mobile,organic,1,0,1,0,1,0,1,1,1,1,0,payment_failure,1
acb15160-c69a-41fa-837f-a227944171bb,6,123.0,mobile,organic,1,0,1,0,0,1,1,1,0,1,0,no_friction,0
acc5551f-c905-4d3b-98a0-c0f8d6e1aeb4,2,8.0,mobile,organic,0,0,0,0,1,0,1,0,0,0,0,,1
acd5e19c-b13b-45a6-90e9-c0f4cad285de,2,19.0,desktop,organic,0,0,0,0,1,0,1,0,0,0,0,,1
acdae328-35fa-4b7c-82b6-de8573d072b2,7,132.0,mobile,organic,1,0,1,0,1,0,1,1,1,1,0,payment_failure,1
acdcef8a-64d2-41c6-bee1-a1dc9f81ba5a,6,102.0,mobile,organic,1,0,1,0,0,1,1,1,0,1,0,no_friction,0
ace2e8b8-127d-4c21-8992-fc48bae98852,2,5.0,mobile,organic,0,0,0,0,1,0,1,0,0,0,0,,1
ace463c7-5951-45d0-b6df-fe2753719969,5,88.0,mobile,social,1,0,1,0,1,0,1,0,0,1,0,price_shock,1
acf04371-976e-44fe-8f16-ace3d3cae5b5,7,142.0,mobile,organic,1,0,1,0,1,0,1,1,1,1,0,payment_failure,1
acf463f1-8f4b-423c-a462-c1be766b1ad1,2,6.0,mobile,paid_search,0,0,0,0,1,0,1,0,0,0,0,,1
acfa394e-6559-4778-8a56-188c3fbbc7eb,6,97.0,desktop,social,1,1,1,0,1,0,1,0,0,1,0,delivery_uncertainty,1
ad010ad1-0250-4ad2-8ab1-df0fbfcf7f8f,6,137.0,mobile,organic,1,0,1,0,0,1,1,1,0,1,0,no_friction,0
ad13b693-4cee-407c-8587-47eabf6fd75d,2,15.0,mobile,social,0,0,0,0,1,0,1,0,0,0,0,,1
ad15ba5f-d9f6-4d35-bb97-0ed2a7e98f7b,10,224.0,mobile,organic,0,0,0,4,1,0,1,0,0,4,0,unclear_product_info,1
ad1e0803-6098-4322-9b08-390b0b6e2adf,2,14.0,desktop,paid_search,0,0,0,0,1,0,1,0,0,0,0,,1
ad2a92de-c3b5-410e-9263-143a8001a05b,5,76.0,desktop,paid_search,1,0,1,0,1,0,1,0,0,1,0,price_shock,1
ad33fecc-8592-47bf-9dc7-64c6ba70117f,2,6.0,tablet,direct,0,0,0,0,1,0,1,0,0,0,0,,1
ad4559e9-8c36-4e69-8982-5661d8dace50,2,14.0,desktop,organic,0,0,0,0,1,0,1,0,0,0,0,,1
ad5ab714-3941-47cc-820d-c2f2731da8a3,6,81.0,mobile,social,1,0,1,0,0,1,1,1,0,1,0,no_friction,0
ad6c3ba5-3422-4b7a-a945-4358c2186ed4,2,8.0,tablet,organic,0,0,0,0,1,0,1,0,0,0,0,,1
ad82b621-8d18-46c8-bb53-c3e3dd1f311c,8,103.0,desktop,email,0,0,0,0,1,0,4,0,0,0,3,poor_recommendations,1
ad8a7916-d05d-44de-8c03-5a6a6f09ce94,6,96.0,mobile,organic,1,0,1,0,0,1,1,1,0,1,0,no_friction,0
ad8ab128-f77f-4aff-b072-7ef3f523ae46,2,24.0,mobile,social,0,0,0,0,1,0,1,0,0,0,0,,1
ad999097-636d-4283-a1e9-ee5bafb659af,2,11.0,desktop,social,0,0,0,0,1,0,1,0,0,0,0,,1
ad9d1935-91a6-4acf-80d1-15f2f962b927,2,10.0,mobile,paid_search,0,0,0,0,1,0,1,0,0,0,0,,1
adb59ec1-56b6-4cbd-80b6-7e269c2e9881,2,22.0,desktop,direct,0,0,0,0,1,0,1,0,0,0,0,,1
adb7ab72-4509-4f9d-a053-4c6f29e02167,6,71.0,desktop,organic,1,0,1,0,0,1,1,1,0,1,0,no_friction,0
adbe136d-0848-455a-b9a7-b554aebc42c8,5,71.0,mobile,organic,1,0,1,0,1,0,1,0,0,1,0,price_shock,1
adca3be7-dcc2-456c-9124-c86ead76b6be,2,22.0,mobile,social,0,0,0,0,1,0,1,0,0,0,0,,1
adcd80fb-4cb4-4dbf-ad75-cacaead56fa9,2,5.0,desktop,organic,0,0,0,0,1,0,1,0,0,0,0,,1
adcf6d24-318d-465e-bb06-761c251b235e,6,116.0,mobile,social,1,0,1,0,0,1,1,1,0,1,0,no_friction,0
add70ceb-69d2-4610-b156-717aa11a806d,2,7.0,desktop,social,0,0,0,0,1,0,1,0,0,0,0,,1
adf9eac3-84a4-4824-b535-49237db9f128,6,135.0,desktop,paid_search,1,0,1,0,0,1,1,1,0,1,0,no_friction,0
ae2d626d-0855-4fcb-8880-cf0a90f736aa,6,120.0,mobile,social,1,0,1,0,0,1,1,1,0,1,0,no_friction,0
ae34dc3a-04c2-4f96-b5c9-c556eca28073,6,100.0,desktop,organic,1,0,1,0,0,1,1,1,0,1,0,no_friction,0
ae4e86be-8167-4319-966e-de7a9508d8bf,6,138.0,mobile,paid_search,1,0,1,0,0,1,1,1,0,1,0,no_friction,0
ae5862db-6150-4051-a1bc-14be0924c598,2,5.0,mobile,paid_search,0,0,0,0,1,0,1,0,0,0,0,,1
ae5d4653-1cdc-4269-b726-5feacd12fbaa,6,120.0,desktop,paid_search,1,0,1,0,0,1,1,1,0,1,0,no_friction,0
ae61ff94-0317-4ba0-9fc6-2c5a9480cd64,2,14.0,mobile,organic,0,0,0,0,1,0,1,0,0,0,0,,1
ae62f85e-ea82-4ffd-bda7-70440c2d7573,6,142.0,desktop,organic,1,0,1,0,0,1,1,1,0,1,0,post_purchase_anxiety,0
ae6472a3-cdcf-4f6d-b86a-55b10039e0d3,2,28.0,desktop,email,0,0,0,0,1,0,1,0,0,0,0,,1
ae7c21c7-92d8-416d-836c-5e5fe1711fa8,6,102.0,desktop,paid_search,1,0,1,0,0,1,1,1,0,1,0,no_friction,0
ae816cb8-9556-4502-b00b-679aa2d5fb04,5,84.0,desktop,social,1,0,1,0,1,0,1,0,0,1,0,price_shock,1
ae850bc6-0616-4d18-91c1-d73d4b7aef87,2,24.0,mobile,paid_search,0,0,0,0,1,0,1,0,0,0,0,,1
ae9092e2-abab-465a-ac8c-7d912599779b,8,109.0,mobile,paid_search,0,0,0,0,1,0,4,0,0,0,3,poor_recommendations,1
ae91b9a7-adad-4795-a964-4aca5e08c2ba,2,27.0,desktop,organic,0,0,0,0,1,0,1,0,0,0,0,,1
ae94690c-a2f2-4e1c-849e-cccaf4509f46,6,117.0,desktop,direct,1,0,1,0,0,1,1,1,0,1,0,no_friction,0
ae9b607b-9015-4d7e-94d3-e341077590f0,6,95.0,mobile,direct,1,0,1,0,0,1,1,1,0,1,0,no_friction,0
aea4b114-93cd-4673-8a96-621892239e23,2,22.0,mobile,social,0,0,0,0,1,0,1,0,0,0,0,,1
aeb4d937-1b45-4e8a-b71a-262490558d9c,2,22.0,tablet,social,0,0,0,0,1,0,1,0,0,0,0,,1
aee72282-0a16-4bb5-b919-2292c551881d,6,120.0,mobile,direct,1,0,1,0,0,1,1,1,0,1,0,post_purchase_anxiety,0
aeef2a46-7809-444e-8c4e-98dd58a2a41b,2,5.0,mobile,social,0,0,0,0,1,0,1,0,0,0,0,,1
aefac788-74d6-406f-9479-7c3093e6d2cf,6,100.0,mobile,direct,1,0,1,0,0,1,1,1,0,1,0,post_purchase_anxiety,0
aefc9037-ead2-485a-80bb-b26a2a0fc6ef,2,20.0,mobile,social,0,0,0,0,1,0,1,0,0,0,0,,1
af007129-29c0-47cc-a85f-29965c0fed4f,2,25.0,mobile,social,0,0,0,0,1,0,1,0,0,0,0,,1
af0b0d1c-7d4f-405c-95c8-7fc74cb85c01,6,132.0,mobile,social,1,0,1,0,0,1,1,1,0,1,0,no_friction,0
af18ce13-0af5-4f7a-a81c-a339d7de30bd,2,17.0,desktop,paid_search,0,0,0,0,1,0,1,0,0,0,0,,1
af1cc880-0f4c-4dd3-95e3-ddd5cd33c068,2,24.0,mobile,direct,0,0,0,0,1,0,1,0,0,0,0,,1
af324f44-c4d9-4dfc-84e0-8daa07c3e4eb,6,112.0,mobile,social,1,0,1,0,0,1,1,1,0,1,0,no_friction,0
af5fb87a-7d93-4d3f-90ca-695d85621fbc,6,110.0,mobile,social,1,1,1,0,1,0,1,0,0,1,0,delivery_uncertainty,1
af7e6479-8068-4b49-935d-b26d756c27de,6,142.0,desktop,organic,1,1,1,0,1,0,1,0,0,1,0,delivery_uncertainty,1
afba35a3-c9bd-4642-8ec2-62be38905e0d,2,22.0,mobile,paid_search,0,0,0,0,1,0,1,0,0,0,0,,1
afe853b9-26e3-4307-a9c7-965d5ed0e39b,10,239.0,desktop,organic,0,0,0,4,1,0,1,0,0,4,0,unclear_product_info,1
afeee870-b82a-453e-9f61-0ceb58d9610b,2,30.0,mobile,social,0,0,0,0,1,0,1,0,0,0,0,,1
b012f5e4-a48d-4d62-9b9d-fb85e92b2586,6,144.0,mobile,email,1,0,1,0,0,1,1,1,0,1,0,no_friction,0
b03d1c49-77fc-40b3-9455-aeaea1f6ec6b,2,25.0,mobile,organic,0,0,0,0,1,0,1,0,0,0,0,,1
b047cb42-7dcf-465f-a0be-a0ff059766cd,5,62.0,mobile,email,1,0,1,0,1,0,1,0,0,1,0,price_shock,1
b04b8a28-9a90-44b5-a0ee-7e3465839c39,10,225.0,mobile,social,0,0,0,4,1,0,1,0,0,4,0,unclear_product_info,1
b0563923-6182-4fac-9b69-b44c45851ce2,5,106.0,mobile,organic,1,0,1,0,1,0,1,0,0,1,0,price_shock,1
b05b2fcb-1f32-42e2-bea0-13b92477c7f1,2,12.0,mobile,social,0,0,0,0,1,0,1,0,0,0,0,,1
b05deeca-cc99-4cd7-8805-7cccf074b708,2,18.0,mobile,organic,0,0,0,0,1,0,1,0,0,0,0,,1
b0700cc4-a4ae-42cd-828e-0a39ecd4302c,7,146.0,mobile,organic,1,0,1,0,1,0,1,1,1,1,0,payment_failure,1
b0777f9d-603e-47a0-9b67-a64e8d28b925,6,95.0,desktop,social,1,0,1,0,0,1,1,1,0,1,0,no_friction,0
b0a2021d-dc0b-4b3f-89fc-484c3e12573b,2,12.0,mobile,organic,0,0,0,0,1,0,1,0,0,0,0,,1
b0bc2ec3-49c1-4c16-b93c-353570c8426f,6,89.0,mobile,social,1,0,1,0,0,1,1,1,0,1,0,no_friction,0
b0bde81f-9c4c-46e1-9bc7-7833fdb2ac66,2,28.0,mobile,organic,0,0,0,0,1,0,1,0,0,0,0,,1
b0cac059-41e5-4c83-b531-fae1721c194d,2,24.0,desktop,organic,0,0,0,0,1,0,1,0,0,0,0,,1
b0d0ed05-48fd-42f5-9ebe-a75560e27519,2,21.0,desktop,social,0,0,0,0,1,0,1,0,0,0,0,,1
b0de8ecb-d212-4ecf-a4ea-5f755ce9eb7b,2,23.0,desktop,organic,0,0,0,0,1,0,1,0,0,0,0,,1
b0ea7476-7919-4f17-b09c-b333dd4e83c3,2,19.0,mobile,social,0,0,0,0,1,0,1,0,0,0,0,,1
b0f523e7-27b4-4f76-a918-af94202c6f66,2,11.0,mobile,organic,0,0,0,0,1,0,1,0,0,0,0,,1
b1008f63-2eea-477f-aa93-dcaa53e3e297,10,195.0,mobile,social,0,0,0,4,1,0,1,0,0,4,0,unclear_product_info,1
b106fbab-35e1-479a-b220-146bd884d6a5,2,14.0,desktop,direct,0,0,0,0,1,0,1,0,0,0,0,,1
b10d55fe-503b-4e2c-bd89-136150b8e86a,7,134.0,desktop,organic,1,0,1,0,1,0,1,1,1,1,0,payment_failure,1
b1206fa6-7d9c-491e-b75e-cd9f10971c03,6,86.0,mobile,organic,1,0,1,0,0,1,1,1,0,1,0,post_purchase_anxiety,0
b13b16dc-53fb-45bb-9201-a529908cf610,2,19.0,mobile,organic,0,0,0,0,1,0,1,0,0,0,0,,1
b1531219-6b80-4e0c-8966-85cacb1ff37d,7,102.0,mobile,direct,1,0,1,0,1,0,1,1,1,1,0,payment_failure,1
b15d8aa8-4ed0-40f1-b300-2ae87f9114bb,2,21.0,mobile,organic,0,0,0,0,1,0,1,0,0,0,0,,1
b15db496-82ce-414d-a4e5-4c08e0f3ae4c,10,230.0,tablet,email,0,0,0,4,1,0,1,0,0,4,0,unclear_product_info,1
b1630cb6-3d77-42eb-ae5c-8614c60c1389,2,12.0,desktop,organic,0,0,0,0,1,0,1,0,0,0,0,,1
b1673550-f37b-483a-bcd6-7caf433c14f0,2,17.0,desktop,paid_search,0,0,0,0,1,0,1,0,0,0,0,,1
b1697064-ac4c-4db2-a16b-34435073d789,2,9.0,mobile,organic,0,0,0,0,1,0,1,0,0,0,0,,1
b1745e53-68d4-4a67-89d0-f167957da721,2,17.0,mobile,paid_search,0,0,0,0,1,0,1,0,0,0,0,,1
b18dd666-3b41-403d-8897-c2a740dadc71,6,116.0,desktop,organic,1,0,1,0,0,1,1,1,0,1,0,no_friction,0
b19e3b24-d845-4985-b566-2081822c20ed,8,105.0,desktop,organic,0,0,0,0,1,0,4,0,0,0,3,poor_recommendations,1
b1b7ee56-e2df-476b-824f-7d39b42f4829,2,5.0,desktop,organic,0,0,0,0,1,0,1,0,0,0,0,,1
b1d7cfd5-651a-4a4d-ac8f-3a75abb9b4df,2,9.0,desktop,organic,0,0,0,0,1,0,1,0,0,0,0,,1
b1e810eb-c3e5-40db-9e8c-9a3ee555ff17,2,27.0,desktop,social,0,0,0,0,1,0,1,0,0,0,0,,1
b1eb68cb-1b24-467c-bd8f-265cc97c6ce0,2,17.0,mobile,direct,0,0,0,0,1,0,1,0,0,0,0,,1
b1f5aaca-d1de-4f55-b0fb-7ea789b757ad,2,23.0,mobile,direct,0,0,0,0,1,0,1,0,0,0,0,,1
b2027120-6cd2-4166-8f4d-816e767a4108,6,111.0,mobile,organic,1,0,1,0,0,1,1,1,0,1,0,post_purchase_anxiety,0
b2067be0-0b17-4b7e-9c94-de2e0013c923,2,25.0,mobile,organic,0,0,0,0,1,0,1,0,0,0,0,,1
b215ff5b-8df8-4df9-9564-58fb3b84e794,8,126.0,mobile,organic,0,0,0,0,1,0,4,0,0,0,3,poor_recommendations,1
b220972a-2f5a-4828-afda-864cc80e35b6,2,28.0,mobile,social,0,0,0,0,1,0,1,0,0,0,0,,1
b2213981-f526-482c-ac89-b4f664d3a7d3,10,259.0,mobile,social,0,0,0,4,1,0,1,0,0,4,0,unclear_product_info,1
b2435db1-6741-4e38-bcc3-ff597ea170ec,6,79.0,mobile,organic,1,0,1,0,0,1,1,1,0,1,0,no_friction,0
b257acf2-81aa-4095-8a86-d2192cf6a7ac,2,16.0,mobile,organic,0,0,0,0,1,0,1,0,0,0,0,,1
b2710bfa-64ba-4abf-abbc-36d58667baf1,2,15.0,desktop,email,0,0,0,0,1,0,1,0,0,0,0,,1
b272df75-5320-43c3-b32c-6ade4ca3b196,6,118.0,mobile,social,1,0,1,0,0,1,1,1,0,1,0,no_friction,0
b28a8a1d-37a8-4a56-b1f7-47d1be381dd9,7,116.0,mobile,paid_search,1,0,1,0,1,0,1,1,1,1,0,payment_failure,1
b28c2b79-c5a8-425d-a814-59ca2dfd771f,2,30.0,desktop,organic,0,0,0,0,1,0,1,0,0,0,0,,1
b28ea81b-d7f4-4525-9e0c-eb8cb409f5a7,2,16.0,mobile,social,0,0,0,0,1,0,1,0,0,0,0,,1
b29943cd-7a77-4bf4-9eb6-e4a5f95aed6c,6,116.0,desktop,social,1,0,1,0,0,1,1,1,0,1,0,no_friction,0
b2998a91-f994-4f7f-9249-8d33d16a6adf,8,97.0,mobile,direct,0,0,0,0,1,0,4,0,0,0,3,poor_recommendations,1
b2a80a11-3222-4da9-addf-30993697b3d7,2,12.0,desktop,email,0,0,0,0,1,0,1,0,0,0,0,,1
b2b50bf5-5eda-41b7-8eea-b66c38394a72,2,22.0,mobile,organic,0,0,0,0,1,0,1,0,0,0,0,,1
b2b6be01-bf86-40a2-b40c-a6a46ebfc1ba,6,103.0,tablet,social,1,0,1,0,0,1,1,1,0,1,0,post_purchase_anxiety,0
b2b877b3-a53a-4107-9709-0cdb2c5b8ea8,2,5.0,desktop,social,0,0,0,0,1,0,1,0,0,0,0,,1
b2c35c93-776c-4bb4-95d0-7abcb9e7464b,2,22.0,mobile,social,0,0,0,0,1,0,1,0,0,0,0,,1
b2db8e50-6a1f-4e1b-9390-a82f18f96237,5,94.0,desktop,paid_search,1,0,1,0,1,0,1,0,0,1,0,price_shock,1
b2e7f98c-09ec-4131-9cec-e915834e774f,6,136.0,desktop,social,1,0,1,0,0,1,1,1,0,1,0,post_purchase_anxiety,0
b2e8c1bf-dab7-476d-a46b-12b22c08deb1,6,105.0,desktop,social,1,0,1,0,0,1,1,1,0,1,0,no_friction,0
b3140967-b4a9-4619-97a5-20ce3c2a7cc6,6,100.0,desktop,paid_search,1,1,1,0,1,0,1,0,0,1,0,delivery_uncertainty,1
b3259400-9e32-4cfe-9280-b795ed4fdf94,2,5.0,mobile,email,0,0,0,0,1,0,1,0,0,0,0,,1
b33d8021-c7c4-4681-a2cc-2929e5ca7527,2,17.0,desktop,email,0,0,0,0,1,0,1,0,0,0,0,,1
b346b3c1-4f33-487d-a38b-38b3ca31de11,2,7.0,mobile,organic,0,0,0,0,1,0,1,0,0,0,0,,1
b348eef7-e334-428e-8758-db7f0cb46ff8,6,110.0,desktop,paid_search,1,0,1,0,0,1,1,1,0,1,0,no_friction,0
b361f49a-c1fa-4c89-9aa1-1c6d87bf425b,8,85.0,desktop,social,0,0,0,0,1,0,4,0,0,0,3,poor_recommendations,1
b3625767-5cae-46f7-b324-2beca5cba2f0,2,16.0,desktop,organic,0,0,0,0,1,0,1,0,0,0,0,,1
b36891fc-8b5c-4dde-b715-a88cc328004a,2,21.0,mobile,organic,0,0,0,0,1,0,1,0,0,0,0,,1
b36efabc-acf9-4320-afa3-0c33051acb48,6,96.0,mobile,organic,1,0,1,0,0,1,1,1,0,1,0,no_friction,0
b3742ce5-917a-4fc2-bd40-0ff508ee7d4b,2,21.0,mobile,paid_search,0,0,0,0,1,0,1,0,0,0,0,,1
b3742ec8-3020-4015-8917-dc457a072355,10,231.0,mobile,organic,0,0,0,4,1,0,1,0,0,4,0,unclear_product_info,1
b390d9c9-4c58-4f96-8a49-372b236dfbc2,6,134.0,mobile,paid_search,1,0,1,0,0,1,1,1,0,1,0,no_friction,0
b392d221-97da-4421-982f-f1e4773cb41c,8,88.0,mobile,organic,0,0,0,0,1,0,4,0,0,0,3,poor_recommendations,1
b3986206-50bf-4606-92a2-090a348b4340,10,200.0,desktop,direct,0,0,0,4,1,0,1,0,0,4,0,unclear_product_info,1
b3a2dcaf-75d3-443d-93f3-fdd0e435b7d6,7,122.0,mobile,paid_search,1,0,1,0,1,0,1,1,1,1,0,payment_failure,1
b3ace075-baca-43f5-97c3-58a96be699f4,7,142.0,mobile,paid_search,1,0,1,0,1,0,1,1,1,1,0,payment_failure,1
b3c89c87-e976-459e-bc76-6acb21f8c8db,6,104.0,mobile,social,1,1,1,0,1,0,1,0,0,1,0,delivery_uncertainty,1
b3ca373c-4e33-4fb8-bce6-bca67d90f277,6,130.0,mobile,direct,1,0,1,0,0,1,1,1,0,1,0,no_friction,0
b3cb16f7-34a0-43c2-b370-de3a30a57e95,10,224.0,mobile,paid_search,0,0,0,4,1,0,1,0,0,4,0,unclear_product_info,1
b3cdc8b4-2461-4f5d-a016-dddcb9fd7f8e,10,203.0,mobile,social,0,0,0,4,1,0,1,0,0,4,0,unclear_product_info,1
b40a9cc6-5393-4985-b9d1-23dd8a6d2263,2,17.0,mobile,direct,0,0,0,0,1,0,1,0,0,0,0,,1
b41ac1b6-4679-419a-b9e0-a4daaed57d5a,7,171.0,desktop,direct,1,0,1,0,1,0,1,1,1,1,0,payment_failure,1
b441d660-1e1f-4a99-91e8-61d3428c4d58,10,187.0,mobile,organic,0,0,0,4,1,0,1,0,0,4,0,unclear_product_info,1
b447982c-0fde-4593-a107-f5a27d2d3ad0,2,24.0,mobile,organic,0,0,0,0,1,0,1,0,0,0,0,,1
b44b4c0e-c735-499e-84be-17386e46a50c,2,23.0,mobile,social,0,0,0,0,1,0,1,0,0,0,0,,1
b45066be-27b3-47b0-9f28-d6c5568e4905,6,134.0,mobile,paid_search,1,0,1,0,0,1,1,1,0,1,0,no_friction,0
b47447ed-0763-4959-b361-8a992d2ef126,2,9.0,tablet,social,0,0,0,0,1,0,1,0,0,0,0,,1
b47b5ccd-0d08-4fac-96ac-086398a975bc,2,23.0,tablet,organic,0,0,0,0,1,0,1,0,0,0,0,,1
b48c940e-0bef-49c1-8136-f87f000a5a6c,6,123.0,mobile,organic,1,0,1,0,0,1,1,1,0,1,0,no_friction,0
b48f71eb-9dca-4050-944d-e44f2090f4a9,2,13.0,desktop,social,0,0,0,0,1,0,1,0,0,0,0,,1
b497a297-54a0-4659-bc9b-ac035e3c3c78,6,116.0,mobile,organic,1,0,1,0,0,1,1,1,0,1,0,no_friction,0
b4a11676-43e9-4e5c-bb02-d7ee0bddd719,2,16.0,mobile,organic,0,0,0,0,1,0,1,0,0,0,0,,1
b4aaf8c8-e3e1-42fb-8306-91f9968e0fd2,6,81.0,desktop,organic,1,0,1,0,0,1,1,1,0,1,0,no_friction,0
b4b39ef6-f822-4573-8042-b8f74f113f01,5,84.0,mobile,email,1,0,1,0,1,0,1,0,0,1,0,price_shock,1
b4c31fc5-d810-41a2-83a2-8d38f3456a8f,2,10.0,desktop,paid_search,0,0,0,0,1,0,1,0,0,0,0,,1
b4c6047f-ea99-47e0-966e-a5f2ec009602,2,12.0,desktop,organic,0,0,0,0,1,0,1,0,0,0,0,,1
b4d64b78-9555-42f4-83a8-03d5e6253bbc,2,13.0,mobile,direct,0,0,0,0,1,0,1,0,0,0,0,,1
b4d9ce06-76f8-405b-97a3-3add3705c5b3,2,6.0,mobile,organic,0,0,0,0,1,0,1,0,0,0,0,,1
b4df67de-4a49-4024-a2e1-2177ce55eec1,2,26.0,tablet,paid_search,0,0,0,0,1,0,1,0,0,0,0,,1
b4f6e21a-d6be-4e39-a754-014954d434ac,2,12.0,mobile,direct,0,0,0,0,1,0,1,0,0,0,0,,1
b4feb5ca-431d-41ad-a858-380eac6851e5,2,30.0,desktop,email,0,0,0,0,1,0,1,0,0,0,0,,1
b519375d-ef10-41b1-941a-5c0b75d6ceb8,2,28.0,mobile,social,0,0,0,0,1,0,1,0,0,0,0,,1
b526d124-91cf-43de-a32f-437615fccaf5,6,99.0,desktop,email,1,0,1,0,0,1,1,1,0,1,0,no_friction,0
b52c6294-ca40-400d-a62b-00bfb782d775,6,137.0,mobile,paid_search,1,0,1,0,0,1,1,1,0,1,0,post_purchase_anxiety,0
b541225f-dfc1-45ce-97e8-69a01bae432b,2,7.0,mobile,direct,0,0,0,0,1,0,1,0,0,0,0,,1
b5425666-2e20-498f-86a1-bfef3aeb2dcd,2,13.0,mobile,email,0,0,0,0,1,0,1,0,0,0,0,,1
b54b3c37-4a83-45af-b70c-95dd417c1cde,10,271.0,desktop,social,0,0,0,4,1,0,1,0,0,4,0,unclear_product_info,1
b54de8fd-cd28-448e-8979-41a9652c4b64,8,105.0,mobile,organic,0,0,0,0,1,0,4,0,0,0,3,poor_recommendations,1
b552006a-6da4-4b5c-9a81-844f74909f4b,6,128.0,desktop,direct,1,0,1,0,0,1,1,1,0,1,0,no_friction,0
b5572dc2-6225-4733-9153-e0179df2ec33,5,78.0,mobile,paid_search,1,0,1,0,1,0,1,0,0,1,0,price_shock,1
b561532c-1e57-4fa8-8166-cb39f7bfd586,2,23.0,desktop,organic,0,0,0,0,1,0,1,0,0,0,0,,1
b5704c08-e410-499f-8690-03b0e22622a4,6,132.0,tablet,email,1,0,1,0,0,1,1,1,0,1,0,post_purchase_anxiety,0
b5952658-dd6b-4637-9bf1-c53377cbde14,8,84.0,mobile,social,0,0,0,0,1,0,4,0,0,0,3,poor_recommendations,1
b5975d84-93c2-431e-a07f-1ab8644ecaea,10,220.0,desktop,paid_search,0,0,0,4,1,0,1,0,0,4,0,unclear_product_info,1
b5a16490-6fc9-4628-8d9a-d098d4816db2,2,24.0,desktop,organic,0,0,0,0,1,0,1,0,0,0,0,,1
b5ac75d7-722d-4c65-8caf-09a5f20bc02a,2,27.0,desktop,paid_search,0,0,0,0,1,0,1,0,0,0,0,,1
b5adedf7-f61a-4a4d-bfcc-620404ca3e7c,2,25.0,desktop,email,0,0,0,0,1,0,1,0,0,0,0,,1
b5ae2b34-3f9b-4ae0-8436-6896dcef1a92,2,11.0,mobile,direct,0,0,0,0,1,0,1,0,0,0,0,,1
b5b48be8-c1cb-4a15-bf75-7aa11c34e8a2,8,102.0,mobile,organic,0,0,0,0,1,0,4,0,0,0,3,poor_recommendations,1
b5c461d3-8828-4194-9ed2-73875fe171de,2,24.0,tablet,organic,0,0,0,0,1,0,1,0,0,0,0,,1
b5d92815-0c9f-4f75-9c62-37a03d57159d,6,97.0,tablet,organic,1,0,1,0,0,1,1,1,0,1,0,no_friction,0
b5dd15f7-5b97-4170-a167-cc656e1796d2,2,23.0,mobile,direct,0,0,0,0,1,0,1,0,0,0,0,,1
b5e0b5ef-22ce-462f-ae81-1a785cd88fc3,5,76.0,tablet,social,1,0,1,0,1,0,1,0,0,1,0,price_shock,1
b5fbba31-a4e1-4f41-b27c-ea4dab6010cd,6,69.0,mobile,email,1,0,1,0,0,1,1,1,0,1,0,no_friction,0
b6005ed2-3712-4de9-8f2a-3036ec71a628,2,21.0,mobile,paid_search,0,0,0,0,1,0,1,0,0,0,0,,1
b6047524-e35d-419b-b455-a2522fd8d75d,2,15.0,desktop,direct,0,0,0,0,1,0,1,0,0,0,0,,1
b60d6e56-fca0-4e00-baa0-10b308c110a1,6,108.0,mobile,organic,1,0,1,0,0,1,1,1,0,1,0,no_friction,0
b619ea07-c1b7-46e4-ad47-b1ee85c74043,6,132.0,mobile,paid_search,1,0,1,0,0,1,1,1,0,1,0,no_friction,0
b625c373-0124-45c9-a22e-306528f798fb,6,107.0,mobile,organic,1,0,1,0,0,1,1,1,0,1,0,post_purchase_anxiety,0
b628b0ad-545b-47b6-ba3c-623da00d2a7c,2,30.0,mobile,organic,0,0,0,0,1,0,1,0,0,0,0,,1
b645f992-a9d7-434c-875e-f08a40f2391b,2,27.0,desktop,paid_search,0,0,0,0,1,0,1,0,0,0,0,,1
b667c87a-05ff-4e7a-a71b-592cb947d80c,6,109.0,mobile,social,1,0,1,0,0,1,1,1,0,1,0,no_friction,0
b67a6977-9fad-42eb-bb37-7a9c194cec3c,2,27.0,mobile,paid_search,0,0,0,0,1,0,1,0,0,0,0,,1
b67e2398-552a-46b9-97fc-d3f8b70f959b,2,11.0,mobile,organic,0,0,0,0,1,0,1,0,0,0,0,,1
b6882914-218b-4637-b83f-b8f1261d31d0,2,17.0,mobile,social,0,0,0,0,1,0,1,0,0,0,0,,1
b68910a2-f824-4473-8d5c-110d2a27f472,8,109.0,mobile,organic,0,0,0,0,1,0,4,0,0,0,3,poor_recommendations,1
b68a9867-a4f4-4618-b590-f8667affc53c,6,104.0,mobile,email,1,0,1,0,0,1,1,1,0,1,0,no_friction,0
b68e228a-25d1-44a4-89d9-22075242a4c3,6,117.0,desktop,paid_search,1,0,1,0,0,1,1,1,0,1,0,no_friction,0
b690bcf8-8f51-4a9b-9f99-c4fa85b4256f,5,64.0,desktop,paid_search,1,0,1,0,1,0,1,0,0,1,0,price_shock,1
b6970e8e-16e3-4f91-bfc6-0b1126c0b8a4,2,6.0,mobile,organic,0,0,0,0,1,0,1,0,0,0,0,,1
b69dbfbd-2696-4371-9b4d-0ec8d6b6630b,6,75.0,desktop,paid_search,1,0,1,0,0,1,1,1,0,1,0,no_friction,0
b6c18208-2f44-469a-8767-c82e74f2ef7f,6,105.0,desktop,paid_search,1,0,1,0,0,1,1,1,0,1,0,no_friction,0
b6c6668c-f111-4770-b42b-62cfaad007d5,6,125.0,tablet,social,1,0,1,0,0,1,1,1,0,1,0,no_friction,0
b6cbd00d-b5e7-4266-aea4-25dabb292574,7,114.0,mobile,paid_search,1,0,1,0,1,0,1,1,1,1,0,payment_failure,1
b6d60952-a768-4b1a-9356-d4a88155830d,2,28.0,mobile,organic,0,0,0,0,1,0,1,0,0,0,0,,1
b6f50466-4e8c-4ef0-a880-17b885d506cb,2,29.0,mobile,social,0,0,0,0,1,0,1,0,0,0,0,,1
b71f4992-bb24-40c6-aafa-fd2255bfc7d6,2,19.0,mobile,paid_search,0,0,0,0,1,0,1,0,0,0,0,,1
b7451395-e516-4ded-923f-3a952e2a7b09,6,116.0,tablet,social,1,0,1,0,0,1,1,1,0,1,0,no_friction,0
b74c6692-9762-4f9a-9f78-5d4165f51448,2,7.0,desktop,social,0,0,0,0,1,0,1,0,0,0,0,,1
b74e03a6-636e-43f1-a138-15efa31a0c0d,2,19.0,desktop,paid_search,0,0,0,0,1,0,1,0,0,0,0,,1
b750fbe9-6d5c-4616-aa52-491d9ebb8ac9,2,9.0,mobile,social,0,0,0,0,1,0,1,0,0,0,0,,1
b7541646-d959-4925-bb22-a918710e3fc1,2,8.0,mobile,organic,0,0,0,0,1,0,1,0,0,0,0,,1
b75a3c6f-017c-4cda-97b3-60c016e6904a,2,29.0,desktop,organic,0,0,0,0,1,0,1,0,0,0,0,,1
b75cbc7e-81b3-4b92-95a0-6c8d3f173c23,2,27.0,mobile,paid_search,0,0,0,0,1,0,1,0,0,0,0,,1
b7814280-85ae-4e21-a509-6f6a50245583,2,21.0,mobile,organic,0,0,0,0,1,0,1,0,0,0,0,,1
b7893aab-3229-409a-a1f0-932ccb79f98b,2,30.0,mobile,social,0,0,0,0,1,0,1,0,0,0,0,,1
b7905d71-e63a-4ed9-895b-1756e3831fc0,2,15.0,desktop,paid_search,0,0,0,0,1,0,1,0,0,0,0,,1
b79e266d-9791-4465-b928-29ba87efae34,5,52.0,mobile,organic,1,0,1,0,1,0,1,0,0,1,0,price_shock,1
b79fe6dd-3643-45ff-9bf4-091c45c67034,6,115.0,mobile,paid_search,1,1,1,0,1,0,1,0,0,1,0,delivery_uncertainty,1
b7b6ca19-edbd-44b0-8d3b-8b2ad517d874,2,23.0,mobile,organic,0,0,0,0,1,0,1,0,0,0,0,,1
b7c45e74-a30b-42f2-aae8-ef1770f1b7d2,8,118.0,mobile,organic,0,0,0,0,1,0,4,0,0,0,3,poor_recommendations,1
b7e13132-fcbe-47ae-a3b6-368d7678f32e,2,14.0,desktop,organic,0,0,0,0,1,0,1,0,0,0,0,,1
b7e4379e-c7c4-496f-b283-6f785da1ad05,10,145.0,mobile,organic,0,0,0,4,1,0,1,0,0,4,0,unclear_product_info,1
b7fa9036-edda-4138-8a79-91587436564f,6,121.0,desktop,paid_search,1,0,1,0,0,1,1,1,0,1,0,no_friction,0
b7fdce59-2dd3-4d3a-be4d-64b7d7e24a41,2,9.0,mobile,organic,0,0,0,0,1,0,1,0,0,0,0,,1
b82c792a-89c7-402f-bec1-124fbe130e21,8,100.0,desktop,social,0,0,0,0,1,0,4,0,0,0,3,poor_recommendations,1
b82e05bc-fab2-4fde-abb7-a0212e610b3b,6,93.0,mobile,organic,1,0,1,0,0,1,1,1,0,1,0,no_friction,0
b82e1632-fe9f-4a13-b056-7206f327ea6d,2,10.0,mobile,paid_search,0,0,0,0,1,0,1,0,0,0,0,,1
b8332ed3-b2f7-4024-ad6e-5abda75eba94,2,5.0,mobile,email,0,0,0,0,1,0,1,0,0,0,0,,1
b83d037d-eee0-4b4a-9b02-0a1db7f708ed,2,18.0,mobile,organic,0,0,0,0,1,0,1,0,0,0,0,,1
b83f226d-90dd-40be-a14b-73a607724241,6,83.0,mobile,direct,1,0,1,0,0,1,1,1,0,1,0,no_friction,0
b856e24b-e329-4eee-b6c3-42481527d020,2,11.0,mobile,organic,0,0,0,0,1,0,1,0,0,0,0,,1
b85b0626-9422-48c3-a168-56c23e17c6f4,2,17.0,desktop,direct,0,0,0,0,1,0,1,0,0,0,0,,1
b867ee2a-b02b-4ff8-8ee0-b51f49566155,7,127.0,mobile,direct,1,0,1,0,1,0,1,1,1,1,0,payment_failure,1
b88ae3ab-7863-4d1e-88d3-ac6429e76efc,2,6.0,mobile,social,0,0,0,0,1,0,1,0,0,0,0,,1
b88b9bdb-8721-4d5d-bce1-e560b4b45071,6,128.0,desktop,paid_search,1,0,1,0,0,1,1,1,0,1,0,no_friction,0
b897b913-aaba-4839-a6be-79402ca154c8,2,11.0,mobile,paid_search,0,0,0,0,1,0,1,0,0,0,0,,1
b8a3d1a9-77af-411a-9f8b-9055e4cb58c2,2,27.0,desktop,organic,0,0,0,0,1,0,1,0,0,0,0,,1
b8ab107d-72e6-456b-8234-35f0bb433b15,6,100.0,mobile,organic,1,0,1,0,0,1,1,1,0,1,0,no_friction,0
b8ab1f2e-4531-4a91-a3b3-28e96b1dd54a,2,7.0,mobile,organic,0,0,0,0,1,0,1,0,0,0,0,,1
b8ad475b-3cbc-4013-b013-96ac85182046,2,17.0,mobile,direct,0,0,0,0,1,0,1,0,0,0,0,,1
b8d48db4-a375-4203-bc97-45f82785975a,2,28.0,mobile,organic,0,0,0,0,1,0,1,0,0,0,0,,1
b8e70a28-f30d-4b0d-94c1-093a20f0cff8,8,94.0,tablet,organic,0,0,0,0,1,0,4,0,0,0,3,poor_recommendations,1
b8ef8616-a399-4e34-ac9c-8f5819ea7d1f,2,22.0,mobile,organic,0,0,0,0,1,0,1,0,0,0,0,,1
b91311c5-7e2c-44dc-aac3-682bf3a07cb3,2,19.0,desktop,paid_search,0,0,0,0,1,0,1,0,0,0,0,,1
b91fbf8b-819b-4f32-8a32-4ff8b821c425,5,108.0,mobile,social,1,0,1,0,1,0,1,0,0,1,0,price_shock,1
b92352fc-914a-4f1c-bbd1-203725d68af1,2,19.0,desktop,paid_search,0,0,0,0,1,0,1,0,0,0,0,,1
b93e4aed-67ae-48c2-b027-d0c9e36a9c02,6,128.0,desktop,organic,1,0,1,0,0,1,1,1,0,1,0,post_purchase_anxiety,0
b93f9807-f7c0-4e09-9772-ce7fae68d822,2,13.0,mobile,social,0,0,0,0,1,0,1,0,0,0,0,,1
b9493bdf-226b-48e5-af01-8602eab295ae,2,12.0,mobile,social,0,0,0,0,1,0,1,0,0,0,0,,1
b94f7a47-10ef-407a-a4a7-b42019b1ded4,2,20.0,mobile,email,0,0,0,0,1,0,1,0,0,0,0,,1
b970bc0d-d158-43c5-b81b-4189aa29cf0d,6,91.0,tablet,paid_search,1,0,1,0,0,1,1,1,0,1,0,no_friction,0
b9923e35-770a-44c2-9fb5-6b21c15c7412,6,117.0,mobile,social,1,0,1,0,0,1,1,1,0,1,0,no_friction,0
b99dba3e-109a-4cc8-a162-37d493746542,6,87.0,desktop,social,1,0,1,0,0,1,1,1,0,1,0,no_friction,0
b9a0ec4e-08f0-47c1-b64a-5ce2fe40dc89,2,23.0,desktop,social,0,0,0,0,1,0,1,0,0,0,0,,1
b9a4f09f-9d11-4427-b2fc-44cbb6d9da87,6,109.0,desktop,social,1,1,1,0,1,0,1,0,0,1,0,delivery_uncertainty,1
b9a5fcfc-15e9-4aed-bb8e-185b958eb4b7,6,122.0,mobile,paid_search,1,0,1,0,0,1,1,1,0,1,0,no_friction,0
b9b2656d-9a26-4bc5-ac57-431311bf88ab,10,219.0,mobile,paid_search,0,0,0,4,1,0,1,0,0,4,0,unclear_product_info,1
ba18e74a-6e2e-418d-b81c-799633e669d2,6,104.0,mobile,social,1,0,1,0,0,1,1,1,0,1,0,no_friction,0
ba2032e2-4168-4433-bd36-64624168cf31,7,131.0,mobile,organic,1,0,1,0,1,0,1,1,1,1,0,payment_failure,1
ba255ff8-cb24-481c-9fe9-ce04940ef4aa,2,7.0,tablet,social,0,0,0,0,1,0,1,0,0,0,0,,1
ba2973c5-b0b3-4e25-89e0-0af998817c7e,2,6.0,mobile,organic,0,0,0,0,1,0,1,0,0,0,0,,1
ba5ccd14-b2a6-4842-915f-86148b46c71d,6,108.0,tablet,paid_search,1,1,1,0,1,0,1,0,0,1,0,delivery_uncertainty,1
bab29870-dae4-4121-995f-66fdd7af75c7,2,27.0,mobile,organic,0,0,0,0,1,0,1,0,0,0,0,,1
bab7200d-1f59-4aa5-9e67-9b53d7af72cf,2,25.0,desktop,paid_search,0,0,0,0,1,0,1,0,0,0,0,,1
babde498-79f9-4149-89aa-6cfd92e8ff62,8,102.0,mobile,organic,0,0,0,0,1,0,4,0,0,0,3,poor_recommendations,1
babfc6a6-a242-4ca4-9a48-d84bf33b5682,6,127.0,mobile,paid_search,1,0,1,0,0,1,1,1,0,1,0,no_friction,0
bacdc805-dedf-48b1-8ce5-14892f318f27,6,86.0,desktop,paid_search,1,0,1,0,0,1,1,1,0,1,0,post_purchase_anxiety,0
bacde614-af8f-4664-8d64-f3bf68ac23f3,6,124.0,desktop,social,1,0,1,0,0,1,1,1,0,1,0,no_friction,0
bacf7c69-f6c9-447d-b916-775d539fd1ea,6,107.0,tablet,organic,1,0,1,0,0,1,1,1,0,1,0,no_friction,0
bade2b7a-d9e8-47f0-8ffc-2df778ff4788,6,122.0,mobile,organic,1,0,1,0,0,1,1,1,0,1,0,no_friction,0
bae566fb-a92f-4b60-96d0-f958b7310190,6,104.0,mobile,social,1,1,1,0,1,0,1,0,0,1,0,delivery_uncertainty,1
bb17fce1-215c-4daf-9ad6-41c47dc00c22,10,173.0,mobile,paid_search,0,0,0,4,1,0,1,0,0,4,0,unclear_product_info,1
bb2157cf-dbfa-4072-95bf-b6f2d08cfe4c,7,137.0,mobile,email,1,0,1,0,1,0,1,1,1,1,0,payment_failure,1
bb215ef9-be6d-4ebf-9863-52e63431e649,6,103.0,desktop,organic,1,1,1,0,1,0,1,0,0,1,0,delivery_uncertainty,1
bb27265c-8278-4ec4-bda7-161cceb6be4f,5,79.0,mobile,paid_search,1,0,1,0,1,0,1,0,0,1,0,price_shock,1
bb2d3433-9ef4-4fff-9192-746f75411a62,6,123.0,desktop,paid_search,1,0,1,0,0,1,1,1,0,1,0,no_friction,0
bb2ec752-42b1-4326-b338-2027845d77d2,2,30.0,mobile,organic,0,0,0,0,1,0,1,0,0,0,0,,1
bb3857a6-20b9-4250-92fa-2f664f21383d,6,88.0,mobile,social,1,0,1,0,0,1,1,1,0,1,0,no_friction,0
bb404bb1-8710-4fc5-bd1f-e4630e1c1dda,6,125.0,mobile,organic,1,0,1,0,0,1,1,1,0,1,0,no_friction,0
bb43e644-6729-4834-8fc4-1856539cb3ea,6,98.0,desktop,organic,1,0,1,0,0,1,1,1,0,1,0,no_friction,0
bb4d2243-41be-4af7-a6d6-0f5ab5970125,2,6.0,tablet,paid_search,0,0,0,0,1,0,1,0,0,0,0,,1
bb56df4e-e864-4d77-98f9-6217e042e1bd,2,26.0,mobile,organic,0,0,0,0,1,0,1,0,0,0,0,,1
bb5dd20d-1c9d-4930-987e-ae43d7fb95a6,6,113.0,desktop,social,1,0,1,0,0,1,1,1,0,1,0,no_friction,0
bb733b36-1bc9-4aba-982f-b9a4a1bc18e6,7,127.0,mobile,organic,1,0,1,0,1,0,1,1,1,1,0,payment_failure,1
bb953fc6-8ce5-438a-9bd1-7b708050f480,2,8.0,desktop,organic,0,0,0,0,1,0,1,0,0,0,0,,1
bba5a8e9-d456-48ef-8ef4-89abf9f586ec,2,8.0,desktop,social,0,0,0,0,1,0,1,0,0,0,0,,1
bba6ca34-4e6b-4474-84ad-b20f355022df,2,10.0,mobile,email,0,0,0,0,1,0,1,0,0,0,0,,1
bbad546a-9e16-4e69-9647-51ec7c1dcf1f,2,7.0,mobile,email,0,0,0,0,1,0,1,0,0,0,0,,1
bbb938df-7567-457f-9907-38012d68deec,2,6.0,mobile,organic,0,0,0,0,1,0,1,0,0,0,0,,1
bbbf46a8-08ac-42cd-9eef-6dcfe82b71d1,8,120.0,desktop,organic,0,0,0,0,1,0,4,0,0,0,3,poor_recommendations,1
bbe23b06-88c6-4222-accb-e2c77b0fd53e,6,136.0,mobile,social,1,0,1,0,0,1,1,1,0,1,0,no_friction,0
bc0d8b05-12da-45ac-b7cd-0eda7f4f8e1d,2,27.0,mobile,paid_search,0,0,0,0,1,0,1,0,0,0,0,,1
bc181978-6334-4234-94c1-1497f7558b95,6,94.0,mobile,organic,1,0,1,0,0,1,1,1,0,1,0,no_friction,0
bc18e627-29ec-47f0-98b9-2df8945c91fe,6,132.0,tablet,paid_search,1,1,1,0,1,0,1,0,0,1,0,delivery_uncertainty,1
bc1a8ec6-04e5-4e57-b8cb-c2a7a121b64b,2,25.0,desktop,organic,0,0,0,0,1,0,1,0,0,0,0,,1
bc27e464-988d-4a84-9fb2-64e06578a94b,2,26.0,mobile,organic,0,0,0,0,1,0,1,0,0,0,0,,1
bc337a7f-eb7e-4b11-b904-ba96525fb00d,2,8.0,mobile,email,0,0,0,0,1,0,1,0,0,0,0,,1
bc3f160f-aa95-49fa-8647-5ec2ea19ef0f,6,96.0,mobile,organic,1,0,1,0,0,1,1,1,0,1,0,no_friction,0
bc431e44-5975-4046-8a42-bb801707fe3c,6,111.0,desktop,paid_search,1,0,1,0,0,1,1,1,0,1,0,no_friction,0
bc4cdf3b-53a8-4d67-8096-cfdf5e042479,2,14.0,mobile,organic,0,0,0,0,1,0,1,0,0,0,0,,1
bc5b43d5-0b9d-423d-8d07-01638c1e22e5,2,21.0,mobile,organic,0,0,0,0,1,0,1,0,0,0,0,,1
bc60b4fe-2afd-4faf-bfcb-928260b7dbfd,2,26.0,mobile,organic,0,0,0,0,1,0,1,0,0,0,0,,1
bc6f0a73-c685-4b5e-bd3d-f0aae977b5a0,2,10.0,mobile,organic,0,0,0,0,1,0,1,0,0,0,0,,1
bc77afd3-56c0-49df-b1f1-93053e4e91c1,8,103.0,mobile,paid_search,0,0,0,0,1,0,4,0,0,0,3,poor_recommendations,1
bc873868-864f-44d3-a832-24b66cbf23ab,2,24.0,desktop,social,0,0,0,0,1,0,1,0,0,0,0,,1
bc8f7c9b-3ff3-41a8-8943-d5b832d281fd,5,99.0,mobile,direct,1,0,1,0,1,0,1,0,0,1,0,price_shock,1
bc9d65bb-d59c-44ac-ae6b-1e35b577f983,2,17.0,desktop,paid_search,0,0,0,0,1,0,1,0,0,0,0,,1
bcabce2e-a550-4809-80d1-dd65ec3a99a9,2,16.0,mobile,social,0,0,0,0,1,0,1,0,0,0,0,,1
bcbfc8eb-3664-430c-801f-9da20bf02c7f,2,29.0,mobile,organic,0,0,0,0,1,0,1,0,0,0,0,,1
bcd99658-a0cc-4fb3-a5ba-b2ed246bd7d0,2,23.0,desktop,social,0,0,0,0,1,0,1,0,0,0,0,,1
bcdf2074-a2a1-4a0d-a900-822ad2bfdf3c,2,29.0,desktop,email,0,0,0,0,1,0,1,0,0,0,0,,1
bce002b5-cf92-49c7-a9bb-56c69da45f77,2,22.0,desktop,direct,0,0,0,0,1,0,1,0,0,0,0,,1
bce0af83-7ff5-4c88-b12f-c51ced28335e,6,134.0,tablet,social,1,0,1,0,0,1,1,1,0,1,0,post_purchase_anxiety,0
bceab397-fc1d-4782-9c0e-d80792b75951,6,105.0,mobile,paid_search,1,0,1,0,0,1,1,1,0,1,0,no_friction,0
bcfa301e-f9b5-4e73-9a3d-fa9cb306285d,2,16.0,desktop,organic,0,0,0,0,1,0,1,0,0,0,0,,1
bd0affda-011f-4390-9921-df7831237eae,6,118.0,tablet,social,1,0,1,0,0,1,1,1,0,1,0,no_friction,0
bd3d5cd3-dfb5-4b32-b62b-ccfea992f6e0,7,127.0,mobile,organic,1,0,1,0,1,0,1,1,1,1,0,payment_failure,1
bd3e4526-69e2-4293-b896-5df9460dda7a,5,80.0,mobile,organic,1,0,1,0,1,0,1,0,0,1,0,price_shock,1
bd504402-d031-4bbc-9be6-0a453021dd34,2,21.0,tablet,organic,0,0,0,0,1,0,1,0,0,0,0,,1
bd6edefe-9a62-4341-bf97-6dc2b2e66ddc,6,156.0,mobile,organic,1,0,1,0,0,1,1,1,0,1,0,no_friction,0
bd76c47b-0d6f-4ae7-978f-20d536a926c7,6,117.0,mobile,paid_search,1,0,1,0,0,1,1,1,0,1,0,no_friction,0
bd7779a3-4398-4873-b8be-f3f0bad2b501,2,6.0,mobile,email,0,0,0,0,1,0,1,0,0,0,0,,1
bd84a7d9-21f9-4525-8a00-7a16dcbae4e7,8,126.0,desktop,organic,0,0,0,0,1,0,4,0,0,0,3,poor_recommendations,1
bd8770d6-6b82-4829-9da3-2c49247fc73e,7,131.0,mobile,organic,1,0,1,0,1,0,1,1,1,1,0,payment_failure,1
bd8941eb-b302-432c-abbd-cedb71d89a29,2,18.0,desktop,paid_search,0,0,0,0,1,0,1,0,0,0,0,,1
bd91b81c-75e9-4235-878a-032350f88a4a,2,6.0,mobile,organic,0,0,0,0,1,0,1,0,0,0,0,,1
bda71dd7-cb3e-4170-a1e5-6f2fd6d102c2,6,89.0,tablet,direct,1,1,1,0,1,0,1,0,0,1,0,delivery_uncertainty,1
bda8c796-501d-4132-8a68-5a1976b9b6e7,2,15.0,mobile,email,0,0,0,0,1,0,1,0,0,0,0,,1
bdb5a57f-aa22-4792-97b0-628816e17edb,2,21.0,tablet,organic,0,0,0,0,1,0,1,0,0,0,0,,1
bdcaf621-06ac-41d1-ba46-02c679d853fa,2,6.0,desktop,organic,0,0,0,0,1,0,1,0,0,0,0,,1
bdcbfb96-0608-4820-812d-1a9e57e3fc16,6,135.0,mobile,social,1,0,1,0,0,1,1,1,0,1,0,no_friction,0
bdd2e8e3-8df0-453f-a35b-4a3d6e90f75f,6,100.0,mobile,organic,1,0,1,0,0,1,1,1,0,1,0,no_friction,0
bde544cb-fdc5-4a0d-8a86-3c040dc65a8b,2,9.0,mobile,paid_search,0,0,0,0,1,0,1,0,0,0,0,,1
be04ce88-fd2d-4daf-944b-49a287b333b6,2,13.0,mobile,email,0,0,0,0,1,0,1,0,0,0,0,,1
be06675a-5565-4563-a452-d2e0b6542ba2,6,89.0,desktop,organic,1,0,1,0,0,1,1,1,0,1,0,no_friction,0
be0fb313-d204-4d42-a099-f58f7f6b8b4b,2,14.0,desktop,organic,0,0,0,0,1,0,1,0,0,0,0,,1
be375d2c-8693-4980-a2fb-cf1beff7a5e4,2,30.0,desktop,organic,0,0,0,0,1,0,1,0,0,0,0,,1
be41b06a-d4eb-4dcc-9bb5-ac38931ec9c9,2,16.0,mobile,organic,0,0,0,0,1,0,1,0,0,0,0,,1
be4b3c55-12a0-4701-89a5-08847ddd2030,2,11.0,mobile,organic,0,0,0,0,1,0,1,0,0,0,0,,1
be4fd3b0-dac1-4810-bb15-b2b654f0fccc,6,114.0,desktop,direct,1,1,1,0,1,0,1,0,0,1,0,delivery_uncertainty,1
be52dd36-f2d4-45e5-8c82-e1144f07df0d,2,13.0,desktop,email,0,0,0,0,1,0,1,0,0,0,0,,1
be5b2c52-1eeb-4201-8103-695f2d531597,2,19.0,tablet,paid_search,0,0,0,0,1,0,1,0,0,0,0,,1
be7aec6a-a5c6-4c35-b7d9-6c5d5e19c931,2,6.0,mobile,organic,0,0,0,0,1,0,1,0,0,0,0,,1
be9484bb-b7ca-48f9-8625-4c27c02aa75e,6,89.0,mobile,organic,1,0,1,0,0,1,1,1,0,1,0,no_friction,0
be94d52f-1ccd-4a09-a4fd-5622c06c46af,2,26.0,mobile,organic,0,0,0,0,1,0,1,0,0,0,0,,1
be957e39-f602-495b-999c-d7b3e8251504,10,205.0,mobile,organic,0,0,0,4,1,0,1,0,0,4,0,unclear_product_info,1
beb0102a-e291-4237-8363-d0ffd3ac9827,10,209.0,mobile,social,0,0,0,4,1,0,1,0,0,4,0,unclear_product_info,1
bebd0efe-251a-4931-a083-6f4f576b9364,2,20.0,tablet,social,0,0,0,0,1,0,1,0,0,0,0,,1
bed68451-6a15-4284-9573-038559ae5851,2,29.0,mobile,social,0,0,0,0,1,0,1,0,0,0,0,,1
beea4008-805f-4228-b378-dec4ac4ca42b,6,109.0,mobile,organic,1,0,1,0,0,1,1,1,0,1,0,post_purchase_anxiety,0
beec085f-7259-4f2f-b48e-146ee2afc751,2,6.0,mobile,organic,0,0,0,0,1,0,1,0,0,0,0,,1
bf09083d-1d79-42f6-8e62-149671c01ce7,6,101.0,mobile,organic,1,0,1,0,0,1,1,1,0,1,0,no_friction,0
bf0ef429-f9a4-4b96-8e4c-6b630b9740af,2,26.0,mobile,social,0,0,0,0,1,0,1,0,0,0,0,,1
bf138d20-bab8-4c06-886a-4934f4c92516,6,97.0,desktop,social,1,0,1,0,0,1,1,1,0,1,0,no_friction,0
bf2c1752-5bda-41db-bfab-6a4058c0a957,2,26.0,mobile,paid_search,0,0,0,0,1,0,1,0,0,0,0,,1
bf382096-5bc2-4bbb-8cbc-0bc3c6dfcd93,6,111.0,mobile,organic,1,1,1,0,1,0,1,0,0,1,0,delivery_uncertainty,1
bf4e9787-beea-4a23-9d86-4fe52e1b2636,6,122.0,mobile,social,1,0,1,0,0,1,1,1,0,1,0,no_friction,0
bf64fa72-4d88-42ed-a8e8-0c96ffb4ce95,2,19.0,mobile,social,0,0,0,0,1,0,1,0,0,0,0,,1
bf6f344b-b903-4df9-9473-ad642a6479a2,8,106.0,mobile,organic,0,0,0,0,1,0,4,0,0,0,3,poor_recommendations,1
bf83d49f-e934-44e0-9fb9-f8521b64d58e,6,92.0,mobile,paid_search,1,0,1,0,0,1,1,1,0,1,0,no_friction,0
bf84d527-037b-4be7-9f08-cb3346cf5ba1,2,6.0,desktop,paid_search,0,0,0,0,1,0,1,0,0,0,0,,1
bf8573e9-a957-45d4-b83d-f2f1dfe116da,6,122.0,mobile,email,1,0,1,0,0,1,1,1,0,1,0,no_friction,0
bf8e208b-44d6-4e98-8457-065630b98b7a,5,77.0,mobile,paid_search,1,0,1,0,1,0,1,0,0,1,0,price_shock,1
bfa3546b-91c4-4b4b-a862-81846ceb7f25,2,30.0,desktop,organic,0,0,0,0,1,0,1,0,0,0,0,,1
bfa7820d-3d3e-4337-9352-da5928d1cdaa,10,248.0,mobile,paid_search,0,0,0,4,1,0,1,0,0,4,0,unclear_product_info,1
bfb62e1b-5886-498f-a6ab-650ed3d2e6e5,2,25.0,mobile,organic,0,0,0,0,1,0,1,0,0,0,0,,1
bfc9a912-4c5c-4470-b83c-4594abc71816,2,14.0,mobile,organic,0,0,0,0,1,0,1,0,0,0,0,,1
bfcfeff3-7784-4002-b2ad-fe2a789456d1,6,111.0,mobile,social,1,0,1,0,0,1,1,1,0,1,0,no_friction,0
bfdac59d-3a15-4c34-9b74-b6e132e9473b,6,89.0,tablet,organic,1,0,1,0,0,1,1,1,0,1,0,no_friction,0
bfdad496-e341-4d6c-a692-6bfa3035be2a,10,194.0,tablet,social,0,0,0,4,1,0,1,0,0,4,0,unclear_product_info,1
bff37ca7-f4e0-4ad9-bd5d-d0afa1f2aff8,6,71.0,desktop,direct,1,0,1,0,0,1,1,1,0,1,0,no_friction,0
c01af053-0d0f-4a6c-a47f-4d742dadcff0,8,98.0,mobile,organic,0,0,0,0,1,0,4,0,0,0,3,poor_recommendations,1
c0267a60-c908-42f5-bc02-3c4103673e81,2,22.0,mobile,social,0,0,0,0,1,0,1,0,0,0,0,,1
c029e1c5-fbaf-4dfd-b762-775b86ab13c5,6,133.0,mobile,paid_search,1,0,1,0,0,1,1,1,0,1,0,no_friction,0
c036e045-bfa5-4bd4-bad2-cdff547ed39e,2,9.0,mobile,email,0,0,0,0,1,0,1,0,0,0,0,,1
c03c4fc3-c69c-4f12-a515-f8de8c48bdcc,2,9.0,mobile,organic,0,0,0,0,1,0,1,0,0,0,0,,1
c0569ffd-4035-4b8e-85ff-a2eb6345a35f,2,22.0,mobile,organic,0,0,0,0,1,0,1,0,0,0,0,,1
c062e6c0-ef1f-4f77-b0b7-97ca5575c84b,6,119.0,desktop,organic,1,0,1,0,0,1,1,1,0,1,0,post_purchase_anxiety,0
c0707347-5a83-41a9-ad05-129782c94893,10,221.0,mobile,paid_search,0,0,0,4,1,0,1,0,0,4,0,unclear_product_info,1
c07a659c-a091-4565-88bf-130f74baf101,7,114.0,mobile,organic,1,0,1,0,1,0,1,1,1,1,0,payment_failure,1
c087c631-2716-4093-b349-09fdc46fd5f6,10,187.0,mobile,social,0,0,0,4,1,0,1,0,0,4,0,unclear_product_info,1
c0971dcc-afb7-4d89-b8a7-f20427491254,2,15.0,mobile,email,0,0,0,0,1,0,1,0,0,0,0,,1
c098e8b7-e829-4e32-b6fa-564ae520e989,2,21.0,desktop,organic,0,0,0,0,1,0,1,0,0,0,0,,1
c0e0dee3-43fe-4017-ad44-f56c79700aca,2,16.0,mobile,organic,0,0,0,0,1,0,1,0,0,0,0,,1
c0e11a70-22f9-476e-bc66-6443cee0c1ce,6,140.0,desktop,direct,1,0,1,0,0,1,1,1,0,1,0,no_friction,0
c0fd41e9-091c-438c-81ee-536f2cc7b918,2,27.0,desktop,organic,0,0,0,0,1,0,1,0,0,0,0,,1
c0ff3254-637c-4486-bb8b-c670c8cc8963,2,9.0,tablet,organic,0,0,0,0,1,0,1,0,0,0,0,,1
c101b7d9-05ed-4d23-a6bb-dd79cb29e20b,2,10.0,mobile,social,0,0,0,0,1,0,1,0,0,0,0,,1
c11e0589-eb89-47cb-b93b-5a3263846190,10,191.0,tablet,paid_search,0,0,0,4,1,0,1,0,0,4,0,unclear_product_info,1
c124a83a-f9ff-40b8-bdcd-313c66e8e98b,2,29.0,mobile,social,0,0,0,0,1,0,1,0,0,0,0,,1
c1271a1c-bf90-4be0-b47a-887076dec0a7,6,135.0,mobile,social,1,0,1,0,0,1,1,1,0,1,0,no_friction,0
c13115c7-f949-4641-938d-24807935dea9,2,20.0,mobile,organic,0,0,0,0,1,0,1,0,0,0,0,,1
c137a11f-f3cd-4922-8946-84fde4a907f3,2,6.0,mobile,organic,0,0,0,0,1,0,1,0,0,0,0,,1
c14aa2c0-e649-456d-9c74-cfed9ea978e4,2,26.0,tablet,social,0,0,0,0,1,0,1,0,0,0,0,,1
c15bdb4d-8257-47bc-9172-1f321fcfd284,6,134.0,mobile,email,1,0,1,0,0,1,1,1,0,1,0,no_friction,0
c15c3327-2547-4e45-85bf-19150681e7dd,6,89.0,desktop,direct,1,1,1,0,1,0,1,0,0,1,0,delivery_uncertainty,1
c1679389-29d3-4eb8-9c8a-4d2d369a8b0e,10,185.0,mobile,social,0,0,0,4,1,0,1,0,0,4,0,unclear_product_info,1
c16ab73d-9497-42f5-bf79-e013f42a85fc,6,106.0,mobile,organic,1,0,1,0,0,1,1,1,0,1,0,no_friction,0
c16ae11c-2e80-44fc-bb4f-4cc4847fbd04,2,21.0,mobile,organic,0,0,0,0,1,0,1,0,0,0,0,,1
c17f17a6-e6e0-46c1-97a5-26a8f2a60cd9,2,9.0,mobile,social,0,0,0,0,1,0,1,0,0,0,0,,1
c18d0e48-2b94-4240-aa3e-727c38a5d3fc,6,86.0,desktop,social,1,0,1,0,0,1,1,1,0,1,0,no_friction,0
c18e9142-0052-4805-9f33-8767c98437a8,7,115.0,desktop,direct,1,0,1,0,1,0,1,1,1,1,0,payment_failure,1
c1aea475-64b3-4302-a46d-fb3c18ecd680,2,11.0,mobile,organic,0,0,0,0,1,0,1,0,0,0,0,,1
c1c21f6d-d0cf-4c16-9663-df569511f4a8,2,13.0,desktop,social,0,0,0,0,1,0,1,0,0,0,0,,1
c1e04e0b-be43-4635-a09c-15b3a56c95ba,2,25.0,mobile,paid_search,0,0,0,0,1,0,1,0,0,0,0,,1
c215a2c5-c16b-4f9c-a7a3-8f27b3991b7e,6,126.0,mobile,email,1,0,1,0,0,1,1,1,0,1,0,no_friction,0
c2213ad1-fdd0-41d2-a125-071f377b8858,6,73.0,mobile,email,1,0,1,0,0,1,1,1,0,1,0,no_friction,0
c23c277d-f205-4423-a2ac-7c4a7e925c0d,2,25.0,mobile,organic,0,0,0,0,1,0,1,0,0,0,0,,1
c241b2c7-43ac-418a-94a9-da815636036f,6,78.0,mobile,organic,1,0,1,0,0,1,1,1,0,1,0,post_purchase_anxiety,0
c242c270-35be-4f30-b810-5cae655a1597,2,11.0,mobile,email,0,0,0,0,1,0,1,0,0,0,0,,1
c25a933e-a996-4c0f-b02b-ec74e956e904,6,114.0,mobile,email,1,0,1,0,0,1,1,1,0,1,0,no_friction,0
c261b073-d66d-471d-800a-b8ed43f00a72,2,18.0,desktop,paid_search,0,0,0,0,1,0,1,0,0,0,0,,1
c27473eb-80b3-4905-8335-5e7d8310d675,6,96.0,tablet,organic,1,0,1,0,0,1,1,1,0,1,0,no_friction,0
c27bcaf1-2773-4d20-8562-34e26378f5d4,6,111.0,mobile,paid_search,1,0,1,0,0,1,1,1,0,1,0,no_friction,0
c29ac0ed-f2a5-4629-9a40-b86a9464dd92,6,102.0,mobile,organic,1,0,1,0,0,1,1,1,0,1,0,no_friction,0
c2a034bb-c9b9-4dfc-9f2e-a6a87c7be472,2,23.0,desktop,organic,0,0,0,0,1,0,1,0,0,0,0,,1
c2a73651-d6a8-4857-a418-b2a3fc3d6833,6,94.0,mobile,organic,1,0,1,0,0,1,1,1,0,1,0,no_friction,0
c2ad83b2-00a5-4975-8be9-b3c372a44453,7,107.0,mobile,organic,1,0,1,0,1,0,1,1,1,1,0,payment_failure,1
c2bbcd68-7e82-4094-97f2-288fceab1d31,6,125.0,mobile,social,1,0,1,0,0,1,1,1,0,1,0,no_friction,0
c316cdc5-f7d8-47c6-95da-4f87a2d55620,6,106.0,desktop,direct,1,0,1,0,0,1,1,1,0,1,0,post_purchase_anxiety,0
c317a05f-8247-479c-9819-0ca5299384a0,2,28.0,mobile,organic,0,0,0,0,1,0,1,0,0,0,0,,1
c32d1b03-2cd1-4980-b872-7d38c419027b,6,100.0,desktop,email,1,1,1,0,1,0,1,0,0,1,0,delivery_uncertainty,1
c341719e-789a-400d-be6d-41eb21389d00,6,121.0,mobile,paid_search,1,1,1,0,1,0,1,0,0,1,0,delivery_uncertainty,1
c346b84c-d664-4461-81a6-80b473c1829a,6,106.0,mobile,paid_search,1,0,1,0,0,1,1,1,0,1,0,no_friction,0
c34d22d2-6156-4e83-9642-ccc67240192b,2,21.0,tablet,organic,0,0,0,0,1,0,1,0,0,0,0,,1
c3517dc0-5c4b-43cc-a94f-78964f569c71,6,100.0,mobile,organic,1,0,1,0,0,1,1,1,0,1,0,no_friction,0
c3547b90-a05d-4101-a79d-44e7e1fe9734,10,221.0,tablet,email,0,0,0,4,1,0,1,0,0,4,0,unclear_product_info,1
c36f2784-4391-46b2-aa3d-59e615a38a62,2,25.0,desktop,social,0,0,0,0,1,0,1,0,0,0,0,,1
c38475c1-e2a9-4547-b942-76c58d0d55fc,2,24.0,mobile,email,0,0,0,0,1,0,1,0,0,0,0,,1
c389508d-f0ca-48af-8567-8ffcae26e5fb,2,22.0,mobile,social,0,0,0,0,1,0,1,0,0,0,0,,1
c38ebce5-7834-4c1d-8ca5-8fdaf25a599d,6,126.0,desktop,organic,1,0,1,0,0,1,1,1,0,1,0,no_friction,0
c3a2e382-c684-4bdf-8c63-b102ecd2fd47,8,107.0,desktop,organic,0,0,0,0,1,0,4,0,0,0,3,poor_recommendations,1
c3a5476d-8550-48d6-9d27-0ccd80f1cd2b,2,18.0,mobile,social,0,0,0,0,1,0,1,0,0,0,0,,1
c3b50f50-2705-4a1f-971b-b59f16b089f3,6,105.0,desktop,organic,1,0,1,0,0,1,1,1,0,1,0,no_friction,0
c3bde571-3373-4d3d-9b7d-3471e9fd440c,5,66.0,desktop,social,1,0,1,0,1,0,1,0,0,1,0,price_shock,1
c3d12051-d395-48f5-92d9-7ef5a01863eb,2,11.0,desktop,organic,0,0,0,0,1,0,1,0,0,0,0,,1
c3e86e03-c407-49c7-a037-235826f9eba6,2,19.0,mobile,social,0,0,0,0,1,0,1,0,0,0,0,,1
c4008038-2d1d-4b81-8621-925dfecf8192,2,14.0,mobile,organic,0,0,0,0,1,0,1,0,0,0,0,,1
c40685e4-9817-4f71-9ad7-96c7118725fb,6,113.0,desktop,paid_search,1,0,1,0,0,1,1,1,0,1,0,no_friction,0
c4167009-a11e-45b8-8c8c-e0870cffc576,2,12.0,desktop,direct,0,0,0,0,1,0,1,0,0,0,0,,1
c4195f15-91b4-48f7-96b2-aad13ba44ee9,2,12.0,desktop,organic,0,0,0,0,1,0,1,0,0,0,0,,1
c41a820b-755e-4623-8a61-1fa6d81c7135,6,116.0,tablet,social,1,1,1,0,1,0,1,0,0,1,0,delivery_uncertainty,1
c424e562-cf93-427e-a38a-762a9e77e374,2,11.0,desktop,organic,0,0,0,0,1,0,1,0,0,0,0,,1
c4258a10-9643-4385-af6b-96d92fd7cef1,2,26.0,desktop,organic,0,0,0,0,1,0,1,0,0,0,0,,1
c43cf6ee-71bb-410d-8552-dce2b8939ee6,8,108.0,mobile,paid_search,0,0,0,0,1,0,4,0,0,0,3,poor_recommendations,1
c43f95de-7b3f-4da7-aeaf-dfe124b6c61c,7,126.0,mobile,social,1,0,1,0,1,0,1,1,1,1,0,payment_failure,1
c463b4be-90ab-4522-af8f-0dd84f02615d,2,24.0,mobile,social,0,0,0,0,1,0,1,0,0,0,0,,1
c478014e-e3f9-46a1-8311-20684d829df7,6,81.0,tablet,paid_search,1,0,1,0,0,1,1,1,0,1,0,no_friction,0
c47baae4-8e5d-414e-bdbc-ba74120f81c5,6,112.0,mobile,direct,1,0,1,0,0,1,1,1,0,1,0,post_purchase_anxiety,0
c4913199-3f11-490d-951a-32eaf6bfd343,2,16.0,mobile,paid_search,0,0,0,0,1,0,1,0,0,0,0,,1
c493dbfa-53ce-4a81-bf66-ec8a01d5a7c1,8,84.0,desktop,paid_search,0,0,0,0,1,0,4,0,0,0,3,poor_recommendations,1
c4c52560-9abf-49cc-b679-046ac5d8ba2e,2,23.0,desktop,organic,0,0,0,0,1,0,1,0,0,0,0,,1
c4c79176-c40b-454c-930e-cb4b1236bf38,6,102.0,mobile,social,1,0,1,0,0,1,1,1,0,1,0,no_friction,0
c4c952df-125f-4bab-aa9b-c87f4172713a,2,28.0,mobile,paid_search,0,0,0,0,1,0,1,0,0,0,0,,1
c4c9f11d-59e4-4d3a-aa6d-7e7912d9afec,10,165.0,desktop,social,0,0,0,4,1,0,1,0,0,4,0,unclear_product_info,1
c4ce5d6f-6bb9-4a4b-aa3c-41c488e015b3,2,8.0,mobile,paid_search,0,0,0,0,1,0,1,0,0,0,0,,1
c4de354d-cca8-4c1e-8cc4-e10f5d7787e6,6,112.0,mobile,paid_search,1,0,1,0,0,1,1,1,0,1,0,no_friction,0
c4eb4dea-dd43-4751-9831-cbce9281cb98,10,135.0,tablet,organic,0,0,0,4,1,0,1,0,0,4,0,unclear_product_info,1
c4f27ae9-e0d4-4f12-9ee4-713fd7a41d62,6,99.0,mobile,social,1,0,1,0,0,1,1,1,0,1,0,no_friction,0
c4f2eda8-4501-4ec7-bd2f-44d50982b1c7,2,7.0,desktop,direct,0,0,0,0,1,0,1,0,0,0,0,,1
c4f365e5-b37d-4798-83e7-4973a9bbc1e2,7,113.0,desktop,organic,1,0,1,0,1,0,1,1,1,1,0,payment_failure,1
c518f3a8-cc73-4fe6-b207-3d25d9ea5e60,2,8.0,mobile,paid_search,0,0,0,0,1,0,1,0,0,0,0,,1
c522e1cf-e4be-4a58-8422-db0941d1677b,2,8.0,mobile,social,0,0,0,0,1,0,1,0,0,0,0,,1
c52321c9-1318-403a-8067-9e5a68e322aa,2,27.0,desktop,social,0,0,0,0,1,0,1,0,0,0,0,,1
c52429ed-62b2-4200-abff-c0f34da81bee,6,145.0,mobile,paid_search,1,1,1,0,1,0,1,0,0,1,0,delivery_uncertainty,1
c5265483-d24d-4c34-af2f-aba2cadda675,6,96.0,mobile,organic,1,0,1,0,0,1,1,1,0,1,0,no_friction,0
c53721ec-5327-4530-9995-c0235f6c9d65,2,24.0,tablet,social,0,0,0,0,1,0,1,0,0,0,0,,1
c545a35b-77f0-4e52-a733-c0888c40b8c0,2,11.0,desktop,social,0,0,0,0,1,0,1,0,0,0,0,,1
c568c14f-dca2-44eb-9375-e16a20a8994e,2,23.0,mobile,paid_search,0,0,0,0,1,0,1,0,0,0,0,,1
c5730163-ffb1-4783-b0a4-62f4e0081709,2,11.0,desktop,organic,0,0,0,0,1,0,1,0,0,0,0,,1
c57570b5-5656-4cd7-a412-a45416a85ccc,2,14.0,mobile,paid_search,0,0,0,0,1,0,1,0,0,0,0,,1
c5771d3a-6e3b-4e07-914b-39a942986e56,10,220.0,tablet,organic,0,0,0,4,1,0,1,0,0,4,0,unclear_product_info,1
c57e29c4-c089-4a74-843e-21b994cdd46d,7,110.0,mobile,organic,1,0,1,0,1,0,1,1,1,1,0,payment_failure,1
c583b39b-d0c8-4f1d-8e8d-2c6755e50b00,2,25.0,mobile,social,0,0,0,0,1,0,1,0,0,0,0,,1
c5c8371e-2b6f-4829-806d-072e6fee3c54,2,10.0,mobile,email,0,0,0,0,1,0,1,0,0,0,0,,1
c5e32c51-5812-4d0c-a6f3-69e1441cf139,10,238.0,mobile,social,0,0,0,4,1,0,1,0,0,4,0,unclear_product_info,1
c5f759ea-60db-44f1-89c6-fffd6cd73f1f,5,80.0,mobile,organic,1,0,1,0,1,0,1,0,0,1,0,price_shock,1
c5ffa452-3f8b-410d-ae60-0056f4627444,8,104.0,mobile,organic,0,0,0,0,1,0,4,0,0,0,3,poor_recommendations,1
c62682a0-8bdb-43b5-9abe-3f015fc4c8ac,2,9.0,desktop,organic,0,0,0,0,1,0,1,0,0,0,0,,1
c628f437-5e36-4da2-9fb1-4f67a50bb7aa,5,99.0,desktop,paid_search,1,0,1,0,1,0,1,0,0,1,0,price_shock,1
c633cf8c-6887-47ad-9e5e-a78ca01f92d1,2,13.0,mobile,organic,0,0,0,0,1,0,1,0,0,0,0,,1
c648ae61-91e2-49a6-b1d9-50447422a03d,6,120.0,mobile,email,1,0,1,0,0,1,1,1,0,1,0,no_friction,0
c65c8d71-0776-4e88-b42a-b1963ead4a7e,6,132.0,mobile,organic,1,0,1,0,0,1,1,1,0,1,0,no_friction,0
c66b8c6e-e781-4af4-a4b9-9aaeb5bbf302,2,20.0,desktop,paid_search,0,0,0,0,1,0,1,0,0,0,0,,1
c6757b1c-5694-4876-9ea5-aca84ba2f860,2,16.0,desktop,social,0,0,0,0,1,0,1,0,0,0,0,,1
c679d2b7-71ea-43d9-8d70-6c6b6b8c464c,2,13.0,mobile,direct,0,0,0,0,1,0,1,0,0,0,0,,1
c6993846-e69b-432b-9229-9f95585c1295,2,19.0,mobile,paid_search,0,0,0,0,1,0,1,0,0,0,0,,1
c6ae7c21-7f6d-4984-bf99-e69d5ca11b08,2,30.0,tablet,social,0,0,0,0,1,0,1,0,0,0,0,,1
c6ba2ddd-2934-4704-9b7b-b7efe03894be,6,76.0,mobile,organic,1,0,1,0,0,1,1,1,0,1,0,no_friction,0
c6bcc082-cf1f-4d3f-a30e-1af4021676c3,7,126.0,desktop,organic,1,0,1,0,1,0,1,1,1,1,0,payment_failure,1
c6c5f08e-bc3f-45c5-84bb-58441498eb0f,6,133.0,mobile,paid_search,1,0,1,0,0,1,1,1,0,1,0,no_friction,0
c6c93503-57de-41e8-b083-1c0bc4e931c9,6,73.0,mobile,organic,1,0,1,0,0,1,1,1,0,1,0,no_friction,0
c6d6962c-4adc-42fe-92dc-0e7c914995ae,8,80.0,mobile,organic,0,0,0,0,1,0,4,0,0,0,3,poor_recommendations,1
c6d80e16-af75-47b1-ba21-818948fac46a,2,7.0,desktop,organic,0,0,0,0,1,0,1,0,0,0,0,,1
c70cf9f4-d5eb-4922-ba7c-a8bf5b76b46e,6,78.0,desktop,direct,1,0,1,0,0,1,1,1,0,1,0,no_friction,0
c7123c43-e0ae-4c89-b6b3-e7589c3d38f0,6,82.0,mobile,organic,1,0,1,0,0,1,1,1,0,1,0,no_friction,0
c73a7f6e-2868-47fa-8012-175da5397afa,2,15.0,desktop,organic,0,0,0,0,1,0,1,0,0,0,0,,1
c74d1677-485a-4970-bc5c-02308ba54861,6,136.0,desktop,organic,1,0,1,0,0,1,1,1,0,1,0,no_friction,0
c74dc067-ec69-41da-9795-c43805b571b0,2,27.0,mobile,organic,0,0,0,0,1,0,1,0,0,0,0,,1
c7500d23-afa1-4b52-bc71-d5725ea7d47d,2,15.0,desktop,social,0,0,0,0,1,0,1,0,0,0,0,,1
c7534367-8032-438a-9d77-2717029d5ac1,6,119.0,desktop,paid_search,1,0,1,0,0,1,1,1,0,1,0,no_friction,0
c75e2600-8c7c-435d-9a64-5ab25b09b5dc,2,13.0,desktop,organic,0,0,0,0,1,0,1,0,0,0,0,,1
c7614a01-a6af-45c0-b3ed-028293ff392e,6,110.0,mobile,social,1,0,1,0,0,1,1,1,0,1,0,no_friction,0
c7621d1f-8eb5-4c1d-ba6c-a77889a94c9d,2,20.0,mobile,organic,0,0,0,0,1,0,1,0,0,0,0,,1
c76cc57d-9d3d-4205-99c8-7c3ad0935a13,6,108.0,tablet,organic,1,0,1,0,0,1,1,1,0,1,0,post_purchase_anxiety,0
c7759b22-fba2-4cb2-963d-afdf87413ac9,6,136.0,mobile,paid_search,1,0,1,0,0,1,1,1,0,1,0,no_friction,0
c776ab43-c8be-4913-af18-aef35c3e2b9a,2,24.0,desktop,organic,0,0,0,0,1,0,1,0,0,0,0,,1
c781da5c-deb3-4ada-bd77-89a57e0a0b7a,2,10.0,desktop,paid_search,0,0,0,0,1,0,1,0,0,0,0,,1
c783b01b-b821-4c94-9e24-213619250c38,2,26.0,desktop,paid_search,0,0,0,0,1,0,1,0,0,0,0,,1
c798ca5c-28bc-47dd-8ed6-aa912b520e31,2,28.0,desktop,organic,0,0,0,0,1,0,1,0,0,0,0,,1
c7a12353-367a-4e28-8378-7e924d180af6,8,100.0,desktop,organic,0,0,0,0,1,0,4,0,0,0,3,poor_recommendations,1
c7aaf7b0-7c3d-4d08-8365-f83fb3e74c4b,2,12.0,mobile,direct,0,0,0,0,1,0,1,0,0,0,0,,1
c7c0de47-eb3f-481c-8c21-41718139924f,6,109.0,mobile,social,1,0,1,0,0,1,1,1,0,1,0,post_purchase_anxiety,0
c7c8a597-a292-47f5-bd84-60ac48ec4271,6,126.0,desktop,organic,1,0,1,0,0,1,1,1,0,1,0,no_friction,0
c7cbfd2d-5c56-4fbd-aa68-2d8d843d80a4,2,30.0,mobile,paid_search,0,0,0,0,1,0,1,0,0,0,0,,1
c7f53cf4-dc39-4b39-960a-e36a1013241e,6,82.0,tablet,paid_search,1,0,1,0,0,1,1,1,0,1,0,no_friction,0
c81b1a7c-a661-4229-b744-aa20e6e0791e,2,16.0,mobile,social,0,0,0,0,1,0,1,0,0,0,0,,1
c8201a7e-c57b-484c-ba9d-75b812588a19,2,30.0,mobile,paid_search,0,0,0,0,1,0,1,0,0,0,0,,1
c82d3611-c8d1-4b34-8c06-6faa3b2b5490,6,112.0,mobile,paid_search,1,0,1,0,0,1,1,1,0,1,0,no_friction,0
c867171e-8168-4e1e-8b90-28bdc6e4c31c,5,89.0,desktop,social,1,0,1,0,1,0,1,0,0,1,0,price_shock,1
c8675bd0-5080-4178-830b-5cde9e4a1ec5,2,14.0,mobile,social,0,0,0,0,1,0,1,0,0,0,0,,1
c8678ef9-2247-43ad-9050-e6a38520642b,10,246.0,mobile,organic,0,0,0,4,1,0,1,0,0,4,0,unclear_product_info,1
c887836d-ca76-4ee8-9fa1-f1a8fa3d7e44,6,97.0,desktop,paid_search,1,0,1,0,0,1,1,1,0,1,0,no_friction,0
c8894992-7abe-404b-a339-21a699932c9d,2,9.0,desktop,organic,0,0,0,0,1,0,1,0,0,0,0,,1
c88e6bc1-daf2-433c-8cca-238c5ba900c1,2,15.0,mobile,email,0,0,0,0,1,0,1,0,0,0,0,,1
c891f955-8d07-4e87-98ef-30e1be090d35,2,22.0,mobile,social,0,0,0,0,1,0,1,0,0,0,0,,1
c898c0c0-4c20-4402-b148-16018043252c,2,13.0,mobile,organic,0,0,0,0,1,0,1,0,0,0,0,,1
c8adb858-addb-4aef-a26e-9cf2b21ecf2b,6,92.0,tablet,social,1,0,1,0,0,1,1,1,0,1,0,no_friction,0
c8c061f1-60ff-4d9d-8e62-22bd0e53f4cf,2,8.0,desktop,paid_search,0,0,0,0,1,0,1,0,0,0,0,,1
c8c9fd17-4132-44c1-91df-ded189a9fec7,6,112.0,desktop,organic,1,0,1,0,0,1,1,1,0,1,0,no_friction,0
c8ce7494-afd0-4a4f-8381-890c3eebcb6e,6,129.0,desktop,social,1,0,1,0,0,1,1,1,0,1,0,no_friction,0
c8f6b5e9-d40f-4c51-86a6-a03ab2bb5d69,6,111.0,mobile,paid_search,1,0,1,0,0,1,1,1,0,1,0,post_purchase_anxiety,0
c9018740-c86d-4e1e-bbc7-db2c3e6098ef,6,143.0,mobile,organic,1,0,1,0,0,1,1,1,0,1,0,no_friction,0
c901cb18-cda1-4fe5-8ff1-e42e075b7d58,2,15.0,mobile,organic,0,0,0,0,1,0,1,0,0,0,0,,1
c9034a13-2393-4fcc-9e2e-2bfa9051eccd,2,6.0,desktop,social,0,0,0,0,1,0,1,0,0,0,0,,1
c9057aab-c99b-486c-b9ce-85ff504585bb,2,26.0,mobile,paid_search,0,0,0,0,1,0,1,0,0,0,0,,1
c90cd174-d719-4214-82ad-f6b95236a862,2,14.0,desktop,paid_search,0,0,0,0,1,0,1,0,0,0,0,,1
c9102ff4-1d5b-449a-a7d2-da8308c48dd9,5,92.0,tablet,email,1,0,1,0,1,0,1,0,0,1,0,price_shock,1
c9221efb-ba8b-4024-b759-428f162b5457,2,30.0,mobile,social,0,0,0,0,1,0,1,0,0,0,0,,1
c9269975-0663-4c16-9790-f32fc8180bfb,2,24.0,desktop,organic,0,0,0,0,1,0,1,0,0,0,0,,1
c92ad3ab-1914-4b35-a6a6-b0b23476d745,2,16.0,mobile,organic,0,0,0,0,1,0,1,0,0,0,0,,1
c9534159-8bb6-443b-935f-b3cd2a314698,2,5.0,mobile,direct,0,0,0,0,1,0,1,0,0,0,0,,1
c957a209-a8e5-4353-be72-8c51c3843390,2,21.0,desktop,social,0,0,0,0,1,0,1,0,0,0,0,,1
c96d9a08-d271-491a-be99-96bc7afb3bcd,2,26.0,tablet,email,0,0,0,0,1,0,1,0,0,0,0,,1
c98c238a-f516-4ab3-94d6-4a372e87480a,2,16.0,mobile,paid_search,0,0,0,0,1,0,1,0,0,0,0,,1
c995bf77-8f97-4c4a-8d7e-9d4498e3a9ef,2,14.0,mobile,organic,0,0,0,0,1,0,1,0,0,0,0,,1
c9b1d6f6-5a27-4546-8a02-051bf5910008,5,119.0,mobile,organic,1,0,1,0,1,0,1,0,0,1,0,price_shock,1
c9c9f0a1-0872-4d9f-ae2f-05d3bf824d81,2,18.0,mobile,social,0,0,0,0,1,0,1,0,0,0,0,,1
c9cf3c32-04bd-4519-a4fe-e70803e77c16,8,105.0,desktop,direct,0,0,0,0,1,0,4,0,0,0,3,poor_recommendations,1
c9e3399d-05cc-4cb2-b939-fc7894cd1e7a,2,22.0,desktop,organic,0,0,0,0,1,0,1,0,0,0,0,,1
ca3842e9-dc84-408a-b045-eda26851d48f,8,119.0,desktop,direct,0,0,0,0,1,0,4,0,0,0,3,poor_recommendations,1
ca4def26-56e4-4e89-a846-61e70777d104,2,29.0,desktop,paid_search,0,0,0,0,1,0,1,0,0,0,0,,1
ca567442-e81f-4166-9a96-d17efa93b5a9,6,86.0,mobile,paid_search,1,0,1,0,0,1,1,1,0,1,0,no_friction,0
ca5d789c-4c2c-4ae2-954f-75cf2c093321,2,28.0,mobile,email,0,0,0,0,1,0,1,0,0,0,0,,1
ca6addfa-0e21-424e-b54f-76c71cbe7e99,2,15.0,mobile,social,0,0,0,0,1,0,1,0,0,0,0,,1
ca6fa6a3-722e-42ef-b617-e3595fe558ea,2,29.0,mobile,organic,0,0,0,0,1,0,1,0,0,0,0,,1
ca71134d-ce0c-45fd-9196-40b030fa4e49,2,12.0,desktop,social,0,0,0,0,1,0,1,0,0,0,0,,1
ca77a932-c37c-4a5d-9f71-b7b5b92f3fd2,6,104.0,mobile,organic,1,0,1,0,0,1,1,1,0,1,0,no_friction,0
ca783591-4fc7-4dae-8276-3f8680851cb0,2,6.0,mobile,social,0,0,0,0,1,0,1,0,0,0,0,,1
ca7e4cd5-beaa-48cf-8cbe-2c99aa0ae176,2,28.0,mobile,organic,0,0,0,0,1,0,1,0,0,0,0,,1
ca925e87-4d6e-4cc7-af2b-1f4adcec7840,2,17.0,desktop,organic,0,0,0,0,1,0,1,0,0,0,0,,1
ca98e5a4-8e46-41cb-96c4-3d9bed91c636,2,13.0,mobile,social,0,0,0,0,1,0,1,0,0,0,0,,1
ca9d7cc2-860f-4742-84d2-d6e890a9cd7b,2,18.0,desktop,social,0,0,0,0,1,0,1,0,0,0,0,,1
caa57849-9691-4262-b5bb-b320e331afb3,2,18.0,desktop,paid_search,0,0,0,0,1,0,1,0,0,0,0,,1
cab57b45-c797-4955-9369-8169785396cf,2,25.0,desktop,email,0,0,0,0,1,0,1,0,0,0,0,,1
cabd9366-8d73-4ba8-8f7d-b41d50655f75,7,151.0,mobile,social,1,0,1,0,1,0,1,1,1,1,0,payment_failure,1
cabfa781-8fe2-4243-af92-55ab3ed5d207,6,102.0,tablet,social,1,0,1,0,0,1,1,1,0,1,0,no_friction,0
caf4cc49-8932-4a1f-a6da-15ca2ff01401,5,104.0,mobile,email,1,0,1,0,1,0,1,0,0,1,0,price_shock,1
cb0a3120-d449-4d35-a1c9-c9429c53d18c,6,130.0,desktop,organic,1,0,1,0,0,1,1,1,0,1,0,no_friction,0
cb0a47ea-475f-49df-bf64-15d84f6c8ce1,2,19.0,mobile,paid_search,0,0,0,0,1,0,1,0,0,0,0,,1
cb32415e-531c-4450-9ba7-e7d1e6ed5588,2,26.0,desktop,direct,0,0,0,0,1,0,1,0,0,0,0,,1
cb344345-bbef-4692-bbf4-a12676bf1a43,6,111.0,mobile,organic,1,0,1,0,0,1,1,1,0,1,0,no_friction,0
cb34c696-7f1f-46d0-ab48-0a7269bb46ac,7,123.0,desktop,direct,1,0,1,0,1,0,1,1,1,1,0,payment_failure,1
cb35d06c-f107-455e-9486-ff19b46716e0,6,105.0,mobile,paid_search,1,0,1,0,0,1,1,1,0,1,0,no_friction,0
cb3a7d65-07b0-48f7-a216-62a1e6aa31fb,7,135.0,tablet,organic,1,0,1,0,1,0,1,1,1,1,0,payment_failure,1
cb59cb17-2bf1-486e-bf0a-9b501fcc3e9e,2,27.0,desktop,organic,0,0,0,0,1,0,1,0,0,0,0,,1
cb707ee3-26f6-4cd5-ba86-967aeb619a5e,10,224.0,mobile,direct,0,0,0,4,1,0,1,0,0,4,0,unclear_product_info,1
cb76afb7-ffb4-4b37-a3bc-1675ba9217f3,6,115.0,mobile,organic,1,0,1,0,0,1,1,1,0,1,0,no_friction,0
cb873046-c68a-45d7-8135-b8466c34efde,6,88.0,mobile,email,1,0,1,0,0,1,1,1,0,1,0,post_purchase_anxiety,0
cb8de364-5389-4096-b5e1-7e9f8f370fe5,2,12.0,tablet,direct,0,0,0,0,1,0,1,0,0,0,0,,1
cbaf3e3b-5f58-4684-b323-e6f760b5250d,2,15.0,mobile,paid_search,0,0,0,0,1,0,1,0,0,0,0,,1
cbb61647-fbd0-4162-8340-9275d19c1f72,7,165.0,desktop,social,1,0,1,0,1,0,1,1,1,1,0,payment_failure,1
cbb9c68f-7d8c-4c4c-83f2-562aea715781,2,29.0,mobile,organic,0,0,0,0,1,0,1,0,0,0,0,,1
cbd15b06-9842-47c2-a5e4-ccc1ebdcfe29,2,20.0,mobile,organic,0,0,0,0,1,0,1,0,0,0,0,,1
cbdb3fbc-c898-46a9-a2ae-db2db39041fd,6,126.0,desktop,paid_search,1,0,1,0,0,1,1,1,0,1,0,post_purchase_anxiety,0
cbea12fd-a702-49ec-96a5-547d9cbb9b26,2,30.0,mobile,social,0,0,0,0,1,0,1,0,0,0,0,,1
cbed3493-2021-4848-b9fe-3555f41f401c,2,19.0,mobile,organic,0,0,0,0,1,0,1,0,0,0,0,,1
cbef07a2-5d5e-441f-ac40-1065997117a2,2,10.0,mobile,direct,0,0,0,0,1,0,1,0,0,0,0,,1
cc0c2445-6f66-49e5-b019-e0925e63f878,7,138.0,desktop,organic,1,0,1,0,1,0,1,1,1,1,0,payment_failure,1
cc131bc2-8a25-4a4d-b157-264fd500b8a3,2,22.0,mobile,organic,0,0,0,0,1,0,1,0,0,0,0,,1
cc17364b-bae1-4aae-ae12-84f5f2995ef6,2,9.0,mobile,direct,0,0,0,0,1,0,1,0,0,0,0,,1
cc45b008-4ed4-423f-a133-575ed701aaa5,2,19.0,desktop,organic,0,0,0,0,1,0,1,0,0,0,0,,1
cc4d3ece-80e0-44c8-b1a1-d50fd3d3df05,2,5.0,mobile,organic,0,0,0,0,1,0,1,0,0,0,0,,1
cc582c83-275b-4dda-82e3-6bd45cb92a6f,6,118.0,mobile,social,1,0,1,0,0,1,1,1,0,1,0,post_purchase_anxiety,0
cc5ad3bd-9065-4cdc-80f2-a3aba74ea02c,7,105.0,mobile,social,1,0,1,0,1,0,1,1,1,1,0,payment_failure,1
cc669c06-6972-47ba-bfe9-a899edb205b2,6,109.0,mobile,social,1,0,1,0,0,1,1,1,0,1,0,no_friction,0
cc72defe-1496-45d8-ac49-206fb2a63e7a,6,102.0,mobile,organic,1,0,1,0,0,1,1,1,0,1,0,no_friction,0
cc7a1e03-0ed1-4437-aef7-59b931c7331f,2,10.0,desktop,social,0,0,0,0,1,0,1,0,0,0,0,,1
cc897fa5-bbb3-4237-8454-abf232dbb2e2,2,5.0,mobile,social,0,0,0,0,1,0,1,0,0,0,0,,1
cc951280-6f60-4075-bb81-700cf56e0ac9,6,103.0,mobile,direct,1,0,1,0,0,1,1,1,0,1,0,no_friction,0
cce1f397-ced3-4ada-be9e-af4b5912eb5f,6,114.0,mobile,paid_search,1,0,1,0,0,1,1,1,0,1,0,post_purchase_anxiety,0
ccfbdb54-cfc2-480f-9d16-dc46a55b3536,7,132.0,desktop,social,1,0,1,0,1,0,1,1,1,1,0,payment_failure,1
cd015eb1-0872-4934-8970-4df4e1944155,2,30.0,desktop,organic,0,0,0,0,1,0,1,0,0,0,0,,1
cd0650f7-6e1c-46b5-b945-cc05d4c64201,6,110.0,desktop,paid_search,1,0,1,0,0,1,1,1,0,1,0,no_friction,0
cd080be8-0375-41dd-b21c-ffff39cca5b4,6,95.0,mobile,paid_search,1,0,1,0,0,1,1,1,0,1,0,no_friction,0
cd0c3c16-6dd5-4482-baaa-45c49230970d,6,129.0,desktop,organic,1,0,1,0,0,1,1,1,0,1,0,no_friction,0
cd0c9e15-9428-43ac-b135-1d7c3b57e2e4,10,175.0,mobile,paid_search,0,0,0,4,1,0,1,0,0,4,0,unclear_product_info,1
cd0df713-d4fd-4456-8795-f58bf8c068d9,2,5.0,desktop,social,0,0,0,0,1,0,1,0,0,0,0,,1
cd0e6116-b22a-4fe9-893c-d7425f674319,2,12.0,mobile,social,0,0,0,0,1,0,1,0,0,0,0,,1
cd3d0bec-8af5-4a94-9d11-a091c72cf145,2,27.0,desktop,organic,0,0,0,0,1,0,1,0,0,0,0,,1
cd3eb180-1c84-405e-a0aa-a4e9e5d83ca9,6,99.0,mobile,direct,1,0,1,0,0,1,1,1,0,1,0,no_friction,0
cd3eb411-a3c9-43fc-9eb7-471ed0839e6c,6,108.0,mobile,email,1,0,1,0,0,1,1,1,0,1,0,no_friction,0
cd42aec9-6790-4d01-8452-4c335badb0df,2,27.0,mobile,social,0,0,0,0,1,0,1,0,0,0,0,,1
cd4c114e-5b21-42cf-91b2-0ce475ed0f78,6,119.0,mobile,email,1,0,1,0,0,1,1,1,0,1,0,post_purchase_anxiety,0
cd4c934d-936b-4493-aa77-e21b8fa807b4,2,5.0,desktop,social,0,0,0,0,1,0,1,0,0,0,0,,1
cd5380d2-9047-4cd4-b7dc-0aa623aae7a9,6,110.0,mobile,email,1,0,1,0,0,1,1,1,0,1,0,post_purchase_anxiety,0
cd55d2af-35ee-48f6-90f9-7832eda90d0c,2,28.0,desktop,organic,0,0,0,0,1,0,1,0,0,0,0,,1
cd599655-211c-4013-bd4c-136da86f6735,6,81.0,mobile,social,1,0,1,0,0,1,1,1,0,1,0,no_friction,0
cd6827af-4979-449c-87d8-d76fa4d1bc48,6,72.0,desktop,social,1,0,1,0,0,1,1,1,0,1,0,no_friction,0
cd7229cf-b453-4fae-9a2c-ddf96a352fae,2,18.0,desktop,organic,0,0,0,0,1,0,1,0,0,0,0,,1
cd78d2d6-0ecd-4ca6-a0af-e295358bcae1,2,26.0,mobile,paid_search,0,0,0,0,1,0,1,0,0,0,0,,1
cd84a487-2d06-4584-96e3-0e9cfeb0550a,10,252.0,desktop,organic,0,0,0,4,1,0,1,0,0,4,0,unclear_product_info,1
cd9cffe6-f586-422c-9c89-6d0caadcc03b,2,21.0,mobile,social,0,0,0,0,1,0,1,0,0,0,0,,1
cdc0da78-344e-43f7-a76c-45b5463bd2f1,2,30.0,desktop,organic,0,0,0,0,1,0,1,0,0,0,0,,1
cdd26f4d-5278-4793-baab-fc0bb7c65ad9,6,126.0,desktop,paid_search,1,0,1,0,0,1,1,1,0,1,0,no_friction,0
cdfe0b29-f894-495a-8d72-2f76bda62c24,6,99.0,desktop,email,1,0,1,0,0,1,1,1,0,1,0,post_purchase_anxiety,0
ce0417d6-2dd7-4d4c-bed9-bee0dbff19ee,5,80.0,mobile,paid_search,1,0,1,0,1,0,1,0,0,1,0,price_shock,1
ce106f12-c97f-49ac-a6c3-6d1bd8071a1d,6,130.0,desktop,organic,1,0,1,0,0,1,1,1,0,1,0,post_purchase_anxiety,0
ce108bea-0ace-49ba-9fa3-e162e4c8b7af,2,16.0,mobile,social,0,0,0,0,1,0,1,0,0,0,0,,1
ce2a4342-ca46-456c-9997-8fbe555dfe75,7,117.0,desktop,social,1,0,1,0,1,0,1,1,1,1,0,payment_failure,1
ce35172d-fcc2-4144-98ec-62dccfad1794,2,17.0,desktop,organic,0,0,0,0,1,0,1,0,0,0,0,,1
ce3766d2-3ddd-4b7e-8902-ccc6d9b351d6,2,16.0,desktop,paid_search,0,0,0,0,1,0,1,0,0,0,0,,1
ce3be30d-ce30-4d7f-8f9d-6d570dc64503,6,111.0,mobile,organic,1,0,1,0,0,1,1,1,0,1,0,post_purchase_anxiety,0
ce5c85ec-7f51-492a-867d-983efcd94c51,10,225.0,mobile,email,0,0,0,4,1,0,1,0,0,4,0,unclear_product_info,1
ce62945e-d768-400a-ad9e-88f373f38dd6,2,27.0,mobile,organic,0,0,0,0,1,0,1,0,0,0,0,,1
ce66c87a-1b42-4030-8d22-8104a624c9f1,2,9.0,desktop,organic,0,0,0,0,1,0,1,0,0,0,0,,1
ce746290-6327-4546-b489-d34d95d2fda0,2,18.0,mobile,social,0,0,0,0,1,0,1,0,0,0,0,,1
ce9d75c4-1928-4758-87bf-623aa0894446,6,127.0,mobile,social,1,0,1,0,0,1,1,1,0,1,0,no_friction,0
ceb1d823-f730-4064-aa77-af9e56fd0a76,2,21.0,tablet,organic,0,0,0,0,1,0,1,0,0,0,0,,1
cec9b035-92f8-4fda-a45a-2dc364d3a3db,2,18.0,desktop,direct,0,0,0,0,1,0,1,0,0,0,0,,1
cecc6229-ae1a-4d8d-b24a-f06a5d9ba845,6,118.0,mobile,social,1,1,1,0,1,0,1,0,0,1,0,delivery_uncertainty,1
cecd655b-1d09-4141-9db0-f607cae454f7,2,15.0,desktop,organic,0,0,0,0,1,0,1,0,0,0,0,,1
cecf9fd0-e3f5-4461-a951-9889b75c5205,2,25.0,mobile,direct,0,0,0,0,1,0,1,0,0,0,0,,1
cee0c87f-4937-453e-bff2-f855a76776aa,2,18.0,mobile,email,0,0,0,0,1,0,1,0,0,0,0,,1
cee3a083-209b-420f-8cb4-bf2e15c22f07,2,9.0,mobile,organic,0,0,0,0,1,0,1,0,0,0,0,,1
ceee900e-9694-43b3-a056-3e1ddb3eb53e,2,25.0,mobile,organic,0,0,0,0,1,0,1,0,0,0,0,,1
cef1fb9b-7696-40f8-9940-611190983a41,2,24.0,mobile,paid_search,0,0,0,0,1,0,1,0,0,0,0,,1
ceff5506-7c98-48cd-9cdf-ddff458d92e0,6,68.0,mobile,email,1,0,1,0,0,1,1,1,0,1,0,no_friction,0
cf08094a-336b-4b91-986a-1122ec19c618,2,24.0,mobile,paid_search,0,0,0,0,1,0,1,0,0,0,0,,1
cf0be29f-2966-4784-bda2-7e3f35ad7551,10,158.0,mobile,email,0,0,0,4,1,0,1,0,0,4,0,unclear_product_info,1
cf0dabed-2dbc-45bd-a08a-08cec6d84337,2,15.0,mobile,paid_search,0,0,0,0,1,0,1,0,0,0,0,,1
cf0e17bf-6b63-40dc-a3bc-d6b687015ee8,2,11.0,tablet,email,0,0,0,0,1,0,1,0,0,0,0,,1
cf0f5f8a-2be9-4099-aa43-74722abf7f91,2,23.0,desktop,organic,0,0,0,0,1,0,1,0,0,0,0,,1
cf234997-e476-4788-97c1-5b68aececb71,8,71.0,tablet,direct,0,0,0,0,1,0,4,0,0,0,3,poor_recommendations,1
cf326332-3164-45be-a3ce-3730f2833e58,6,133.0,desktop,organic,1,0,1,0,0,1,1,1,0,1,0,no_friction,0
cf47f2d8-cec2-4bd7-96e5-3d7fda9ff59d,8,102.0,desktop,paid_search,0,0,0,0,1,0,4,0,0,0,3,poor_recommendations,1
cf5a06d3-9e28-4390-b894-0f6f343f6ff6,2,18.0,mobile,email,0,0,0,0,1,0,1,0,0,0,0,,1
cf6cf921-f0a1-45a0-bebf-1afb0195c981,6,125.0,mobile,email,1,0,1,0,0,1,1,1,0,1,0,no_friction,0
cf7b707a-aac8-43d5-a44f-4890e241d271,8,99.0,desktop,paid_search,0,0,0,0,1,0,4,0,0,0,3,poor_recommendations,1
cf830a40-ff8e-4e36-bd87-93d36c15f2f3,2,10.0,desktop,social,0,0,0,0,1,0,1,0,0,0,0,,1
cf997ef0-32c3-4086-bc5f-d7a8dc06947c,8,81.0,mobile,social,0,0,0,0,1,0,4,0,0,0,3,poor_recommendations,1
cfa26be2-5a90-4ca1-855a-f4e2150a275a,6,120.0,desktop,organic,1,0,1,0,0,1,1,1,0,1,0,post_purchase_anxiety,0
cfa68611-240d-4bcf-a668-dc1b93a8c78b,5,93.0,mobile,social,1,0,1,0,1,0,1,0,0,1,0,price_shock,1
cfa7a6cf-b9fd-424f-ac00-97c9b9f459fc,6,90.0,desktop,social,1,1,1,0,1,0,1,0,0,1,0,delivery_uncertainty,1
cfa8805b-b414-4ad0-ab9a-2bd639dde474,6,142.0,mobile,social,1,0,1,0,0,1,1,1,0,1,0,no_friction,0
cfb1e2c1-b660-413b-814d-3aa7c7d592eb,2,30.0,tablet,direct,0,0,0,0,1,0,1,0,0,0,0,,1
cfb7f509-66a8-47d4-8c1e-b74de4c978c7,2,29.0,desktop,organic,0,0,0,0,1,0,1,0,0,0,0,,1
cfb9021d-3fb5-4140-ac2e-b99718835a2b,6,135.0,desktop,organic,1,0,1,0,0,1,1,1,0,1,0,no_friction,0
cfe66ad7-1835-4868-88d8-a5c85b16a8e8,2,12.0,mobile,direct,0,0,0,0,1,0,1,0,0,0,0,,1
cfee6095-ba9a-41e8-9c78-d0db61ced465,2,20.0,mobile,social,0,0,0,0,1,0,1,0,0,0,0,,1
d0022724-55bb-4882-847b-4f1f3751a377,2,7.0,mobile,social,0,0,0,0,1,0,1,0,0,0,0,,1
d010bcdd-b87b-423b-af60-adfd944be7fa,2,23.0,mobile,organic,0,0,0,0,1,0,1,0,0,0,0,,1
d0255d81-e945-4f33-b3c5-850b4c5721a1,6,108.0,mobile,direct,1,0,1,0,0,1,1,1,0,1,0,no_friction,0
d0294193-ba13-41f6-a2ec-25426a5d9f8e,6,122.0,mobile,paid_search,1,0,1,0,0,1,1,1,0,1,0,no_friction,0
d033c245-41d3-407b-a239-2a458d8b89f5,6,81.0,mobile,organic,1,0,1,0,0,1,1,1,0,1,0,no_friction,0
d0533411-0db4-44a8-897a-001877316702,2,20.0,mobile,organic,0,0,0,0,1,0,1,0,0,0,0,,1
d066f456-a4af-4576-9e4c-f709e5732f98,2,23.0,desktop,social,0,0,0,0,1,0,1,0,0,0,0,,1
d06b868c-6250-4324-9d19-4060fc3b4852,2,5.0,desktop,organic,0,0,0,0,1,0,1,0,0,0,0,,1
d073f5d0-d238-40e9-b759-b88670691ee4,2,29.0,desktop,paid_search,0,0,0,0,1,0,1,0,0,0,0,,1
d081d2ec-48ce-431c-9034-fba4f39788c2,2,29.0,mobile,social,0,0,0,0,1,0,1,0,0,0,0,,1
d08683a1-3cda-4f08-b051-49a6cf078d59,10,260.0,mobile,organic,0,0,0,4,1,0,1,0,0,4,0,unclear_product_info,1
d0944732-7198-4976-9bee-27d5768aff25,2,25.0,tablet,social,0,0,0,0,1,0,1,0,0,0,0,,1
d0952f1e-8a45-465f-bb91-53e6a88fc9fc,5,87.0,mobile,paid_search,1,0,1,0,1,0,1,0,0,1,0,price_shock,1
d09bf4cd-a67a-48d6-8eaa-fe768463b319,10,232.0,desktop,direct,0,0,0,4,1,0,1,0,0,4,0,unclear_product_info,1
d0a276d1-b144-4f50-a3de-4373b2ed555f,6,95.0,mobile,organic,1,0,1,0,0,1,1,1,0,1,0,post_purchase_anxiety,0
d0c75e53-db09-43c6-bb36-5a9f20328934,8,74.0,mobile,paid_search,0,0,0,0,1,0,4,0,0,0,3,poor_recommendations,1
d0d012cf-8373-45ff-ba1a-234376b2bac3,6,124.0,desktop,email,1,0,1,0,0,1,1,1,0,1,0,post_purchase_anxiety,0
d0d36357-82b0-42a1-92d0-7a703b0cd217,6,133.0,mobile,email,1,0,1,0,0,1,1,1,0,1,0,no_friction,0
d0e91928-4740-450d-88c0-d18b544fd3dc,2,7.0,desktop,email,0,0,0,0,1,0,1,0,0,0,0,,1
d0ed8b03-11bd-496c-a9ec-bd818235041f,2,28.0,mobile,direct,0,0,0,0,1,0,1,0,0,0,0,,1
d0f7ee1a-4622-437d-a508-6023283e6597,6,133.0,mobile,social,1,1,1,0,1,0,1,0,0,1,0,delivery_uncertainty,1
d1282abd-f475-48ad-b77f-65d1ba1bed4a,2,12.0,mobile,paid_search,0,0,0,0,1,0,1,0,0,0,0,,1
d1286955-8ce7-4626-b369-f2436707a508,2,30.0,mobile,organic,0,0,0,0,1,0,1,0,0,0,0,,1
d1330194-6af5-464c-a49f-a12f11480c20,2,14.0,mobile,organic,0,0,0,0,1,0,1,0,0,0,0,,1
d144413e-7054-4e69-99d4-2a46d15bed93,7,117.0,mobile,direct,1,0,1,0,1,0,1,1,1,1,0,payment_failure,1
d14bdc69-203b-48e8-91d5-1d53cdd5a305,7,124.0,mobile,social,1,0,1,0,1,0,1,1,1,1,0,payment_failure,1
d15fb485-cccc-4ceb-ad6a-d88564f02b8b,6,105.0,mobile,organic,1,0,1,0,0,1,1,1,0,1,0,no_friction,0
d16150bf-de48-4911-a4f5-9b6193560e33,2,19.0,mobile,paid_search,0,0,0,0,1,0,1,0,0,0,0,,1
d1641edc-df13-4105-a0db-0f3614e4eb53,5,84.0,mobile,social,1,0,1,0,1,0,1,0,0,1,0,price_shock,1
d1774444-e5ae-42cf-88ce-4ccdf8cd0131,10,190.0,mobile,social,0,0,0,4,1,0,1,0,0,4,0,unclear_product_info,1
d1785f48-bbb9-40ca-8a19-942fd0cd2273,6,122.0,desktop,organic,1,0,1,0,0,1,1,1,0,1,0,no_friction,0
d1b00e60-3f51-4461-afd4-056ccca50bec,6,93.0,mobile,organic,1,0,1,0,0,1,1,1,0,1,0,post_purchase_anxiety,0
d1c9049d-cfc7-4a44-81cb-2d7c63b68366,6,129.0,tablet,organic,1,0,1,0,0,1,1,1,0,1,0,no_friction,0
d1cf7b60-43a5-48f7-ac37-290f921696b9,2,22.0,desktop,organic,0,0,0,0,1,0,1,0,0,0,0,,1
d1d95847-68b6-47b8-8762-48b5c8e29f7d,8,94.0,tablet,organic,0,0,0,0,1,0,4,0,0,0,3,poor_recommendations,1
d1dd8c2b-f626-4015-86c5-f4145ade9cb3,2,18.0,mobile,organic,0,0,0,0,1,0,1,0,0,0,0,,1
d1e6ba1d-bab5-4216-b897-e1e031b040f8,2,9.0,desktop,direct,0,0,0,0,1,0,1,0,0,0,0,,1
d1f0bb29-9fc4-4429-aead-6d23c2b7f61d,2,23.0,desktop,paid_search,0,0,0,0,1,0,1,0,0,0,0,,1
d1fccbea-18c7-4dfb-8fbe-702a4b7a9793,7,118.0,mobile,email,1,0,1,0,1,0,1,1,1,1,0,payment_failure,1
d20543fc-9e1b-415b-8b4c-8199da0677be,2,18.0,mobile,organic,0,0,0,0,1,0,1,0,0,0,0,,1
d20775ef-c44e-4e76-9ad4-69d9f3ec5225,6,123.0,mobile,email,1,1,1,0,1,0,1,0,0,1,0,delivery_uncertainty,1
d20e6893-726c-430c-a7fa-f8c43b86d7eb,2,24.0,mobile,email,0,0,0,0,1,0,1,0,0,0,0,,1
d217759a-639c-42c3-8b84-9c3da6ca665f,2,5.0,mobile,paid_search,0,0,0,0,1,0,1,0,0,0,0,,1
d2210e52-f620-4bdc-a222-dbf97be4e828,2,24.0,tablet,organic,0,0,0,0,1,0,1,0,0,0,0,,1
d223a9fd-e3f2-45df-8403-7f4b32eebdc4,6,126.0,mobile,organic,1,0,1,0,0,1,1,1,0,1,0,no_friction,0
d2393c48-af9f-47e4-ba22-3a0e69bc899a,2,8.0,mobile,organic,0,0,0,0,1,0,1,0,0,0,0,,1
d2457ca8-383d-4cf2-919a-00a7dde9490a,10,201.0,mobile,organic,0,0,0,4,1,0,1,0,0,4,0,unclear_product_info,1
d24bad03-467b-4a77-b761-f2bc982f5ff1,2,25.0,mobile,paid_search,0,0,0,0,1,0,1,0,0,0,0,,1
d2550677-cd07-48b1-9786-c3cb7c033f4b,6,126.0,mobile,organic,1,0,1,0,0,1,1,1,0,1,0,no_friction,0
d255e761-42a3-49be-87a0-c3c755fae33e,2,28.0,desktop,organic,0,0,0,0,1,0,1,0,0,0,0,,1
d25d564a-c968-40dd-8b67-6fcae730d8dd,2,9.0,desktop,paid_search,0,0,0,0,1,0,1,0,0,0,0,,1
d26699b3-4bbe-4e92-b5a1-5b4049ae1535,6,110.0,mobile,paid_search,1,1,1,0,1,0,1,0,0,1,0,delivery_uncertainty,1
d26c680c-a241-49f6-a73d-6021903940ad,2,22.0,mobile,direct,0,0,0,0,1,0,1,0,0,0,0,,1
d276c4bf-9dc6-460e-8d5c-60091ce2c62d,2,16.0,mobile,organic,0,0,0,0,1,0,1,0,0,0,0,,1
d27add8b-d363-4ba5-9f95-68b2f5fd014f,2,16.0,desktop,paid_search,0,0,0,0,1,0,1,0,0,0,0,,1
d2907f80-4370-4599-ad0f-b3509be5bb0b,7,104.0,mobile,social,1,0,1,0,1,0,1,1,1,1,0,payment_failure,1
d2aaa3e4-19cb-402e-9be4-1e404b11d7f1,5,83.0,mobile,paid_search,1,0,1,0,1,0,1,0,0,1,0,price_shock,1
d2ae3ca9-feaa-46ca-a15e-3eec26f2d4ca,2,10.0,mobile,email,0,0,0,0,1,0,1,0,0,0,0,,1
d2c511c1-a0c9-4807-bbad-9bf7788874f3,2,6.0,mobile,organic,0,0,0,0,1,0,1,0,0,0,0,,1
d2cb8fdb-da1a-418a-a7c1-8ea434c232ab,6,90.0,mobile,social,1,0,1,0,0,1,1,1,0,1,0,no_friction,0
d2d81c09-60ff-41a8-8aa3-7d5ac435512a,2,25.0,tablet,organic,0,0,0,0,1,0,1,0,0,0,0,,1
d2df6d2c-6edc-4d37-87f9-913fa20356d6,6,123.0,mobile,organic,1,1,1,0,1,0,1,0,0,1,0,delivery_uncertainty,1
d2e31deb-4b5b-4e15-96d0-7dc67820d723,6,114.0,mobile,organic,1,0,1,0,0,1,1,1,0,1,0,no_friction,0
d2efd7cb-6dfb-45cd-809e-bb8d83f5d1a9,6,122.0,mobile,organic,1,1,1,0,1,0,1,0,0,1,0,delivery_uncertainty,1
d3055a18-e5c0-489f-9d88-c7e82e21ba47,2,13.0,desktop,social,0,0,0,0,1,0,1,0,0,0,0,,1
d309367e-4e59-4f39-83cc-d89543d2bc74,2,22.0,mobile,direct,0,0,0,0,1,0,1,0,0,0,0,,1
d30ba2c3-c6a7-4385-b747-2371a85847da,2,27.0,mobile,organic,0,0,0,0,1,0,1,0,0,0,0,,1
d31bc74e-55bd-47c9-a5e3-f44ba7013d35,8,91.0,desktop,direct,0,0,0,0,1,0,4,0,0,0,3,poor_recommendations,1
d330f044-f2bd-4b4c-8c88-9e2d64f4c9fb,6,128.0,mobile,organic,1,0,1,0,0,1,1,1,0,1,0,no_friction,0
d33b0909-651d-46fe-a739-d8518af4652d,2,5.0,desktop,direct,0,0,0,0,1,0,1,0,0,0,0,,1
d343424b-34ac-4cf1-bc74-22589c28ad75,2,12.0,mobile,direct,0,0,0,0,1,0,1,0,0,0,0,,1
d347cccf-ea1b-47d0-88a8-05af8e7ec03b,2,20.0,mobile,organic,0,0,0,0,1,0,1,0,0,0,0,,1
d34d1d74-5799-43ed-9b3e-ce8a34e5ec9d,2,22.0,mobile,organic,0,0,0,0,1,0,1,0,0,0,0,,1
d36d018b-8347-494f-889b-c82340106596,7,125.0,tablet,paid_search,1,0,1,0,1,0,1,1,1,1,0,payment_failure,1
d373fa8f-7107-4933-b990-e911a1de921f,6,103.0,mobile,organic,1,0,1,0,0,1,1,1,0,1,0,no_friction,0
d383b5cf-9fe5-4b9e-a3b4-11b4d02c0dec,2,24.0,mobile,organic,0,0,0,0,1,0,1,0,0,0,0,,1
d3b5b538-a34e-4bb6-b979-4be6c4bbbfa3,7,130.0,mobile,social,1,0,1,0,1,0,1,1,1,1,0,payment_failure,1
d3e0a927-c626-4782-9fd2-877c1a063a33,2,23.0,mobile,organic,0,0,0,0,1,0,1,0,0,0,0,,1
d3f7f301-4925-4f35-9fed-f6f76bebc3c0,6,130.0,mobile,organic,1,0,1,0,0,1,1,1,0,1,0,no_friction,0
d3fc32ed-2a48-4641-aa06-2156eaa1acdb,2,24.0,mobile,social,0,0,0,0,1,0,1,0,0,0,0,,1
d4051f2a-c33b-4a6a-9d12-8665d147f2ce,2,5.0,mobile,social,0,0,0,0,1,0,1,0,0,0,0,,1
d41b70fc-cb63-4874-ad69-8158406c9fa5,2,18.0,mobile,paid_search,0,0,0,0,1,0,1,0,0,0,0,,1
d4284c58-af65-43b6-abe1-5411784c1a6a,2,7.0,desktop,organic,0,0,0,0,1,0,1,0,0,0,0,,1
d429c609-eafb-4e90-bbf9-0a1055785134,2,6.0,mobile,organic,0,0,0,0,1,0,1,0,0,0,0,,1
d469d407-bcc7-4014-8df3-3f8c00803c43,2,27.0,mobile,direct,0,0,0,0,1,0,1,0,0,0,0,,1
d47c7130-2d70-4191-9897-f8ea05aef5ae,2,20.0,desktop,email,0,0,0,0,1,0,1,0,0,0,0,,1
d47f7bf4-fd5f-4402-b6c7-3b183b39ff89,2,7.0,mobile,social,0,0,0,0,1,0,1,0,0,0,0,,1
d4849d73-683e-422c-87c8-4b2ddbc804dd,2,30.0,mobile,social,0,0,0,0,1,0,1,0,0,0,0,,1
d4856ff0-a702-4f47-94d9-a7aaf7c134c6,2,28.0,desktop,paid_search,0,0,0,0,1,0,1,0,0,0,0,,1
d495c402-f764-42e9-a93e-b3a6398f1571,6,109.0,desktop,direct,1,1,1,0,1,0,1,0,0,1,0,delivery_uncertainty,1
d4a8e62d-db9e-42a8-8d86-afb35c8fe6f2,6,113.0,mobile,social,1,1,1,0,1,0,1,0,0,1,0,delivery_uncertainty,1
d4b10616-bce2-4b40-ac73-6f4fff815d6d,5,86.0,desktop,direct,1,0,1,0,1,0,1,0,0,1,0,price_shock,1
d4c04bf7-e9a4-436a-b991-16d1ab831f23,2,9.0,desktop,paid_search,0,0,0,0,1,0,1,0,0,0,0,,1
d4c72618-6aa3-4711-a2d9-19985237bd2b,6,117.0,mobile,social,1,0,1,0,0,1,1,1,0,1,0,no_friction,0
d4d825b9-7712-454f-800d-3542385409ca,2,25.0,mobile,social,0,0,0,0,1,0,1,0,0,0,0,,1
d4d86842-1b6f-4386-affc-ce040a3adc0b,2,5.0,mobile,paid_search,0,0,0,0,1,0,1,0,0,0,0,,1
d4efae2b-9ec5-410b-b4ee-55b081894216,2,16.0,mobile,social,0,0,0,0,1,0,1,0,0,0,0,,1
d4f0edd8-b354-422c-9d7b-bece13c238da,5,93.0,mobile,paid_search,1,0,1,0,1,0,1,0,0,1,0,price_shock,1
d4f8765d-f095-4ce5-9b83-7699d51a5bf5,6,117.0,mobile,organic,1,0,1,0,0,1,1,1,0,1,0,post_purchase_anxiety,0
d4fc96a7-6898-48a8-90d6-bf31f7beb7ec,2,23.0,mobile,social,0,0,0,0,1,0,1,0,0,0,0,,1
d502a3fe-3e12-4e7a-b6ed-bc21b9404c9a,6,126.0,desktop,organic,1,0,1,0,0,1,1,1,0,1,0,no_friction,0
d5036202-f7e6-415c-8678-274371e9c26b,8,97.0,mobile,social,0,0,0,0,1,0,4,0,0,0,3,poor_recommendations,1
d50c1fde-e1ca-4d62-8395-8e08cb63fefd,6,135.0,desktop,social,1,0,1,0,0,1,1,1,0,1,0,no_friction,0
d51e98b6-f1ef-4ec3-8859-097d6a2d104d,2,7.0,mobile,organic,0,0,0,0,1,0,1,0,0,0,0,,1
d526731d-ea66-418a-87f1-10a33811403e,2,18.0,mobile,organic,0,0,0,0,1,0,1,0,0,0,0,,1
d53bafba-57f0-4dfe-87c7-bb13934cc3b4,2,29.0,mobile,social,0,0,0,0,1,0,1,0,0,0,0,,1
d53de26e-def9-4116-9aef-f6fb70579bd3,10,172.0,mobile,organic,0,0,0,4,1,0,1,0,0,4,0,unclear_product_info,1
d5535ee1-95c2-43ab-8443-21b1fc306fcc,2,12.0,mobile,organic,0,0,0,0,1,0,1,0,0,0,0,,1
d58c9fb1-630e-42fb-bd9c-bb3c4c6af1e8,2,29.0,desktop,organic,0,0,0,0,1,0,1,0,0,0,0,,1
d59b02c1-9653-4046-b438-4d5565ba5323,6,128.0,mobile,organic,1,0,1,0,0,1,1,1,0,1,0,no_friction,0
d59cf659-5a7a-4568-895f-2d28d6032e31,6,91.0,mobile,direct,1,1,1,0,1,0,1,0,0,1,0,delivery_uncertainty,1
d5a242cc-102a-4c23-b792-9b0e89c797af,6,107.0,desktop,organic,1,0,1,0,0,1,1,1,0,1,0,no_friction,0
d5a6f469-3aa4-422b-825f-4f592660fc95,2,14.0,mobile,social,0,0,0,0,1,0,1,0,0,0,0,,1
d5c63688-42ed-4d39-909b-62a77c9670dc,6,78.0,desktop,paid_search,1,0,1,0,0,1,1,1,0,1,0,no_friction,0
d5c83461-3d2a-442f-b6be-5e424d5792a4,2,20.0,mobile,email,0,0,0,0,1,0,1,0,0,0,0,,1
d5d91222-cb4c-4dc4-9bc3-c3119f0ec948,2,20.0,mobile,organic,0,0,0,0,1,0,1,0,0,0,0,,1
d5fea956-55ed-411a-8144-2f7dd722bc6f,6,121.0,desktop,organic,1,0,1,0,0,1,1,1,0,1,0,post_purchase_anxiety,0
d6157cdc-5260-46ac-a514-e96a65ed9840,2,21.0,mobile,email,0,0,0,0,1,0,1,0,0,0,0,,1
d61ac31b-9045-4452-b5fe-82dd9e82c70f,2,7.0,desktop,direct,0,0,0,0,1,0,1,0,0,0,0,,1
d62c8805-99cf-4a5b-8494-275bab4827ea,6,88.0,mobile,social,1,0,1,0,0,1,1,1,0,1,0,no_friction,0
d636173a-ccdb-4b63-b8c2-a3f9c09a7d57,2,6.0,mobile,organic,0,0,0,0,1,0,1,0,0,0,0,,1
d64ee145-d41e-48c4-9e9d-e12d163b0890,2,5.0,mobile,social,0,0,0,0,1,0,1,0,0,0,0,,1
d657e4ce-6463-4c4a-bceb-2ca53f0a6102,2,18.0,mobile,organic,0,0,0,0,1,0,1,0,0,0,0,,1
d672784f-36f6-4d60-8918-a4b53cebc0ae,6,107.0,mobile,email,1,1,1,0,1,0,1,0,0,1,0,delivery_uncertainty,1
d67424d6-85f4-4581-a0b4-ed01e967777d,6,111.0,mobile,organic,1,0,1,0,0,1,1,1,0,1,0,no_friction,0
d681d6d9-b6c4-4dbf-bb74-b8d7ad68f385,2,29.0,mobile,paid_search,0,0,0,0,1,0,1,0,0,0,0,,1
d695c9e3-e590-4f04-ab19-08e1fd97c48d,7,146.0,desktop,social,1,0,1,0,1,0,1,1,1,1,0,payment_failure,1
d6b213d6-8172-47d3-9fd7-98da0eeef46d,6,121.0,mobile,organic,1,0,1,0,0,1,1,1,0,1,0,no_friction,0
d6c492f4-c0b7-499c-a576-70bd5cd2d8cf,2,13.0,desktop,organic,0,0,0,0,1,0,1,0,0,0,0,,1
d6d832d6-1b91-4b79-97de-874479be7260,6,114.0,desktop,email,1,0,1,0,0,1,1,1,0,1,0,no_friction,0
d6ede443-3383-4beb-858f-951a65fdabb7,6,107.0,tablet,social,1,0,1,0,0,1,1,1,0,1,0,no_friction,0
d709500f-1a06-4c1b-919e-dedc23875562,2,30.0,desktop,organic,0,0,0,0,1,0,1,0,0,0,0,,1
d71893d0-9938-42fa-a738-dac13dc85212,2,18.0,mobile,organic,0,0,0,0,1,0,1,0,0,0,0,,1
d7197978-0d51-4f68-afc8-37dbeabb3db3,2,27.0,mobile,paid_search,0,0,0,0,1,0,1,0,0,0,0,,1
d71bb2cb-48f9-4254-be46-6242b7029104,2,7.0,mobile,organic,0,0,0,0,1,0,1,0,0,0,0,,1
d71f5d0d-eef5-4462-a45f-bb675af61371,6,94.0,mobile,paid_search,1,1,1,0,1,0,1,0,0,1,0,delivery_uncertainty,1
d7218059-d4a9-4f8b-b227-6c317c6f6d7a,2,5.0,mobile,organic,0,0,0,0,1,0,1,0,0,0,0,,1
d722b7af-785c-441c-99ff-288d063d2e31,8,87.0,mobile,email,0,0,0,0,1,0,4,0,0,0,3,poor_recommendations,1
d7249c2c-4e1e-42df-925c-e9fbb78e3e76,2,29.0,tablet,social,0,0,0,0,1,0,1,0,0,0,0,,1
d72658e0-b8c0-441f-a8b9-d4d1c08e4725,6,108.0,mobile,social,1,0,1,0,0,1,1,1,0,1,0,no_friction,0
d7306a89-80a8-4433-b9ab-02ca7c65010e,2,16.0,mobile,organic,0,0,0,0,1,0,1,0,0,0,0,,1
d73773ad-771d-481d-a78a-856c49662041,10,177.0,mobile,organic,0,0,0,4,1,0,1,0,0,4,0,unclear_product_info,1
d73c25e7-2ef1-4761-a4e4-f88df879dfe7,2,17.0,mobile,organic,0,0,0,0,1,0,1,0,0,0,0,,1
d753fc00-4e7f-41a2-b628-cc664f30f075,2,18.0,mobile,direct,0,0,0,0,1,0,1,0,0,0,0,,1
d756d49e-b0ee-4a84-ad75-2fb566fc8a47,6,117.0,desktop,social,1,0,1,0,0,1,1,1,0,1,0,no_friction,0
d75930ca-be00-42f5-95af-ac0b92e513b5,5,72.0,tablet,social,1,0,1,0,1,0,1,0,0,1,0,price_shock,1
d762717a-e60e-4616-8d9f-b1813d3674cb,6,90.0,desktop,organic,1,0,1,0,0,1,1,1,0,1,0,no_friction,0
d76dac81-34ca-404f-b209-8912d54ea21c,6,124.0,desktop,email,1,0,1,0,0,1,1,1,0,1,0,no_friction,0
d7704e29-080a-49a0-b411-5590ba9f0d5d,2,5.0,mobile,paid_search,0,0,0,0,1,0,1,0,0,0,0,,1
d7930ae9-a12e-48f7-b9d2-d63ad8e331b8,2,24.0,mobile,organic,0,0,0,0,1,0,1,0,0,0,0,,1
d797c294-69a4-4449-8d30-51631fc6bda8,10,187.0,desktop,organic,0,0,0,4,1,0,1,0,0,4,0,unclear_product_info,1
d797de66-1f40-4e02-a636-dc84576d7f6f,6,107.0,mobile,organic,1,0,1,0,0,1,1,1,0,1,0,no_friction,0
d7a06266-1cc0-485d-a931-82bfe82aed46,6,111.0,desktop,organic,1,0,1,0,0,1,1,1,0,1,0,no_friction,0
d7b85249-577d-403c-99fc-21c82bad2a24,2,24.0,desktop,organic,0,0,0,0,1,0,1,0,0,0,0,,1
d7cb4fd1-2aff-486c-b6dc-600847a4231e,7,135.0,desktop,organic,1,0,1,0,1,0,1,1,1,1,0,payment_failure,1
d7d8fde5-2220-4d38-971d-75fb25e4b06c,6,130.0,mobile,organic,1,0,1,0,0,1,1,1,0,1,0,no_friction,0
d7db9528-58d5-4a8a-95c0-b6c354e6fc2e,2,8.0,mobile,organic,0,0,0,0,1,0,1,0,0,0,0,,1
d7dbae36-6008-4ea4-b761-7ef42ee70a5a,2,8.0,mobile,paid_search,0,0,0,0,1,0,1,0,0,0,0,,1
d7dd3540-e343-4d97-8e99-1ee4467e6fc8,6,109.0,mobile,paid_search,1,0,1,0,0,1,1,1,0,1,0,no_friction,0
d7eb09b6-fb04-4e4a-ac01-65d2bda59630,2,24.0,mobile,organic,0,0,0,0,1,0,1,0,0,0,0,,1
d7f00915-fc14-42a9-89e1-cdc7ce5a50b3,2,12.0,mobile,organic,0,0,0,0,1,0,1,0,0,0,0,,1
d8055d26-00e7-4035-aa2d-9cb8354016ad,6,117.0,mobile,social,1,1,1,0,1,0,1,0,0,1,0,delivery_uncertainty,1
d80e2792-a1eb-4a9d-89b3-3d6c34f0ba0f,6,138.0,desktop,organic,1,1,1,0,1,0,1,0,0,1,0,delivery_uncertainty,1
d81b49bb-3884-4886-8330-cc0b5b50960e,2,15.0,tablet,organic,0,0,0,0,1,0,1,0,0,0,0,,1
d82435ec-0b13-4351-b9ca-54ece178e5c5,5,89.0,tablet,email,1,0,1,0,1,0,1,0,0,1,0,price_shock,1
d853b99a-e9b5-41bb-b643-6dcd4064a295,10,209.0,mobile,paid_search,0,0,0,4,1,0,1,0,0,4,0,unclear_product_info,1
d857c721-a212-419d-b223-4a89d56b9116,2,5.0,desktop,direct,0,0,0,0,1,0,1,0,0,0,0,,1
d85d6bde-c6f2-4591-b7c5-1e9363b14ec0,2,20.0,mobile,social,0,0,0,0,1,0,1,0,0,0,0,,1
d86bf4a0-2e6b-4ee5-8bf1-6f25d28b8dc9,7,153.0,mobile,paid_search,1,0,1,0,1,0,1,1,1,1,0,payment_failure,1
d885852c-fe9a-479e-a877-bdf6f437ed75,6,119.0,mobile,organic,1,0,1,0,0,1,1,1,0,1,0,no_friction,0
d8944395-dffb-48d4-a278-2cb355de850a,7,135.0,mobile,organic,1,0,1,0,1,0,1,1,1,1,0,payment_failure,1
d8979779-fb12-43b2-a4ce-4bbaf241dae9,6,101.0,mobile,direct,1,0,1,0,0,1,1,1,0,1,0,no_friction,0
d8abd700-600e-4910-9f41-73bd7d8a0e06,2,7.0,desktop,email,0,0,0,0,1,0,1,0,0,0,0,,1
d8bc8e7d-2ee7-4250-8a27-4d8c501d38c0,6,81.0,mobile,organic,1,0,1,0,0,1,1,1,0,1,0,no_friction,0
d8c6c1a1-b2fe-443e-9b26-ead301dbefd2,2,7.0,tablet,organic,0,0,0,0,1,0,1,0,0,0,0,,1
d8eb251e-eff9-4f9f-8884-f5c49ffaff7f,6,105.0,desktop,organic,1,0,1,0,0,1,1,1,0,1,0,no_friction,0
d8ebc084-ce82-49c1-8c05-2e12421486a1,6,140.0,mobile,paid_search,1,0,1,0,0,1,1,1,0,1,0,no_friction,0
d8ef9039-640f-4e2d-988f-ff5c77a4be52,2,16.0,desktop,email,0,0,0,0,1,0,1,0,0,0,0,,1
d8f15768-e806-4c98-844e-e00b74e45eaa,2,30.0,desktop,social,0,0,0,0,1,0,1,0,0,0,0,,1
d8f5b346-f443-4a39-8cf3-0b073343a968,6,124.0,desktop,email,1,0,1,0,0,1,1,1,0,1,0,no_friction,0
d8f7a00d-72b7-4968-a497-425ba0b19800,2,14.0,mobile,social,0,0,0,0,1,0,1,0,0,0,0,,1
d9181eb8-3bf9-4d66-a092-a9a6ac8cba66,10,196.0,mobile,organic,0,0,0,4,1,0,1,0,0,4,0,unclear_product_info,1
d91fa60e-2eec-4ef3-bcdd-d5f22332f873,6,107.0,desktop,social,1,0,1,0,0,1,1,1,0,1,0,no_friction,0
d9212237-5696-4c2f-9a12-e260f59fd05a,6,86.0,mobile,social,1,0,1,0,0,1,1,1,0,1,0,post_purchase_anxiety,0
d941bf8c-a4f4-4604-9498-6f7e5c84a35b,2,9.0,mobile,social,0,0,0,0,1,0,1,0,0,0,0,,1
d94ad349-a773-4d27-8b5d-16c813cf2aff,6,101.0,mobile,organic,1,0,1,0,0,1,1,1,0,1,0,no_friction,0
d9503d33-c2f9-424f-8e28-14870b5781e9,2,10.0,desktop,organic,0,0,0,0,1,0,1,0,0,0,0,,1
d9575d87-8601-45e8-ab38-3d46d7eb1433,2,6.0,mobile,organic,0,0,0,0,1,0,1,0,0,0,0,,1
d96d53fb-249a-4cf6-9ca2-738130c40981,7,101.0,desktop,organic,1,0,1,0,1,0,1,1,1,1,0,payment_failure,1
d96f72b6-3d82-4b90-b470-29bd1c36a863,2,27.0,desktop,paid_search,0,0,0,0,1,0,1,0,0,0,0,,1
d97582fa-c203-4ca8-bc4f-65490144f738,10,261.0,mobile,organic,0,0,0,4,1,0,1,0,0,4,0,unclear_product_info,1
d986475d-030d-41c5-b1d5-ea7605bba6dc,2,26.0,mobile,organic,0,0,0,0,1,0,1,0,0,0,0,,1
d99ea7d5-aa00-47c2-bd86-6a14d8e43fe3,6,100.0,mobile,paid_search,1,0,1,0,0,1,1,1,0,1,0,post_purchase_anxiety,0
d9a4908f-2b8a-4332-9241-36b114c67b2f,2,27.0,mobile,paid_search,0,0,0,0,1,0,1,0,0,0,0,,1
d9b1ea04-4860-4cde-95cb-a7e00caf9c3d,2,24.0,mobile,social,0,0,0,0,1,0,1,0,0,0,0,,1
d9b56a3d-a1b0-4e0b-a908-2e1179d51607,5,97.0,mobile,organic,1,0,1,0,1,0,1,0,0,1,0,price_shock,1
d9b7763d-3dcf-42b6-a94c-1289b8027212,2,16.0,mobile,organic,0,0,0,0,1,0,1,0,0,0,0,,1
d9be6b47-737d-47c9-b165-130177ed7dc4,2,9.0,mobile,paid_search,0,0,0,0,1,0,1,0,0,0,0,,1
d9bfa80f-388d-4112-a1f3-282216c40851,5,86.0,mobile,direct,1,0,1,0,1,0,1,0,0,1,0,price_shock,1
d9cd8ffa-520d-4222-acee-a6807ca3d237,2,24.0,desktop,social,0,0,0,0,1,0,1,0,0,0,0,,1
d9d8f16a-0f0c-4d50-9d89-5d98fb696a3d,6,148.0,mobile,paid_search,1,0,1,0,0,1,1,1,0,1,0,no_friction,0
d9e1bcfa-869a-456b-9f50-7c3b24eb7ec0,10,240.0,desktop,organic,0,0,0,4,1,0,1,0,0,4,0,unclear_product_info,1
d9ed8c16-b756-472f-99e7-e53a78051756,2,28.0,mobile,organic,0,0,0,0,1,0,1,0,0,0,0,,1
d9f6b3a8-6353-4450-8534-926463cefa52,2,25.0,mobile,organic,0,0,0,0,1,0,1,0,0,0,0,,1
d9f793c8-f92f-447a-b9f9-c1807229d054,2,10.0,desktop,social,0,0,0,0,1,0,1,0,0,0,0,,1
d9ff2a4f-3366-4a3f-83af-e34db0fb7674,6,119.0,mobile,social,1,0,1,0,0,1,1,1,0,1,0,no_friction,0
da09de65-d0a6-4e68-90fd-22d3c7b9b108,6,104.0,mobile,organic,1,0,1,0,0,1,1,1,0,1,0,no_friction,0
da0c67b5-9757-4e4c-a068-fae4d379afe2,10,272.0,tablet,paid_search,0,0,0,4,1,0,1,0,0,4,0,unclear_product_info,1
da11cff4-9b16-4ded-b24e-fdb588aeb418,6,111.0,tablet,paid_search,1,0,1,0,0,1,1,1,0,1,0,no_friction,0
da18b731-440b-44ff-9dc3-3bb73fecf414,6,140.0,mobile,organic,1,0,1,0,0,1,1,1,0,1,0,no_friction,0
da217f05-d4e8-426e-84b1-84a39d408a02,2,23.0,mobile,paid_search,0,0,0,0,1,0,1,0,0,0,0,,1
da306eb0-972d-4095-9e72-6ab58ce9ae71,5,78.0,desktop,organic,1,0,1,0,1,0,1,0,0,1,0,price_shock,1
da36b039-92c3-4e07-b698-738cc02dbcd4,2,26.0,desktop,paid_search,0,0,0,0,1,0,1,0,0,0,0,,1
da3a038c-8dc8-4317-a17c-017692edf1d5,2,5.0,tablet,paid_search,0,0,0,0,1,0,1,0,0,0,0,,1
da471ea2-0acd-4d0c-b8d2-e94e640f62cb,2,26.0,mobile,organic,0,0,0,0,1,0,1,0,0,0,0,,1
da4aaa57-dab6-445d-b793-97906698ed60,2,15.0,desktop,organic,0,0,0,0,1,0,1,0,0,0,0,,1
da4b4b01-9561-4551-9f49-262467086d56,2,12.0,desktop,social,0,0,0,0,1,0,1,0,0,0,0,,1
da4ea9ab-3aa4-49f5-8f8a-1b016044a553,2,27.0,tablet,paid_search,0,0,0,0,1,0,1,0,0,0,0,,1
da58cc86-3aac-4617-83b3-b4c42ad019a5,2,19.0,mobile,social,0,0,0,0,1,0,1,0,0,0,0,,1
da80f9eb-d4a2-48c7-adfe-02886808857e,6,119.0,desktop,email,1,0,1,0,0,1,1,1,0,1,0,no_friction,0
da959c0e-ea16-4880-b9ab-def0dc8c61dc,10,179.0,mobile,organic,0,0,0,4,1,0,1,0,0,4,0,unclear_product_info,1
da9edc16-33df-41a5-9b86-fdf8b11f7ef2,2,30.0,mobile,social,0,0,0,0,1,0,1,0,0,0,0,,1
daa699f7-c8c0-493a-887e-605727b1e6f8,2,14.0,mobile,social,0,0,0,0,1,0,1,0,0,0,0,,1
dab5bdfa-2330-4fab-80fb-91f2c9885912,8,96.0,mobile,email,0,0,0,0,1,0,4,0,0,0,3,poor_recommendations,1
dac103f8-5ad7-4a7e-9f87-bd60abc1cbc5,2,19.0,mobile,social,0,0,0,0,1,0,1,0,0,0,0,,1
dac4b359-07d7-4493-b146-fe70cb04dda6,6,135.0,mobile,email,1,0,1,0,0,1,1,1,0,1,0,post_purchase_anxiety,0
dad24490-d970-4557-a808-48da5ae6451b,6,139.0,mobile,social,1,1,1,0,1,0,1,0,0,1,0,delivery_uncertainty,1
dae920de-0056-46d4-a3c7-bf4c484c263b,10,182.0,desktop,paid_search,0,0,0,4,1,0,1,0,0,4,0,unclear_product_info,1
dafdca6e-4b1a-4fe7-a982-cd165b98e8c2,7,143.0,mobile,organic,1,0,1,0,1,0,1,1,1,1,0,payment_failure,1
db0a31f4-6b4d-4c53-9823-ec8e21861ce3,6,121.0,mobile,social,1,0,1,0,0,1,1,1,0,1,0,no_friction,0
db16c62d-563a-412b-a172-86355146133d,2,26.0,mobile,organic,0,0,0,0,1,0,1,0,0,0,0,,1
db1dc2e1-f64b-406c-ac4c-eb5826376c53,8,110.0,mobile,paid_search,0,0,0,0,1,0,4,0,0,0,3,poor_recommendations,1
db4888ab-8d7f-41cc-9bb9-fe342924bb16,10,175.0,desktop,paid_search,0,0,0,4,1,0,1,0,0,4,0,unclear_product_info,1
db4c35bd-3d81-4180-adbf-6e3649086872,10,183.0,desktop,social,0,0,0,4,1,0,1,0,0,4,0,unclear_product_info,1
db513110-d076-42cb-911d-06802c2c7346,2,9.0,mobile,organic,0,0,0,0,1,0,1,0,0,0,0,,1
db605964-0def-44ba-8fe1-6ef822e97f2e,10,154.0,mobile,direct,0,0,0,4,1,0,1,0,0,4,0,unclear_product_info,1
db665801-376e-4677-b95f-beee1d2a5715,10,231.0,mobile,organic,0,0,0,4,1,0,1,0,0,4,0,unclear_product_info,1
db8bc0e2-6efd-4a56-8adc-28a5ca5dc6df,2,23.0,mobile,social,0,0,0,0,1,0,1,0,0,0,0,,1
dba18a7f-bbab-49b8-a6b4-1c6b29385612,2,13.0,mobile,email,0,0,0,0,1,0,1,0,0,0,0,,1
dbaa9f1d-5983-407a-b72e-f7a76e9d5d85,6,145.0,desktop,direct,1,1,1,0,1,0,1,0,0,1,0,delivery_uncertainty,1
dbb366fa-7970-4c9d-a001-a1197bc00f8a,8,103.0,mobile,social,0,0,0,0,1,0,4,0,0,0,3,poor_recommendations,1
dbb3db55-1a9c-419f-b417-3f2af7c2e3b9,2,14.0,mobile,organic,0,0,0,0,1,0,1,0,0,0,0,,1
dbb7e541-716d-4022-a8f0-13f1a489c2db,2,12.0,mobile,organic,0,0,0,0,1,0,1,0,0,0,0,,1
dbbe4e95-36e2-406b-939c-6c893d395f05,7,139.0,tablet,social,1,0,1,0,1,0,1,1,1,1,0,payment_failure,1
dbe7cb1c-3799-45df-a20d-ae0d28681bae,2,19.0,tablet,organic,0,0,0,0,1,0,1,0,0,0,0,,1
dbf7e789-a4c5-4c17-9ca5-021afcf036dc,2,5.0,mobile,social,0,0,0,0,1,0,1,0,0,0,0,,1
dbf9013b-d692-44a0-9ada-ce4cb113231d,6,122.0,tablet,paid_search,1,0,1,0,0,1,1,1,0,1,0,post_purchase_anxiety,0
dc066661-a0ff-4fef-9edf-788a8e76b3a3,6,110.0,mobile,organic,1,0,1,0,0,1,1,1,0,1,0,no_friction,0
dc1a9502-4eff-45a9-9f0f-8045ecb4fd2b,2,13.0,mobile,organic,0,0,0,0,1,0,1,0,0,0,0,,1
dc2c2811-bd3c-4412-8684-f2734ae6c1c4,2,23.0,desktop,direct,0,0,0,0,1,0,1,0,0,0,0,,1
dc3ba876-de9c-4f87-8883-c4cc1aa507cd,2,6.0,desktop,social,0,0,0,0,1,0,1,0,0,0,0,,1
dc3d327d-3099-48fe-8de5-1113ef619606,6,96.0,desktop,organic,1,0,1,0,0,1,1,1,0,1,0,post_purchase_anxiety,0
dc3e3ba4-b5e2-457c-ba61-bf7eff4d223c,8,99.0,tablet,social,0,0,0,0,1,0,4,0,0,0,3,poor_recommendations,1
dc464ca1-40b1-4a54-af49-81cf41d81247,2,25.0,desktop,direct,0,0,0,0,1,0,1,0,0,0,0,,1
dc690f33-c65e-427d-bd8f-012b10d818eb,5,108.0,mobile,paid_search,1,0,1,0,1,0,1,0,0,1,0,price_shock,1
dc7d1f98-0a0b-4b70-8a3b-d74020b5f3e8,6,125.0,mobile,social,1,1,1,0,1,0,1,0,0,1,0,delivery_uncertainty,1
dc821384-83a0-4422-a887-ee6626cb07f7,2,17.0,tablet,social,0,0,0,0,1,0,1,0,0,0,0,,1
dc909e9b-c8be-4b67-8458-8588b8651d4d,7,116.0,mobile,social,1,0,1,0,1,0,1,1,1,1,0,payment_failure,1
dc984220-5231-4c5d-af06-6c86ef0d0e57,6,129.0,mobile,paid_search,1,0,1,0,0,1,1,1,0,1,0,no_friction,0
dca92bfb-42a3-40e6-8b8d-88052904c14d,5,98.0,desktop,organic,1,0,1,0,1,0,1,0,0,1,0,price_shock,1
dcaf5d2c-2465-4b3c-ab81-60a4e1e3133e,2,20.0,desktop,paid_search,0,0,0,0,1,0,1,0,0,0,0,,1
dcbf50fc-8f1e-420f-bfb0-32cfc815d14f,2,27.0,desktop,email,0,0,0,0,1,0,1,0,0,0,0,,1
dcc62c5a-7821-42c2-b732-6fc0f1b1a8ee,6,92.0,mobile,paid_search,1,0,1,0,0,1,1,1,0,1,0,no_friction,0
dcd239fd-94a0-450b-abf0-6125f2da6407,5,79.0,mobile,organic,1,0,1,0,1,0,1,0,0,1,0,price_shock,1
dcecca23-e785-4a0a-855a-7c81c262197f,6,118.0,tablet,organic,1,0,1,0,0,1,1,1,0,1,0,post_purchase_anxiety,0
dd00ea50-a124-4581-b372-ce98af746123,6,116.0,desktop,paid_search,1,0,1,0,0,1,1,1,0,1,0,no_friction,0
dd0ceb39-96d2-439f-afd6-548f6c3e5172,8,105.0,tablet,paid_search,0,0,0,0,1,0,4,0,0,0,3,poor_recommendations,1
dd0eacec-3742-4661-bac2-f8cb974b4be4,5,101.0,mobile,direct,1,0,1,0,1,0,1,0,0,1,0,price_shock,1
dd22f5e3-15e0-4529-ba50-90a3cf604426,2,27.0,mobile,organic,0,0,0,0,1,0,1,0,0,0,0,,1
dd3708ed-1acd-475d-9bb9-e793a7994967,8,110.0,desktop,organic,0,0,0,0,1,0,4,0,0,0,3,poor_recommendations,1
dd44e822-ad6f-4b7e-b9b8-cd6ec6559027,2,26.0,desktop,email,0,0,0,0,1,0,1,0,0,0,0,,1
dd50c2b3-9a39-4180-9cb3-71652d46ac6c,2,25.0,mobile,organic,0,0,0,0,1,0,1,0,0,0,0,,1
dd587071-fb2b-4a16-a042-e336c3eb4d01,2,13.0,mobile,paid_search,0,0,0,0,1,0,1,0,0,0,0,,1
dd642144-4e30-4947-99ed-ea2b806a0e0d,2,12.0,desktop,organic,0,0,0,0,1,0,1,0,0,0,0,,1
dd64f3f1-131e-4c2e-8622-1d319c5d999d,2,25.0,tablet,direct,0,0,0,0,1,0,1,0,0,0,0,,1
dd6808ca-a845-4137-af1e-d71e84f9519a,5,96.0,mobile,organic,1,0,1,0,1,0,1,0,0,1,0,price_shock,1
dda1c35d-3983-4db5-ac05-7fd9192e2696,6,124.0,mobile,social,1,0,1,0,0,1,1,1,0,1,0,no_friction,0
ddb24e84-6b8f-4cfe-bddc-f1fba064bd68,8,93.0,mobile,social,0,0,0,0,1,0,4,0,0,0,3,poor_recommendations,1
ddb67c73-a289-4e6d-8857-e33058abad40,2,17.0,desktop,organic,0,0,0,0,1,0,1,0,0,0,0,,1
ddd37332-6d06-4f52-9d4b-7f2785bb4fd9,6,130.0,mobile,email,1,0,1,0,0,1,1,1,0,1,0,post_purchase_anxiety,0
dddbacea-d3bc-4959-94b2-3b56690bef5a,6,103.0,mobile,paid_search,1,0,1,0,0,1,1,1,0,1,0,post_purchase_anxiety,0
ddddc867-cdbc-40d9-86f0-5079baaecccc,2,8.0,mobile,paid_search,0,0,0,0,1,0,1,0,0,0,0,,1
dddf66fb-d5ab-46f3-aecb-1e7afe93cad6,2,10.0,mobile,organic,0,0,0,0,1,0,1,0,0,0,0,,1
dde69a56-1187-41bd-b0db-59a974565f64,2,25.0,mobile,paid_search,0,0,0,0,1,0,1,0,0,0,0,,1
dde7af5a-d341-4bf4-9ae4-effd607d1062,2,25.0,mobile,direct,0,0,0,0,1,0,1,0,0,0,0,,1
ddf03ab2-6f6a-44cf-9a66-4388fb01c9da,6,98.0,mobile,social,1,0,1,0,0,1,1,1,0,1,0,post_purchase_anxiety,0
ddff2d91-e8e6-4775-975b-ee0d061bc3f2,6,90.0,mobile,paid_search,1,0,1,0,0,1,1,1,0,1,0,no_friction,0
de3b3f47-dddf-4610-83dc-5d35ea55f352,2,19.0,desktop,organic,0,0,0,0,1,0,1,0,0,0,0,,1
de463477-e235-4216-b054-66228721238a,2,17.0,mobile,organic,0,0,0,0,1,0,1,0,0,0,0,,1
de5d13cf-03fe-49f3-a99b-8ea0e9ed5050,2,24.0,mobile,direct,0,0,0,0,1,0,1,0,0,0,0,,1
de74cd10-341b-4ae6-bc7c-af2ad0689c84,6,131.0,mobile,social,1,0,1,0,0,1,1,1,0,1,0,no_friction,0
de87a92f-495f-4a65-b9b6-87cbcaebf97a,2,5.0,mobile,social,0,0,0,0,1,0,1,0,0,0,0,,1
de9422fe-0a09-422f-8294-4f31d4e0aab6,2,24.0,mobile,paid_search,0,0,0,0,1,0,1,0,0,0,0,,1
de973bb5-6e36-4aba-992c-b00c8d141adc,6,120.0,mobile,direct,1,1,1,0,1,0,1,0,0,1,0,delivery_uncertainty,1
de97d2a1-3bfe-4727-ab7d-0ff617f265b6,2,20.0,mobile,social,0,0,0,0,1,0,1,0,0,0,0,,1
de984d8e-4ab6-4ee5-abfb-d256733dff77,6,103.0,mobile,organic,1,0,1,0,0,1,1,1,0,1,0,no_friction,0
deb2d8e2-3bda-4a5b-9664-f69c9994884b,6,118.0,desktop,paid_search,1,0,1,0,0,1,1,1,0,1,0,post_purchase_anxiety,0
deb81d5c-0924-4812-9cdb-9b5691de8d47,7,143.0,mobile,social,1,0,1,0,1,0,1,1,1,1,0,payment_failure,1
debace05-daba-40e1-ade0-b1f5f4a4e720,6,105.0,mobile,social,1,0,1,0,0,1,1,1,0,1,0,no_friction,0
deed02c8-0e1e-4457-861f-0034a92041da,2,24.0,mobile,direct,0,0,0,0,1,0,1,0,0,0,0,,1
def6cde6-8676-4fe4-bb20-f192827a1e84,6,128.0,desktop,social,1,0,1,0,0,1,1,1,0,1,0,no_friction,0
def7e1b9-91b2-450d-b0e8-e858c9dd514e,6,112.0,mobile,email,1,0,1,0,0,1,1,1,0,1,0,no_friction,0
df05b4fb-a5f3-4987-abc3-7db2eddb3402,7,136.0,mobile,social,1,0,1,0,1,0,1,1,1,1,0,payment_failure,1
df0779b4-3370-4db4-ab96-a0f0474a340c,2,28.0,mobile,email,0,0,0,0,1,0,1,0,0,0,0,,1
df0ead6e-8947-4c34-8407-2422fd20c9bb,2,29.0,desktop,paid_search,0,0,0,0,1,0,1,0,0,0,0,,1
df27f260-d84e-42bd-a917-6a3c0fdb6eed,2,8.0,mobile,paid_search,0,0,0,0,1,0,1,0,0,0,0,,1
df413f21-91db-486e-bca5-86f72e8390c9,2,19.0,mobile,organic,0,0,0,0,1,0,1,0,0,0,0,,1
df4f6bc4-0875-4063-9593-159ff2e46375,6,80.0,desktop,paid_search,1,0,1,0,0,1,1,1,0,1,0,no_friction,0
df53de0c-84e5-4ed0-a36d-995bf79a8e70,2,12.0,desktop,paid_search,0,0,0,0,1,0,1,0,0,0,0,,1
df5d67d2-4e84-4122-a2ec-bb8bca7b6da5,7,134.0,mobile,social,1,0,1,0,1,0,1,1,1,1,0,payment_failure,1
df5eee36-247b-4b63-a554-7597c7c5cc7c,8,87.0,mobile,social,0,0,0,0,1,0,4,0,0,0,3,poor_recommendations,1
df650b3a-a2f9-4b5f-8f05-af6c8e791bfb,2,9.0,mobile,direct,0,0,0,0,1,0,1,0,0,0,0,,1
df6cb42e-8711-4671-b1e8-8be45cba1d8c,6,125.0,mobile,email,1,0,1,0,0,1,1,1,0,1,0,no_friction,0
df7412c1-9e89-4eb8-9df9-fddc9a6ea06b,10,226.0,mobile,paid_search,0,0,0,4,1,0,1,0,0,4,0,unclear_product_info,1
df76c482-e40c-4f60-bb23-f5766ea3d6ba,2,11.0,desktop,organic,0,0,0,0,1,0,1,0,0,0,0,,1
df818d25-6968-4faf-9d99-73a723505a42,8,101.0,desktop,organic,0,0,0,0,1,0,4,0,0,0,3,poor_recommendations,1
dfa2b0fb-76a0-417b-97e2-a370d18f3644,7,119.0,mobile,organic,1,0,1,0,1,0,1,1,1,1,0,payment_failure,1
dfbd45bc-888a-4830-ae36-37a02f1e8071,6,100.0,desktop,organic,1,1,1,0,1,0,1,0,0,1,0,delivery_uncertainty,1
dfc0ae43-c84b-4d41-9451-b4b91da44dd3,2,22.0,desktop,organic,0,0,0,0,1,0,1,0,0,0,0,,1
dfd6a0ce-594f-431a-92e8-ac695c5ebf97,2,16.0,desktop,email,0,0,0,0,1,0,1,0,0,0,0,,1
dfeb8644-6130-4444-974e-5dd16e627ca2,6,84.0,desktop,email,1,0,1,0,0,1,1,1,0,1,0,no_friction,0
dff5c206-ae21-4fdf-b5d9-9e2b479d4ca2,6,108.0,mobile,social,1,0,1,0,0,1,1,1,0,1,0,no_friction,0
dffd99e7-07b7-4d57-bf47-3445cd836489,2,8.0,desktop,direct,0,0,0,0,1,0,1,0,0,0,0,,1
e017340b-a007-43b1-9a9d-ef06f492d42f,7,166.0,mobile,social,1,0,1,0,1,0,1,1,1,1,0,payment_failure,1
e01e0dfa-fa42-43b2-ae97-2ad4b05d58d2,5,90.0,mobile,direct,1,0,1,0,1,0,1,0,0,1,0,price_shock,1
e0378ef8-8814-43c2-bedd-5716c7f527fc,5,105.0,desktop,paid_search,1,0,1,0,1,0,1,0,0,1,0,price_shock,1
e0461f7d-bcae-4723-93d0-bffebedcb565,2,15.0,tablet,email,0,0,0,0,1,0,1,0,0,0,0,,1
e04fcf30-977c-44ba-b78d-6905322481ea,2,28.0,mobile,organic,0,0,0,0,1,0,1,0,0,0,0,,1
e06071dc-fccf-4784-82bf-2650493101e2,6,107.0,tablet,paid_search,1,0,1,0,0,1,1,1,0,1,0,no_friction,0
e065b801-d879-4d17-b642-23ec35e69863,6,113.0,tablet,social,1,0,1,0,0,1,1,1,0,1,0,no_friction,0
e0675fc5-1229-4ee2-9098-1965dc9a2007,2,28.0,tablet,organic,0,0,0,0,1,0,1,0,0,0,0,,1
e0689669-a922-4063-821e-51e270ef541a,10,200.0,mobile,paid_search,0,0,0,4,1,0,1,0,0,4,0,unclear_product_info,1
e092344c-a61e-4c48-a8b5-71bf260cbb66,2,16.0,desktop,email,0,0,0,0,1,0,1,0,0,0,0,,1
e09469b3-79d7-4051-b306-2111393b0b90,5,86.0,mobile,email,1,0,1,0,1,0,1,0,0,1,0,price_shock,1
e09dcd45-3633-497a-9819-f890bd01e112,6,139.0,tablet,email,1,0,1,0,0,1,1,1,0,1,0,no_friction,0
e0ae57d7-ce40-4056-9301-06eb51feb4ba,6,114.0,mobile,social,1,0,1,0,0,1,1,1,0,1,0,no_friction,0
e0b05fe1-5616-420a-ac86-f743e05ab90f,2,11.0,desktop,organic,0,0,0,0,1,0,1,0,0,0,0,,1
e0b7e03c-c1a1-4105-8d8a-787099e448ed,6,107.0,desktop,social,1,0,1,0,0,1,1,1,0,1,0,no_friction,0
e0bfdefc-93fa-47e4-93d7-c27a5f44887e,2,7.0,mobile,organic,0,0,0,0,1,0,1,0,0,0,0,,1
e0c79b1f-7112-49e8-bdea-d4b549f196fb,2,21.0,mobile,organic,0,0,0,0,1,0,1,0,0,0,0,,1
e0ec4d61-f942-4db2-a9f6-9d4fc08b658e,6,121.0,desktop,paid_search,1,0,1,0,0,1,1,1,0,1,0,post_purchase_anxiety,0
e0ed4522-7134-4401-820a-ca5155fa44a5,2,26.0,mobile,paid_search,0,0,0,0,1,0,1,0,0,0,0,,1
e0f7426d-6d2e-441d-ac22-17ccb29d6118,2,18.0,desktop,organic,0,0,0,0,1,0,1,0,0,0,0,,1
e0fe1fd1-e844-415d-adb0-2a5a94f6d0d1,2,27.0,desktop,paid_search,0,0,0,0,1,0,1,0,0,0,0,,1
e110ae73-d768-4cc5-ad4b-1e04e811011f,6,126.0,tablet,organic,1,1,1,0,1,0,1,0,0,1,0,delivery_uncertainty,1
e113ab92-9071-4e1b-8fbe-04c07fb6fac9,6,127.0,tablet,paid_search,1,0,1,0,0,1,1,1,0,1,0,post_purchase_anxiety,0
e131a18a-1178-47c3-8552-ee832b12d92e,10,240.0,tablet,social,0,0,0,4,1,0,1,0,0,4,0,unclear_product_info,1
e1789c4d-97dd-4d49-b967-3a108ba7c647,6,107.0,desktop,organic,1,0,1,0,0,1,1,1,0,1,0,no_friction,0
e17ff7d1-243c-49d2-a140-be570044b8f8,2,12.0,desktop,paid_search,0,0,0,0,1,0,1,0,0,0,0,,1
e18f658b-3745-4c63-8801-22abaa4c47e9,2,29.0,desktop,email,0,0,0,0,1,0,1,0,0,0,0,,1
e1a14c97-5da1-4133-b300-3446a67a32ab,5,78.0,mobile,organic,1,0,1,0,1,0,1,0,0,1,0,price_shock,1
e1aaece7-967b-42d4-8874-d4f017e75d2a,2,7.0,mobile,paid_search,0,0,0,0,1,0,1,0,0,0,0,,1
e1acb721-c39d-409d-9fd7-1dfc0908e8ed,2,12.0,mobile,organic,0,0,0,0,1,0,1,0,0,0,0,,1
e1b7905f-bad8-42a3-8d0a-63398c9ecfe5,6,102.0,desktop,email,1,0,1,0,0,1,1,1,0,1,0,no_friction,0
e1c3dede-39cc-451c-b9a5-3f56e32a1ef9,2,21.0,mobile,email,0,0,0,0,1,0,1,0,0,0,0,,1
e1cae7bf-4d66-443a-9275-d75d6a7cfeaf,2,22.0,mobile,direct,0,0,0,0,1,0,1,0,0,0,0,,1
e1d28224-50b5-4c97-9868-4ac9392f45e9,6,104.0,desktop,direct,1,0,1,0,0,1,1,1,0,1,0,no_friction,0
e1ebc5b8-dd6e-4f0e-a97f-fb6468b51836,2,18.0,mobile,direct,0,0,0,0,1,0,1,0,0,0,0,,1
e21594de-1189-465a-bd54-8a65c4d5121f,2,25.0,mobile,organic,0,0,0,0,1,0,1,0,0,0,0,,1
e21eac10-bfc4-42c7-aa15-c165d8d522e2,2,29.0,desktop,organic,0,0,0,0,1,0,1,0,0,0,0,,1
e22357a2-fdba-4736-be86-35f373927d96,10,227.0,tablet,organic,0,0,0,4,1,0,1,0,0,4,0,unclear_product_info,1
e2288a2c-27a3-47f3-98fb-6e52f5c3e3e8,7,135.0,mobile,organic,1,0,1,0,1,0,1,1,1,1,0,payment_failure,1
e2300402-acc7-4465-be28-be4016d5ee5c,2,14.0,mobile,paid_search,0,0,0,0,1,0,1,0,0,0,0,,1
e2410467-08dd-4a22-bfae-9cbadec5ccd4,2,19.0,desktop,social,0,0,0,0,1,0,1,0,0,0,0,,1
e243b990-a944-48d0-9644-32fa61c26aa9,10,202.0,mobile,organic,0,0,0,4,1,0,1,0,0,4,0,unclear_product_info,1
e253697e-bcdd-4e05-97ad-653a43508f5d,6,113.0,desktop,organic,1,0,1,0,0,1,1,1,0,1,0,post_purchase_anxiety,0
e2537725-4455-4701-8e8e-d8dced598b11,2,24.0,mobile,social,0,0,0,0,1,0,1,0,0,0,0,,1
e2563f9c-b5e7-4ebc-b8e4-854b2199ee69,2,26.0,mobile,social,0,0,0,0,1,0,1,0,0,0,0,,1
e2592958-5a30-4cd5-82a5-1fff76ff106b,2,26.0,mobile,organic,0,0,0,0,1,0,1,0,0,0,0,,1
e275087e-e77c-4f2e-9721-7766cea00030,2,22.0,tablet,organic,0,0,0,0,1,0,1,0,0,0,0,,1
e2afc993-0817-4f34-b8f3-8813f67b932e,2,22.0,mobile,organic,0,0,0,0,1,0,1,0,0,0,0,,1
e2b47b3c-e02e-4bb0-b3b4-54c06d524623,2,30.0,mobile,direct,0,0,0,0,1,0,1,0,0,0,0,,1
e2bb693e-ba0c-43cd-b1e8-9c6d941ae1a7,2,18.0,mobile,paid_search,0,0,0,0,1,0,1,0,0,0,0,,1
e2c2684b-c413-461f-aaca-1db7dc5d315f,8,90.0,mobile,social,0,0,0,0,1,0,4,0,0,0,3,poor_recommendations,1
e2cd3d21-2b67-4cfb-965e-f73b5ec4238e,2,16.0,mobile,organic,0,0,0,0,1,0,1,0,0,0,0,,1
e2dc5cf6-cd6d-4197-8bb3-0c5c98bcc070,2,26.0,desktop,social,0,0,0,0,1,0,1,0,0,0,0,,1
e2dfc86b-ae01-4a2a-a157-c3a36ce3f55f,6,70.0,desktop,paid_search,1,0,1,0,0,1,1,1,0,1,0,post_purchase_anxiety,0
e2e708f5-31f2-474e-8c83-77900c985680,2,7.0,mobile,email,0,0,0,0,1,0,1,0,0,0,0,,1
e2e853bb-6fbc-4a7c-a7e1-509c9d3d4a29,6,86.0,tablet,paid_search,1,0,1,0,0,1,1,1,0,1,0,no_friction,0
e2ec7f5c-0712-4eb4-a96b-4cefbce9194d,6,138.0,desktop,social,1,1,1,0,1,0,1,0,0,1,0,delivery_uncertainty,1
e2f65009-116a-4b5e-ba13-1b188de5a2ab,2,16.0,desktop,social,0,0,0,0,1,0,1,0,0,0,0,,1
e2fbb3cb-fb20-42de-872c-a5a0da91b2de,2,24.0,mobile,direct,0,0,0,0,1,0,1,0,0,0,0,,1
e309e2c4-1969-45e3-a5f8-21aa41286f35,6,104.0,mobile,social,1,0,1,0,0,1,1,1,0,1,0,no_friction,0
e3147858-3c84-4953-a77f-7c5812f12f7f,2,24.0,mobile,organic,0,0,0,0,1,0,1,0,0,0,0,,1
e32c59c1-2015-4635-a6f4-ef2968c03615,6,104.0,mobile,organic,1,0,1,0,0,1,1,1,0,1,0,post_purchase_anxiety,0
e32d173d-9e3d-4a2e-bf51-836be17f06e7,6,137.0,desktop,organic,1,0,1,0,0,1,1,1,0,1,0,no_friction,0
e32db232-01fc-46d7-8ee1-d1cb22513a94,6,119.0,desktop,email,1,1,1,0,1,0,1,0,0,1,0,delivery_uncertainty,1
e34711d8-5c7c-4440-8df6-8af699d5711e,2,25.0,desktop,organic,0,0,0,0,1,0,1,0,0,0,0,,1
e34d8deb-724e-405d-9cf1-f652907e106c,5,84.0,mobile,organic,1,0,1,0,1,0,1,0,0,1,0,price_shock,1
e3608387-a4cb-41d2-be7c-3ef48ba03de3,6,112.0,mobile,social,1,1,1,0,1,0,1,0,0,1,0,delivery_uncertainty,1
e380aa61-9047-4c09-a292-4c3c93436f2d,2,27.0,desktop,organic,0,0,0,0,1,0,1,0,0,0,0,,1
e38e73e6-35a7-4534-98bf-5c0f38d029ad,2,8.0,desktop,social,0,0,0,0,1,0,1,0,0,0,0,,1
e3e15743-7360-4777-abb5-2019509495e7,2,19.0,desktop,email,0,0,0,0,1,0,1,0,0,0,0,,1
e3eba3d9-e5dc-4272-b69b-42ec7fb0e957,2,29.0,desktop,paid_search,0,0,0,0,1,0,1,0,0,0,0,,1
e3f3aa68-ac4e-4b97-86aa-1ab9ace638ac,6,61.0,tablet,organic,1,0,1,0,0,1,1,1,0,1,0,no_friction,0
e40029c4-6640-403e-9173-e24786e024c3,6,83.0,tablet,social,1,1,1,0,1,0,1,0,0,1,0,delivery_uncertainty,1
e4225478-5cd8-4705-a8f6-eef6f0cfc237,2,9.0,desktop,social,0,0,0,0,1,0,1,0,0,0,0,,1
e43786e3-489f-4b7a-8ad3-ef07ce4136a8,6,108.0,mobile,paid_search,1,0,1,0,0,1,1,1,0,1,0,no_friction,0
e4392d82-bc1b-4b83-8c82-16587f3757b1,2,7.0,tablet,organic,0,0,0,0,1,0,1,0,0,0,0,,1
e43e9309-6f86-4137-ab5b-6ed0597c8430,2,10.0,mobile,organic,0,0,0,0,1,0,1,0,0,0,0,,1
e444424f-ef0e-427b-bf00-960058345c3f,2,17.0,desktop,email,0,0,0,0,1,0,1,0,0,0,0,,1
e44cbe17-201d-4b16-937a-01c3046a6ea0,7,130.0,mobile,organic,1,0,1,0,1,0,1,1,1,1,0,payment_failure,1
e44edf42-cc01-4c1b-bfef-a1f4b1bcfba0,10,265.0,tablet,organic,0,0,0,4,1,0,1,0,0,4,0,unclear_product_info,1
e459c622-dd3e-466f-8002-1eaca0183227,10,196.0,mobile,organic,0,0,0,4,1,0,1,0,0,4,0,unclear_product_info,1
e4610829-5402-4a1c-8445-38c0288b42c0,6,98.0,mobile,social,1,0,1,0,0,1,1,1,0,1,0,no_friction,0
e46d576b-2d81-4346-bdb5-b2c7f561dc5c,6,78.0,tablet,direct,1,0,1,0,0,1,1,1,0,1,0,no_friction,0
e483c675-d37e-4cee-9604-7e8ac8c2e003,6,100.0,mobile,organic,1,0,1,0,0,1,1,1,0,1,0,no_friction,0
e48c6b5c-dcb2-4394-8f1a-d69223790ff5,2,23.0,mobile,direct,0,0,0,0,1,0,1,0,0,0,0,,1
e49b14ed-f582-4184-843d-1d3beffba78d,6,112.0,mobile,organic,1,0,1,0,0,1,1,1,0,1,0,no_friction,0
e4a3b4b7-3b57-4522-b93a-cbbb878c9ec3,7,140.0,desktop,organic,1,0,1,0,1,0,1,1,1,1,0,payment_failure,1
e4a8c9b4-bc2d-4a66-ad73-02630405d043,6,114.0,tablet,social,1,0,1,0,0,1,1,1,0,1,0,no_friction,0
e4abb392-856e-41b1-8fbd-6dce92804146,2,28.0,tablet,organic,0,0,0,0,1,0,1,0,0,0,0,,1
e4b8856f-95a0-4e4f-8795-0cb84eac9fe2,7,138.0,mobile,direct,1,0,1,0,1,0,1,1,1,1,0,payment_failure,1
e4c6b598-aa63-429c-a87f-f7073e31834c,2,23.0,desktop,organic,0,0,0,0,1,0,1,0,0,0,0,,1
e4d0c32a-182e-4994-b666-9ef443cc3d77,2,27.0,desktop,organic,0,0,0,0,1,0,1,0,0,0,0,,1
e5025c68-f704-43d1-9ea8-4ff3bccd14d9,6,123.0,tablet,paid_search,1,0,1,0,0,1,1,1,0,1,0,no_friction,0
e5064376-9d57-49c5-b548-5f153738abf9,6,127.0,desktop,social,1,0,1,0,0,1,1,1,0,1,0,no_friction,0
e50fada6-b361-4955-8ddf-013a45d3c7cf,2,12.0,tablet,organic,0,0,0,0,1,0,1,0,0,0,0,,1
e528af20-0ef1-415d-aece-65dfaa62edaa,6,102.0,mobile,social,1,0,1,0,0,1,1,1,0,1,0,no_friction,0
e53d0b14-891f-4e93-9210-b3c0c174ccf2,6,105.0,mobile,organic,1,0,1,0,0,1,1,1,0,1,0,no_friction,0
e5500c61-53d9-4d6e-8fe5-ed2f0d4f7380,2,18.0,desktop,organic,0,0,0,0,1,0,1,0,0,0,0,,1
e55f30f0-3e5e-4cf6-995f-5c48d5da8613,8,109.0,desktop,email,0,0,0,0,1,0,4,0,0,0,3,poor_recommendations,1
e57d6eed-8a57-4811-aa61-6a265e72b35a,10,196.0,mobile,organic,0,0,0,4,1,0,1,0,0,4,0,unclear_product_info,1
e57f83fb-6648-43dd-a233-9f4f8ea6aab4,2,19.0,mobile,direct,0,0,0,0,1,0,1,0,0,0,0,,1
e59956c1-b2a2-4d4f-be2a-d2e60647cd57,5,70.0,mobile,organic,1,0,1,0,1,0,1,0,0,1,0,price_shock,1
e5aaf4bd-7518-45e1-b03c-605698f695d7,6,124.0,mobile,organic,1,0,1,0,0,1,1,1,0,1,0,no_friction,0
e5b717c5-8e4a-4533-851a-6aaf8860bbbe,5,74.0,mobile,email,1,0,1,0,1,0,1,0,0,1,0,price_shock,1
e5bc0eb0-da1c-4ce6-88dd-028c7e4cdb22,6,126.0,mobile,paid_search,1,0,1,0,0,1,1,1,0,1,0,post_purchase_anxiety,0
e5c175a9-5b1b-4d02-b116-e35684640332,2,6.0,desktop,social,0,0,0,0,1,0,1,0,0,0,0,,1
e5c28a3d-986b-461e-8cf2-290200464b4c,5,81.0,tablet,paid_search,1,0,1,0,1,0,1,0,0,1,0,price_shock,1
e5d4411d-ae99-4ce5-b125-5ccd98eac66e,2,18.0,desktop,social,0,0,0,0,1,0,1,0,0,0,0,,1
e5e724cb-10eb-4892-bbc4-9dbb926aef64,2,15.0,mobile,social,0,0,0,0,1,0,1,0,0,0,0,,1
e5ea4312-228a-49e5-afea-da0c76b62853,2,21.0,mobile,direct,0,0,0,0,1,0,1,0,0,0,0,,1
e60dc379-98a1-4380-98b0-9cdb74245894,6,107.0,mobile,paid_search,1,0,1,0,0,1,1,1,0,1,0,no_friction,0
e618e1aa-7d5b-47d1-a4c4-75f6c55ebbf8,8,110.0,mobile,social,0,0,0,0,1,0,4,0,0,0,3,poor_recommendations,1
e624a185-c4b4-4791-a5db-acfe4096a136,2,9.0,mobile,direct,0,0,0,0,1,0,1,0,0,0,0,,1
e62c2078-9dd1-42d2-be74-56dc72afa188,2,27.0,desktop,paid_search,0,0,0,0,1,0,1,0,0,0,0,,1
e6386c3a-c52a-400f-93ba-10d783a11302,2,10.0,mobile,social,0,0,0,0,1,0,1,0,0,0,0,,1
e6392258-755f-43ab-b211-2106fbe25481,2,14.0,desktop,paid_search,0,0,0,0,1,0,1,0,0,0,0,,1
e66ae868-c013-4785-a906-6b65a5c27a76,2,10.0,mobile,paid_search,0,0,0,0,1,0,1,0,0,0,0,,1
e67116d4-e2d1-4476-b83b-6e6d16df886f,6,141.0,mobile,direct,1,0,1,0,0,1,1,1,0,1,0,no_friction,0
e67b5a64-9a66-4b39-b374-f026fbe1b5c4,2,10.0,mobile,email,0,0,0,0,1,0,1,0,0,0,0,,1
e68c83ea-db2f-4593-ace6-e87abb85e628,5,102.0,mobile,paid_search,1,0,1,0,1,0,1,0,0,1,0,price_shock,1
e69a5d80-6d72-44c1-a773-036e0218e4a4,6,83.0,desktop,paid_search,1,0,1,0,0,1,1,1,0,1,0,no_friction,0
e6a45d93-98f3-47fe-a09f-d745201c5e18,2,12.0,tablet,social,0,0,0,0,1,0,1,0,0,0,0,,1
e6cdb215-98cd-45f3-851d-49de60753a70,2,30.0,mobile,paid_search,0,0,0,0,1,0,1,0,0,0,0,,1
e6d0aacd-84e7-4e83-9404-223c006ba2d0,2,16.0,mobile,organic,0,0,0,0,1,0,1,0,0,0,0,,1
e6e17c48-735c-449d-be68-73945d238049,7,139.0,desktop,email,1,0,1,0,1,0,1,1,1,1,0,payment_failure,1
e6eb4d37-c248-4f83-819f-0f5f7b9f8c1f,6,122.0,mobile,organic,1,0,1,0,0,1,1,1,0,1,0,post_purchase_anxiety,0
e6f433b1-e3b3-4b15-842b-dc1cc6c61497,2,6.0,tablet,social,0,0,0,0,1,0,1,0,0,0,0,,1
e6f872d8-041e-4fc1-8d07-dfbe86abab67,2,5.0,desktop,social,0,0,0,0,1,0,1,0,0,0,0,,1
e6fd1d7b-cadd-4dad-b0f5-ad771a5a8f59,6,95.0,mobile,organic,1,0,1,0,0,1,1,1,0,1,0,no_friction,0
e702f365-c814-4d13-9522-faf8fe117775,8,76.0,mobile,direct,0,0,0,0,1,0,4,0,0,0,3,poor_recommendations,1
e70b9c7f-e8a5-4e5e-bb4f-48ca2333ecf2,2,19.0,mobile,social,0,0,0,0,1,0,1,0,0,0,0,,1
e72c5df4-97fb-493f-b336-fb09497eeee4,6,122.0,desktop,organic,1,0,1,0,0,1,1,1,0,1,0,no_friction,0
e72fd0a0-d3fb-49b6-85a4-7ea8f1cd40e2,6,105.0,mobile,direct,1,0,1,0,0,1,1,1,0,1,0,no_friction,0
e73677fb-b501-44df-8558-907ab9f8721d,6,99.0,tablet,email,1,0,1,0,0,1,1,1,0,1,0,no_friction,0
e747000c-1fad-473d-bfef-5ad18b49b2b1,6,103.0,mobile,social,1,0,1,0,0,1,1,1,0,1,0,no_friction,0
e757496c-52d1-47e6-8d0f-6197d8df128a,2,7.0,desktop,organic,0,0,0,0,1,0,1,0,0,0,0,,1
e757b89d-f2b9-48fc-8b31-ddee6c329d3f,6,137.0,mobile,organic,1,1,1,0,1,0,1,0,0,1,0,delivery_uncertainty,1
e758ae23-1733-4a8e-bd16-f61be6dbfeb3,6,94.0,mobile,organic,1,0,1,0,0,1,1,1,0,1,0,no_friction,0
e76f39ef-b916-477c-a442-0ddcf02d993f,6,109.0,desktop,social,1,0,1,0,0,1,1,1,0,1,0,no_friction,0
e76fd72e-4a15-4124-8cbe-a1faab0eee00,7,147.0,tablet,email,1,0,1,0,1,0,1,1,1,1,0,payment_failure,1
e77b92da-6f7b-443c-ab85-e07a2adf2653,6,105.0,tablet,email,1,0,1,0,0,1,1,1,0,1,0,no_friction,0
e7a383ae-ca21-488b-961f-fb5fa4bfdfc4,6,87.0,mobile,email,1,0,1,0,0,1,1,1,0,1,0,no_friction,0
e7a97c06-5d8a-451a-a1b3-00b930e00e45,6,99.0,mobile,organic,1,0,1,0,0,1,1,1,0,1,0,no_friction,0
e7aa5e29-44b4-4234-bf72-803fce5bd965,6,125.0,mobile,paid_search,1,0,1,0,0,1,1,1,0,1,0,no_friction,0
e7b2542c-44e2-495a-9ca1-9086ceacce87,7,128.0,mobile,social,1,0,1,0,1,0,1,1,1,1,0,payment_failure,1
e7d85fa3-cf5d-455a-acd0-e156ba0150bd,2,21.0,desktop,social,0,0,0,0,1,0,1,0,0,0,0,,1
e7dd008f-399a-4967-8419-eeebcf256626,5,78.0,mobile,organic,1,0,1,0,1,0,1,0,0,1,0,price_shock,1
e7fa3418-c93c-43d6-a5fd-29c83671b64e,6,110.0,mobile,direct,1,0,1,0,0,1,1,1,0,1,0,no_friction,0
e819b500-cfb0-46be-a53a-e4f0b9865362,2,20.0,tablet,email,0,0,0,0,1,0,1,0,0,0,0,,1
e83e9971-3c40-4f39-8112-f6897c91389e,2,27.0,mobile,social,0,0,0,0,1,0,1,0,0,0,0,,1
e83f2741-382a-4898-98df-08b05da6e6d3,5,114.0,tablet,organic,1,0,1,0,1,0,1,0,0,1,0,price_shock,1
e845cbd7-99f7-44f4-a8e3-36ed59c74d55,2,24.0,mobile,direct,0,0,0,0,1,0,1,0,0,0,0,,1
e86112c5-9afd-414f-850c-47c1cbf7864e,6,108.0,mobile,direct,1,0,1,0,0,1,1,1,0,1,0,no_friction,0
e866e324-1159-4549-b102-4418280371bf,2,26.0,mobile,organic,0,0,0,0,1,0,1,0,0,0,0,,1
e869a355-3d72-4ddc-9bc6-2d4664ff5c7d,6,112.0,tablet,paid_search,1,0,1,0,0,1,1,1,0,1,0,no_friction,0
e86c7f37-47e1-47ec-b4c1-5c83fea8e17a,2,10.0,desktop,paid_search,0,0,0,0,1,0,1,0,0,0,0,,1
e8917033-be1f-47f2-bffc-b0449397d865,2,29.0,mobile,direct,0,0,0,0,1,0,1,0,0,0,0,,1
e8921f74-eb94-4289-a0c6-6eb1b2be5ba4,10,205.0,mobile,email,0,0,0,4,1,0,1,0,0,4,0,unclear_product_info,1
e8ae08f4-0353-4d54-8517-d56c33619ca9,6,121.0,mobile,organic,1,0,1,0,0,1,1,1,0,1,0,no_friction,0
e8d61360-6459-47ce-98fa-00909d46d0f0,6,106.0,desktop,organic,1,1,1,0,1,0,1,0,0,1,0,delivery_uncertainty,1
e8ea5a79-7b45-40f8-a8be-194de7e6dd4d,2,17.0,mobile,organic,0,0,0,0,1,0,1,0,0,0,0,,1
e8ec3c48-885c-4e77-af07-654d3d55a606,6,80.0,mobile,paid_search,1,0,1,0,0,1,1,1,0,1,0,post_purchase_anxiety,0
e8ec7047-276a-40a9-84bd-8b8b66d74c79,2,28.0,mobile,social,0,0,0,0,1,0,1,0,0,0,0,,1
e8f231b0-c7f9-4e59-afeb-f267e46a333e,2,16.0,desktop,organic,0,0,0,0,1,0,1,0,0,0,0,,1
e8f60b36-397c-4cf7-9b92-aea8ec73bf6a,5,58.0,mobile,paid_search,1,0,1,0,1,0,1,0,0,1,0,price_shock,1
e8fd2c61-f9b2-447a-be0c-c19381da8a1a,10,246.0,mobile,organic,0,0,0,4,1,0,1,0,0,4,0,unclear_product_info,1
e903d83b-d6f5-4d26-aa91-debf2c6f8a2a,2,17.0,mobile,paid_search,0,0,0,0,1,0,1,0,0,0,0,,1
e92493c5-dd06-4421-b803-fa2376d27115,2,8.0,mobile,paid_search,0,0,0,0,1,0,1,0,0,0,0,,1
e9306bac-767d-443a-a89a-988a4a23dc28,8,109.0,mobile,organic,0,0,0,0,1,0,4,0,0,0,3,poor_recommendations,1
e931867b-2e13-4c6e-b9d8-7a0359d0df41,8,113.0,mobile,social,0,0,0,0,1,0,4,0,0,0,3,poor_recommendations,1
e934a562-3de9-48cd-82f7-ca6ea221882b,2,25.0,mobile,organic,0,0,0,0,1,0,1,0,0,0,0,,1
e93f3819-b140-47fe-bcdb-6e84d1a708bd,2,11.0,desktop,organic,0,0,0,0,1,0,1,0,0,0,0,,1
e9587bfd-57dc-4a3d-a3c9-8ef05f0cd6fd,2,6.0,mobile,direct,0,0,0,0,1,0,1,0,0,0,0,,1
e95f7393-fba4-4197-9c86-24bc6060ae1c,2,23.0,mobile,organic,0,0,0,0,1,0,1,0,0,0,0,,1
e969e930-3389-42a0-becc-028c1b31110d,10,216.0,desktop,organic,0,0,0,4,1,0,1,0,0,4,0,unclear_product_info,1
e96dc5e5-d6f8-41d1-83e8-c41083d94220,6,105.0,mobile,organic,1,0,1,0,0,1,1,1,0,1,0,no_friction,0
e978fff9-25a2-4ae8-98bd-04cc74023f4f,7,113.0,desktop,direct,1,0,1,0,1,0,1,1,1,1,0,payment_failure,1
e97d8cbe-7833-4164-abe2-ea5e8ae5baa0,2,14.0,mobile,organic,0,0,0,0,1,0,1,0,0,0,0,,1
e9828174-89f1-4d24-9492-895c2a798b59,2,18.0,desktop,organic,0,0,0,0,1,0,1,0,0,0,0,,1
e993545c-4274-45cd-88dd-0a456bfa90ee,2,30.0,mobile,organic,0,0,0,0,1,0,1,0,0,0,0,,1
e9aa928f-913d-48a9-932c-2be29a976aa6,2,28.0,mobile,social,0,0,0,0,1,0,1,0,0,0,0,,1
e9c6932e-1610-43b2-abc4-34a4ec295ebd,2,8.0,desktop,email,0,0,0,0,1,0,1,0,0,0,0,,1
e9c915bf-0630-4eac-bc4a-f221ede87cad,2,15.0,tablet,email,0,0,0,0,1,0,1,0,0,0,0,,1
e9cb6590-ad91-4635-8f66-3d79127a3931,2,5.0,tablet,organic,0,0,0,0,1,0,1,0,0,0,0,,1
e9d3148e-7861-48ce-9b15-8c34590beddd,6,108.0,mobile,organic,1,0,1,0,0,1,1,1,0,1,0,post_purchase_anxiety,0
e9d91af4-25f3-4440-957f-693587eee245,5,58.0,tablet,organic,1,0,1,0,1,0,1,0,0,1,0,price_shock,1
e9dc4bc0-d507-499a-8213-fc087492f158,2,30.0,tablet,organic,0,0,0,0,1,0,1,0,0,0,0,,1
e9dd3a77-59d5-4a22-8857-9658f24690a7,6,137.0,tablet,email,1,0,1,0,0,1,1,1,0,1,0,no_friction,0
e9f3a8ff-a498-4f91-a972-c2ca183a9120,6,108.0,mobile,paid_search,1,0,1,0,0,1,1,1,0,1,0,no_friction,0
e9f7dccb-9002-42d1-b526-47ebb334c884,6,82.0,desktop,social,1,0,1,0,0,1,1,1,0,1,0,no_friction,0
e9fd678e-7f3a-493b-9d2c-d388ec06eefe,2,9.0,mobile,organic,0,0,0,0,1,0,1,0,0,0,0,,1
e9fd8c35-626e-4680-9ae1-46f72c20de72,2,24.0,mobile,social,0,0,0,0,1,0,1,0,0,0,0,,1
ea0a43d1-1723-4199-a29a-dc72dac3f9d9,6,125.0,mobile,email,1,0,1,0,0,1,1,1,0,1,0,no_friction,0
ea0b708e-3a8e-4477-b308-21bc06315ab2,2,17.0,mobile,direct,0,0,0,0,1,0,1,0,0,0,0,,1
ea0c3611-3787-471c-8108-20f20482cd0e,6,107.0,mobile,email,1,0,1,0,0,1,1,1,0,1,0,no_friction,0
ea1abd47-f70e-4ce3-ba23-f5024d0377d5,6,78.0,mobile,organic,1,0,1,0,0,1,1,1,0,1,0,no_friction,0
ea233922-2e14-4007-ae14-3b1a39449d16,2,30.0,tablet,organic,0,0,0,0,1,0,1,0,0,0,0,,1
ea409570-2406-4ef6-bca0-1a2a002e7139,6,114.0,tablet,paid_search,1,0,1,0,0,1,1,1,0,1,0,no_friction,0
ea51d9fa-4eb3-4474-ba30-533cb69e4bc2,5,106.0,tablet,organic,1,0,1,0,1,0,1,0,0,1,0,price_shock,1
ea577cdc-b9eb-4157-b74c-6e86709dcbed,6,94.0,mobile,organic,1,0,1,0,0,1,1,1,0,1,0,no_friction,0
ea691e93-306a-4f76-b884-4d1c273c2f30,2,30.0,mobile,social,0,0,0,0,1,0,1,0,0,0,0,,1
ea762147-41f3-4d1c-bc42-6f4f6f36a542,2,22.0,mobile,paid_search,0,0,0,0,1,0,1,0,0,0,0,,1
ea90d2a1-bead-49b1-aa7b-cd4d2a94403b,2,28.0,desktop,social,0,0,0,0,1,0,1,0,0,0,0,,1
eaa03cfc-5a09-489f-9e32-38ac96b1aabe,6,119.0,mobile,email,1,0,1,0,0,1,1,1,0,1,0,no_friction,0
eaa2f53b-93b4-490a-84fb-5b3b2a393047,7,145.0,mobile,social,1,0,1,0,1,0,1,1,1,1,0,payment_failure,1
eaaf2f55-5511-44ee-8993-3da15d64ecab,8,92.0,mobile,social,0,0,0,0,1,0,4,0,0,0,3,poor_recommendations,1
eab9e6f2-6c78-4e1d-bacb-89d0c36e74d8,2,5.0,desktop,social,0,0,0,0,1,0,1,0,0,0,0,,1
eabb3d3e-1e66-4ee3-ba92-aaea68bd5444,6,98.0,desktop,social,1,0,1,0,0,1,1,1,0,1,0,no_friction,0
eaccaafa-f872-4374-b4bf-c9552102c370,2,7.0,desktop,paid_search,0,0,0,0,1,0,1,0,0,0,0,,1
ead05dbf-63b7-4dae-93e4-0d9f35e2339e,2,22.0,mobile,organic,0,0,0,0,1,0,1,0,0,0,0,,1
ead1db80-7460-465e-8d76-6fe06eefa0a5,2,28.0,mobile,social,0,0,0,0,1,0,1,0,0,0,0,,1
ead5e845-1c58-4cfd-8e8e-28355fd9b060,8,110.0,mobile,organic,0,0,0,0,1,0,4,0,0,0,3,poor_recommendations,1
eadc9c0e-243f-4e92-a09b-b6cf9656850b,7,145.0,mobile,email,1,0,1,0,1,0,1,1,1,1,0,payment_failure,1
eae1f993-26b0-45d9-8c05-89af2dcc67c0,2,20.0,mobile,paid_search,0,0,0,0,1,0,1,0,0,0,0,,1
eae5a3d5-28f5-400a-a1b5-cbbba62700eb,7,110.0,mobile,organic,1,0,1,0,1,0,1,1,1,1,0,payment_failure,1
eaf57284-827e-432d-95d0-aa27d06b1412,5,92.0,mobile,direct,1,0,1,0,1,0,1,0,0,1,0,price_shock,1
eaf9a60f-b5ba-4853-9b80-2e11d7d03d74,6,126.0,desktop,social,1,1,1,0,1,0,1,0,0,1,0,delivery_uncertainty,1
eb042ef5-a26f-401a-a2bb-5f259f2b2694,2,21.0,mobile,paid_search,0,0,0,0,1,0,1,0,0,0,0,,1
eb13f248-362c-400f-bbc1-51a1fb930fd8,6,128.0,mobile,direct,1,0,1,0,0,1,1,1,0,1,0,no_friction,0
eb19c36f-067b-416d-9f72-b5b779ea9136,2,26.0,mobile,social,0,0,0,0,1,0,1,0,0,0,0,,1
eb1b3a86-ba40-411a-b745-cb8f8020b0f1,6,94.0,desktop,paid_search,1,0,1,0,0,1,1,1,0,1,0,no_friction,0
eb2712b7-eb0c-4a9f-852c-fdb2a729737c,2,5.0,mobile,organic,0,0,0,0,1,0,1,0,0,0,0,,1
eb37c6be-ed36-468a-a249-22841d44dc0f,6,129.0,tablet,social,1,0,1,0,0,1,1,1,0,1,0,no_friction,0
eb3bcf43-6880-4370-a4cf-f33233ae13f8,2,14.0,mobile,social,0,0,0,0,1,0,1,0,0,0,0,,1
eb51b300-89c0-4618-9f73-6305bb21003b,6,114.0,tablet,direct,1,1,1,0,1,0,1,0,0,1,0,delivery_uncertainty,1
eb94ade0-b13f-4ecc-82b9-2e901e21f641,2,14.0,mobile,social,0,0,0,0,1,0,1,0,0,0,0,,1
eb94c8a9-040d-43ce-a8d6-2d8fcbf4e4d9,2,21.0,mobile,paid_search,0,0,0,0,1,0,1,0,0,0,0,,1
eba80d47-7794-4d44-b8f6-d99b21977b8a,2,17.0,mobile,direct,0,0,0,0,1,0,1,0,0,0,0,,1
ebbf9ba7-49c3-497b-9ad5-ab81e782463d,6,118.0,mobile,organic,1,0,1,0,0,1,1,1,0,1,0,post_purchase_anxiety,0
ebd80f41-d3a4-4457-a1ed-60ce52477889,2,11.0,mobile,organic,0,0,0,0,1,0,1,0,0,0,0,,1
ebda0066-5bc1-424a-9231-545b36133498,2,27.0,tablet,organic,0,0,0,0,1,0,1,0,0,0,0,,1
ebdfec36-ff34-4d53-ad83-36f57e937341,2,10.0,tablet,organic,0,0,0,0,1,0,1,0,0,0,0,,1
ebf8a075-7708-4e77-bf46-a47676c92776,6,108.0,desktop,social,1,0,1,0,0,1,1,1,0,1,0,no_friction,0
ebf9422d-9959-406e-b39e-a06d2ccc118e,2,10.0,mobile,social,0,0,0,0,1,0,1,0,0,0,0,,1
ebfe7285-1eaf-41f6-b98e-764c435d7a36,2,11.0,desktop,organic,0,0,0,0,1,0,1,0,0,0,0,,1
ec116167-c35c-45a3-9728-fc279eb12249,6,100.0,mobile,organic,1,0,1,0,0,1,1,1,0,1,0,no_friction,0
ec13418c-4ef5-47d7-870a-6f8360d6ba28,2,14.0,tablet,organic,0,0,0,0,1,0,1,0,0,0,0,,1
ec1bfa5f-d379-46d0-90a1-fc1369c3467a,7,115.0,tablet,paid_search,1,0,1,0,1,0,1,1,1,1,0,payment_failure,1
ec233d09-771b-4e83-8f50-40986969cb49,2,29.0,desktop,social,0,0,0,0,1,0,1,0,0,0,0,,1
ec2c745f-8fd2-4821-9a9c-9725d48dedb0,2,11.0,mobile,organic,0,0,0,0,1,0,1,0,0,0,0,,1
ec6d97aa-46e1-4640-b1ba-c8d0bbf8380e,2,6.0,mobile,organic,0,0,0,0,1,0,1,0,0,0,0,,1
ec79558d-ea2b-4b50-99e3-8f5f85bc822e,2,9.0,desktop,paid_search,0,0,0,0,1,0,1,0,0,0,0,,1
ec83ade2-b09f-4f29-a2ba-cab7a0ba8efe,2,27.0,mobile,paid_search,0,0,0,0,1,0,1,0,0,0,0,,1
ec8af024-5c50-414b-a6da-696b8ffd3974,2,26.0,tablet,organic,0,0,0,0,1,0,1,0,0,0,0,,1
ec8b6282-aedb-4ded-9314-38bf4691a2ff,2,18.0,tablet,organic,0,0,0,0,1,0,1,0,0,0,0,,1
ecab0ed8-8d15-420b-998e-03cc3f65a7e6,6,94.0,desktop,email,1,0,1,0,0,1,1,1,0,1,0,no_friction,0
ecc11daf-5396-4911-bd9c-b7a125299c14,8,115.0,desktop,social,0,0,0,0,1,0,4,0,0,0,3,poor_recommendations,1
ecde1644-66fc-4c84-b363-db93d72c2b18,2,20.0,mobile,organic,0,0,0,0,1,0,1,0,0,0,0,,1
ece0846b-b4e9-42f0-b0d5-317e411000e6,2,22.0,desktop,direct,0,0,0,0,1,0,1,0,0,0,0,,1
eced67cb-45af-4975-ba37-6f6a62c874f2,6,129.0,mobile,paid_search,1,0,1,0,0,1,1,1,0,1,0,no_friction,0
ecfdebe1-749b-4c63-afc5-48589f542d18,2,28.0,mobile,organic,0,0,0,0,1,0,1,0,0,0,0,,1
ed007315-ef3e-4eb5-a9dd-8c3a9a923360,6,115.0,mobile,organic,1,0,1,0,0,1,1,1,0,1,0,no_friction,0
ed034b36-f9ac-4571-b826-2b310e41faec,2,28.0,mobile,organic,0,0,0,0,1,0,1,0,0,0,0,,1
ed0b9cc7-8d17-4c41-89c3-6c4f626e6c44,2,22.0,desktop,direct,0,0,0,0,1,0,1,0,0,0,0,,1
ed117a43-d4d6-4e6a-8739-2c82505a9b72,6,73.0,tablet,organic,1,0,1,0,0,1,1,1,0,1,0,no_friction,0
ed126136-2490-4108-b77d-55f423b6ce36,2,29.0,mobile,direct,0,0,0,0,1,0,1,0,0,0,0,,1
ed1d83dc-93fb-441b-93bb-f95dcab750ab,6,128.0,mobile,paid_search,1,0,1,0,0,1,1,1,0,1,0,no_friction,0
ed26abdd-5703-4c4b-a0e9-02b6383bafde,6,66.0,desktop,direct,1,0,1,0,0,1,1,1,0,1,0,no_friction,0
ed3142a5-57dd-4b39-8104-f4a4aab9afcb,2,18.0,tablet,organic,0,0,0,0,1,0,1,0,0,0,0,,1
ed4047b7-0841-42e5-82a0-3d6b0130494c,6,137.0,tablet,paid_search,1,0,1,0,0,1,1,1,0,1,0,no_friction,0
ed4468c2-ac87-42d4-ba41-49e9da5685df,2,8.0,mobile,organic,0,0,0,0,1,0,1,0,0,0,0,,1
ed476231-0e82-4588-9bc3-2c4d8dd3e1c3,2,22.0,mobile,paid_search,0,0,0,0,1,0,1,0,0,0,0,,1
ed4e6690-0e81-4c99-ae02-7937bbbad979,2,19.0,tablet,organic,0,0,0,0,1,0,1,0,0,0,0,,1
ed56dd4b-bd8c-419c-b3b1-1bb306674dad,8,78.0,mobile,organic,0,0,0,0,1,0,4,0,0,0,3,poor_recommendations,1
ed6f6021-d8a8-4848-910a-e6da9b611b7f,7,138.0,desktop,organic,1,0,1,0,1,0,1,1,1,1,0,payment_failure,1
ed741491-d640-45fd-a3c6-55ea1b206da7,2,21.0,tablet,organic,0,0,0,0,1,0,1,0,0,0,0,,1
ed78c5c8-484c-4189-9d8c-7e73cc323122,2,30.0,desktop,social,0,0,0,0,1,0,1,0,0,0,0,,1
ed84c324-04b8-47c2-86b1-368df87102ab,6,126.0,mobile,organic,1,0,1,0,0,1,1,1,0,1,0,no_friction,0
edc15b98-8592-489a-9fb3-4fb5d2d37a55,6,137.0,tablet,direct,1,1,1,0,1,0,1,0,0,1,0,delivery_uncertainty,1
edc2548c-a64f-4255-9d84-b5532ff4c7af,5,101.0,desktop,organic,1,0,1,0,1,0,1,0,0,1,0,price_shock,1
edc4a458-82e0-48ff-a18c-57948ba2cba2,6,90.0,desktop,organic,1,0,1,0,0,1,1,1,0,1,0,no_friction,0
edc8f7a2-79b7-4851-9201-bd15ae0eb228,6,112.0,desktop,paid_search,1,1,1,0,1,0,1,0,0,1,0,delivery_uncertainty,1
edcf8cf3-b971-44c1-9db8-98497c274bed,2,18.0,desktop,email,0,0,0,0,1,0,1,0,0,0,0,,1
edd66164-5dbd-453a-8785-a823126c2b28,2,21.0,desktop,organic,0,0,0,0,1,0,1,0,0,0,0,,1
ede06643-0d90-4429-addf-dcb2f4a49682,2,24.0,mobile,direct,0,0,0,0,1,0,1,0,0,0,0,,1
edf3f870-be6b-4498-b696-267b22d290dd,6,109.0,mobile,organic,1,0,1,0,0,1,1,1,0,1,0,no_friction,0
ee04ba1a-4863-4811-92fa-c5712104cb1f,6,139.0,mobile,organic,1,0,1,0,0,1,1,1,0,1,0,no_friction,0
ee0a54ab-c8c5-47b5-81ee-ec1008a80250,10,193.0,tablet,organic,0,0,0,4,1,0,1,0,0,4,0,unclear_product_info,1
ee102668-a32d-4e01-9f8b-b7239a60806c,2,12.0,tablet,organic,0,0,0,0,1,0,1,0,0,0,0,,1
ee10cce9-2341-44f8-a916-7f313990d83e,5,94.0,mobile,organic,1,0,1,0,1,0,1,0,0,1,0,price_shock,1
ee2ce7b0-dfe9-4e89-a316-a3c485a238f2,6,90.0,mobile,organic,1,0,1,0,0,1,1,1,0,1,0,no_friction,0
ee320ee1-6867-4ec0-b20f-0cc4b5c4782c,2,26.0,desktop,organic,0,0,0,0,1,0,1,0,0,0,0,,1
ee3cb4c8-467e-4efd-8ae6-4774f42f8adb,8,87.0,mobile,paid_search,0,0,0,0,1,0,4,0,0,0,3,poor_recommendations,1
ee50e32d-5e7a-4eee-be8d-3a239df8c503,6,69.0,mobile,organic,1,0,1,0,0,1,1,1,0,1,0,no_friction,0
ee637ccd-cbb5-40f2-a3f1-337a78bd8dfc,8,103.0,desktop,organic,0,0,0,0,1,0,4,0,0,0,3,poor_recommendations,1
ee769119-4160-4e8e-befb-1e2ba24cb69e,2,16.0,mobile,organic,0,0,0,0,1,0,1,0,0,0,0,,1
ee845136-3222-4c72-be55-301f104fdfd7,2,5.0,mobile,email,0,0,0,0,1,0,1,0,0,0,0,,1
ee8c7eaf-6aee-46fb-ab52-532858c4e112,2,30.0,mobile,social,0,0,0,0,1,0,1,0,0,0,0,,1
ee99888e-aa64-41b8-a9f9-704d3d246fe1,10,206.0,mobile,social,0,0,0,4,1,0,1,0,0,4,0,unclear_product_info,1
eea6f9ba-ee0b-455d-b7c1-e97146e3a2af,6,134.0,mobile,paid_search,1,0,1,0,0,1,1,1,0,1,0,post_purchase_anxiety,0
eeb75b65-049b-4c32-8187-f336680a6b25,2,27.0,mobile,organic,0,0,0,0,1,0,1,0,0,0,0,,1
eeb995ca-1894-4da5-a7c0-dda367e27d34,2,20.0,mobile,direct,0,0,0,0,1,0,1,0,0,0,0,,1
eece1089-7aca-427f-a78d-5844ad74c2eb,6,109.0,mobile,organic,1,0,1,0,0,1,1,1,0,1,0,no_friction,0
eed095d2-85fe-49ee-a582-082aad3df45d,2,25.0,tablet,paid_search,0,0,0,0,1,0,1,0,0,0,0,,1
eeff15b8-ef09-4e39-9d72-eed6964a3912,6,110.0,mobile,paid_search,1,0,1,0,0,1,1,1,0,1,0,no_friction,0
ef051e27-da54-41c1-a9dc-46dda87bb046,6,109.0,mobile,organic,1,1,1,0,1,0,1,0,0,1,0,delivery_uncertainty,1
ef1fc516-8bd7-458f-9ba5-2cbc9580d1be,2,6.0,mobile,social,0,0,0,0,1,0,1,0,0,0,0,,1
ef3bab67-ea09-4fb6-83bc-9fa35b1c51b4,10,189.0,mobile,organic,0,0,0,4,1,0,1,0,0,4,0,unclear_product_info,1
ef44da57-ce2c-49f5-a389-7d67cec2b9a2,5,106.0,mobile,social,1,0,1,0,1,0,1,0,0,1,0,price_shock,1
ef47d094-8ee0-48f7-bac3-5c16faabb437,6,103.0,mobile,social,1,1,1,0,1,0,1,0,0,1,0,delivery_uncertainty,1
ef50cba6-4c06-4415-a903-99a4b1a0c3df,6,112.0,desktop,paid_search,1,0,1,0,0,1,1,1,0,1,0,no_friction,0
ef820432-0bc0-46fa-9aa8-14f141cbc07c,10,180.0,mobile,organic,0,0,0,4,1,0,1,0,0,4,0,unclear_product_info,1
ef889e59-9486-4cc5-b8e1-56be1a01c973,8,106.0,desktop,paid_search,0,0,0,0,1,0,4,0,0,0,3,poor_recommendations,1
ef89240e-f071-4a1c-9563-37205b00c279,2,16.0,mobile,organic,0,0,0,0,1,0,1,0,0,0,0,,1
ef978e6b-caf0-43fc-9819-b16e93909892,10,199.0,mobile,paid_search,0,0,0,4,1,0,1,0,0,4,0,unclear_product_info,1
efb5a17d-d6ed-4f06-a6d2-68acdfe6b4b6,8,108.0,mobile,organic,0,0,0,0,1,0,4,0,0,0,3,poor_recommendations,1
efc13c8b-bf2a-42cd-9d0b-933d2b85f02b,6,121.0,desktop,organic,1,1,1,0,1,0,1,0,0,1,0,delivery_uncertainty,1
efc72ddd-31af-45de-a734-659993e05134,6,99.0,tablet,organic,1,0,1,0,0,1,1,1,0,1,0,no_friction,0
efc97d1a-460a-451d-b045-162240f8e3d1,2,9.0,mobile,organic,0,0,0,0,1,0,1,0,0,0,0,,1
efca5774-de29-4ccb-b3f2-2e28d49f4449,10,185.0,mobile,social,0,0,0,4,1,0,1,0,0,4,0,unclear_product_info,1
efce4e9a-efb8-464c-bbae-273f1c70b90e,2,24.0,mobile,social,0,0,0,0,1,0,1,0,0,0,0,,1
efd57670-1722-4f5e-84e0-821c1bcd798b,2,8.0,mobile,paid_search,0,0,0,0,1,0,1,0,0,0,0,,1
efdda93e-0f5b-498d-92f2-43f5e48e7255,6,95.0,mobile,organic,1,0,1,0,0,1,1,1,0,1,0,no_friction,0
eff594ad-e153-4cd0-90fe-751cdb7754ad,8,123.0,mobile,email,0,0,0,0,1,0,4,0,0,0,3,poor_recommendations,1
effae9b2-fd13-4a89-b739-dce7e2d12cba,2,17.0,mobile,email,0,0,0,0,1,0,1,0,0,0,0,,1
f0008a5e-a72d-4495-87ce-6692f67cd733,6,97.0,desktop,direct,1,0,1,0,0,1,1,1,0,1,0,no_friction,0
f01e274d-657a-4a03-a117-bb4d979abac0,2,24.0,mobile,organic,0,0,0,0,1,0,1,0,0,0,0,,1
f0220702-a637-46fd-b0a8-b4ebec265a96,2,12.0,mobile,social,0,0,0,0,1,0,1,0,0,0,0,,1
f02616f3-b5b2-40c8-800d-ddabcf060f5f,8,106.0,tablet,paid_search,0,0,0,0,1,0,4,0,0,0,3,poor_recommendations,1
f02d9628-3aad-479a-a46e-a9b8d5131e08,6,105.0,desktop,email,1,0,1,0,0,1,1,1,0,1,0,no_friction,0
f03207dd-ed1c-48b3-ac6c-6bc7030268fe,6,104.0,tablet,direct,1,0,1,0,0,1,1,1,0,1,0,no_friction,0
f055c6d5-f6f4-4ea7-9041-013ba67cf624,2,16.0,tablet,organic,0,0,0,0,1,0,1,0,0,0,0,,1
f05ea628-c0cf-49a0-af2b-41466ecf042a,2,8.0,desktop,social,0,0,0,0,1,0,1,0,0,0,0,,1
f0724aff-52dd-4adc-aa22-db58f367a25a,2,22.0,desktop,organic,0,0,0,0,1,0,1,0,0,0,0,,1
f07c3f82-04da-4673-ab77-e4b1f3d16eb6,6,97.0,mobile,organic,1,0,1,0,0,1,1,1,0,1,0,no_friction,0
f07dcb4f-96b0-4679-866a-b6a5d5b5033c,6,84.0,desktop,paid_search,1,0,1,0,0,1,1,1,0,1,0,no_friction,0
f07fb501-4c66-47eb-b321-5fb20c468ff4,2,22.0,tablet,email,0,0,0,0,1,0,1,0,0,0,0,,1
f0838b52-fbac-48b6-bb50-e941b988b9c9,6,128.0,mobile,email,1,0,1,0,0,1,1,1,0,1,0,no_friction,0
f094f0b1-8b38-4646-a2da-51b14defbd98,2,15.0,mobile,paid_search,0,0,0,0,1,0,1,0,0,0,0,,1
f0c4aa90-d610-4d38-a04d-4458f74be644,2,16.0,mobile,organic,0,0,0,0,1,0,1,0,0,0,0,,1
f0cefc5d-e3b1-4a58-87d0-e56fc774e5b9,5,59.0,mobile,social,1,0,1,0,1,0,1,0,0,1,0,price_shock,1
f0d9a026-f4c3-437e-bfb8-e7fb878c3a4a,2,29.0,mobile,paid_search,0,0,0,0,1,0,1,0,0,0,0,,1
f0da0296-5ed5-47b4-ba5d-3772c1f7bad9,6,79.0,mobile,paid_search,1,0,1,0,0,1,1,1,0,1,0,no_friction,0
f0f1470c-12ad-4faa-92e5-f16f605f2dd2,6,105.0,mobile,organic,1,0,1,0,0,1,1,1,0,1,0,no_friction,0
f0f245be-2eb9-41c8-9101-bdf450358b76,2,5.0,desktop,organic,0,0,0,0,1,0,1,0,0,0,0,,1
f0f3c700-3e36-47d5-ba73-ed47353b8226,6,102.0,desktop,organic,1,0,1,0,0,1,1,1,0,1,0,no_friction,0
f0fac521-29e4-43c9-9d16-f81d410b4b12,6,114.0,desktop,paid_search,1,0,1,0,0,1,1,1,0,1,0,no_friction,0
f0ff9cf2-0915-4438-a52c-d561a2d19692,2,11.0,mobile,organic,0,0,0,0,1,0,1,0,0,0,0,,1
f103915e-5ef5-406e-aece-ac6fe0ed38e6,2,8.0,desktop,email,0,0,0,0,1,0,1,0,0,0,0,,1
f10a389b-b323-4d38-ab92-c2d71e15a559,6,125.0,mobile,paid_search,1,0,1,0,0,1,1,1,0,1,0,no_friction,0
f1113867-579f-4dfd-abf3-e71b82e6a990,7,132.0,desktop,organic,1,0,1,0,1,0,1,1,1,1,0,payment_failure,1
f11e647a-0e78-43d8-b616-a3de8cd58b97,2,24.0,mobile,organic,0,0,0,0,1,0,1,0,0,0,0,,1
f121c427-fc31-4887-9c8e-1568bc228ae6,2,16.0,mobile,social,0,0,0,0,1,0,1,0,0,0,0,,1
f1263ec5-5148-44fc-b8c3-8a54bc921fee,5,77.0,desktop,organic,1,0,1,0,1,0,1,0,0,1,0,price_shock,1
f12e393c-2c87-4862-a867-6c343d2f2515,2,29.0,mobile,organic,0,0,0,0,1,0,1,0,0,0,0,,1
f13812f9-ce9d-4a1b-84d3-ca2c90ec302c,2,10.0,mobile,organic,0,0,0,0,1,0,1,0,0,0,0,,1
f13b9d5d-4e10-468c-8672-47c0ed6f4fe1,6,99.0,mobile,direct,1,0,1,0,0,1,1,1,0,1,0,post_purchase_anxiety,0
f13fc639-bf21-41ea-afbf-86280a18e84e,6,88.0,mobile,organic,1,0,1,0,0,1,1,1,0,1,0,no_friction,0
f14003fb-8c28-4006-980a-f05f1d52caf7,2,14.0,desktop,social,0,0,0,0,1,0,1,0,0,0,0,,1
f1488683-647a-484a-86f2-738843a0c7e5,2,27.0,mobile,organic,0,0,0,0,1,0,1,0,0,0,0,,1
f14c9c8b-cd4a-42d9-abfa-69c21dcd6df1,2,20.0,mobile,direct,0,0,0,0,1,0,1,0,0,0,0,,1
f150631f-9ba4-4981-9c15-499061ec9d24,2,23.0,desktop,direct,0,0,0,0,1,0,1,0,0,0,0,,1
f151c091-c219-474e-b4c6-1b008315fd02,6,74.0,tablet,social,1,0,1,0,0,1,1,1,0,1,0,no_friction,0
f17a69ba-c0a9-4666-8c7b-73c2e8b7469b,7,138.0,mobile,paid_search,1,0,1,0,1,0,1,1,1,1,0,payment_failure,1
f17c3037-c8b9-4ad2-b49d-b9d2b39da345,2,22.0,mobile,organic,0,0,0,0,1,0,1,0,0,0,0,,1
f1921239-af36-4bfa-8f2a-7a84ba4e7f13,8,87.0,mobile,email,0,0,0,0,1,0,4,0,0,0,3,poor_recommendations,1
f195d2f2-8fdd-4ee6-b50c-ae9560e1487b,8,89.0,mobile,social,0,0,0,0,1,0,4,0,0,0,3,poor_recommendations,1
f19f249c-c660-4893-aac2-8a807b51c285,2,6.0,desktop,paid_search,0,0,0,0,1,0,1,0,0,0,0,,1
f1aac310-6eea-4445-a74f-5808864bfdb4,8,103.0,mobile,organic,0,0,0,0,1,0,4,0,0,0,3,poor_recommendations,1
f1ae409e-4d86-44f7-85f6-8ee269e29b45,2,26.0,mobile,social,0,0,0,0,1,0,1,0,0,0,0,,1
f1c50d52-126b-4a20-aeb4-37cb965effd1,2,5.0,mobile,social,0,0,0,0,1,0,1,0,0,0,0,,1
f1d960c8-1cc6-4ba3-9a91-412b9edc2646,6,109.0,desktop,organic,1,0,1,0,0,1,1,1,0,1,0,no_friction,0
f1debbc1-b0ad-44ef-8679-7f222680282b,2,12.0,tablet,organic,0,0,0,0,1,0,1,0,0,0,0,,1
f1f1569b-95af-4357-bf09-f1704596d5d2,10,209.0,mobile,paid_search,0,0,0,4,1,0,1,0,0,4,0,unclear_product_info,1
f1fe0837-38d5-41b9-90bd-de96c8cfc5f2,6,117.0,desktop,email,1,0,1,0,0,1,1,1,0,1,0,no_friction,0
f201f199-bbac-4807-8ab7-6809e7587e0b,2,5.0,mobile,social,0,0,0,0,1,0,1,0,0,0,0,,1
f209bf25-fa55-4926-b5d8-dc1e68cb1e42,2,21.0,mobile,paid_search,0,0,0,0,1,0,1,0,0,0,0,,1
f212557f-481a-4bf4-baa3-483565ddcbac,2,23.0,mobile,paid_search,0,0,0,0,1,0,1,0,0,0,0,,1
f2189540-87bb-4a6e-8e27-5b964a281f08,7,151.0,tablet,organic,1,0,1,0,1,0,1,1,1,1,0,payment_failure,1
f238c000-7430-427a-9e13-d0fe154758b1,2,10.0,desktop,paid_search,0,0,0,0,1,0,1,0,0,0,0,,1
f23e34f9-be28-43d8-9593-e92ab8a18410,6,113.0,tablet,organic,1,0,1,0,0,1,1,1,0,1,0,no_friction,0
f24f068a-274f-41c2-beb7-51bfcd33fabd,2,11.0,tablet,paid_search,0,0,0,0,1,0,1,0,0,0,0,,1
f258f3cd-2945-47f7-b99b-7675766e94b3,2,14.0,tablet,organic,0,0,0,0,1,0,1,0,0,0,0,,1
f25fc649-2883-4223-9b61-a6062b83ec3b,10,200.0,tablet,direct,0,0,0,4,1,0,1,0,0,4,0,unclear_product_info,1
f271cb3b-8578-49b7-b1a9-e8017ea05796,10,231.0,mobile,direct,0,0,0,4,1,0,1,0,0,4,0,unclear_product_info,1
f2968197-762e-4be4-a6ab-ab66826972f6,2,21.0,mobile,organic,0,0,0,0,1,0,1,0,0,0,0,,1
f2a71418-6be7-42c3-980a-7b17590e88c8,2,28.0,desktop,organic,0,0,0,0,1,0,1,0,0,0,0,,1
f2b04b69-cf7f-47f5-952f-6f719600c124,8,109.0,mobile,organic,0,0,0,0,1,0,4,0,0,0,3,poor_recommendations,1
f2b7b0ff-7104-4a80-b754-465309d0867a,2,25.0,desktop,social,0,0,0,0,1,0,1,0,0,0,0,,1
f2c98194-d75f-4fa4-8212-4689cbbf9828,2,16.0,desktop,direct,0,0,0,0,1,0,1,0,0,0,0,,1
f2d266e7-01a3-41a4-adef-65f02b3b2522,7,124.0,mobile,direct,1,0,1,0,1,0,1,1,1,1,0,payment_failure,1
f2dba7e8-e9aa-4fca-997b-0d5771571e08,2,14.0,tablet,organic,0,0,0,0,1,0,1,0,0,0,0,,1
f2dd3da0-f1b5-43aa-ac49-d05d5980e36f,2,15.0,tablet,paid_search,0,0,0,0,1,0,1,0,0,0,0,,1
f2de5814-ae70-4f31-9921-58853e528659,7,147.0,desktop,organic,1,0,1,0,1,0,1,1,1,1,0,payment_failure,1
f2f1946b-c126-4eb0-9c10-c0e8a24851a2,6,100.0,desktop,direct,1,0,1,0,0,1,1,1,0,1,0,no_friction,0
f30054b6-4ccb-498b-bb0d-8ad4d9b3839e,2,26.0,mobile,organic,0,0,0,0,1,0,1,0,0,0,0,,1
f30a45ff-f86f-46b0-89ff-3184858bd134,2,25.0,mobile,social,0,0,0,0,1,0,1,0,0,0,0,,1
f30a97c5-aa92-4d2d-a5e6-856abcbb107c,7,129.0,mobile,organic,1,0,1,0,1,0,1,1,1,1,0,payment_failure,1
f31c8fe4-85ab-4ea1-82a1-0203fd523965,2,18.0,desktop,organic,0,0,0,0,1,0,1,0,0,0,0,,1
f328e039-910c-4ca2-a720-e577dd20fe30,2,16.0,mobile,direct,0,0,0,0,1,0,1,0,0,0,0,,1
f35bab7e-449a-4d35-b608-5b79abd8b9a7,6,103.0,desktop,paid_search,1,0,1,0,0,1,1,1,0,1,0,no_friction,0
f35cba73-53d1-4e36-85d1-b3513ea9c18f,2,21.0,mobile,paid_search,0,0,0,0,1,0,1,0,0,0,0,,1
f377b20d-6ba0-47af-af75-0d9b870a85fc,6,99.0,desktop,social,1,0,1,0,0,1,1,1,0,1,0,post_purchase_anxiety,0
f38d28d5-a778-44c3-9679-dd7c9456b578,2,7.0,mobile,social,0,0,0,0,1,0,1,0,0,0,0,,1
f38fb8c8-2e81-48a2-b5a2-0aba371119a6,6,111.0,mobile,paid_search,1,0,1,0,0,1,1,1,0,1,0,no_friction,0
f3a34461-0b44-4cc7-949a-89bd733d49db,2,11.0,mobile,email,0,0,0,0,1,0,1,0,0,0,0,,1
f3a44b08-5c77-47ed-9374-4ea473955d0c,10,142.0,desktop,direct,0,0,0,4,1,0,1,0,0,4,0,unclear_product_info,1
f3adfaaf-f573-49c4-a256-417600cb515e,6,105.0,tablet,social,1,0,1,0,0,1,1,1,0,1,0,post_purchase_anxiety,0
f3c99b90-eb03-49c1-960f-94c958224455,6,120.0,desktop,organic,1,0,1,0,0,1,1,1,0,1,0,no_friction,0
f3d839a7-2e37-43ef-ab08-4d66bfc414fd,7,160.0,mobile,organic,1,0,1,0,1,0,1,1,1,1,0,payment_failure,1
f404e8f9-a8fa-41ab-83bc-b27783dbae40,7,119.0,mobile,direct,1,0,1,0,1,0,1,1,1,1,0,payment_failure,1
f4050d20-21d0-48bf-9670-dbfa29a9628d,2,29.0,mobile,direct,0,0,0,0,1,0,1,0,0,0,0,,1
f408bb7d-7873-4f8a-84cf-ca8005e7cb5c,2,13.0,desktop,social,0,0,0,0,1,0,1,0,0,0,0,,1
f41f6b15-52e5-4a90-953c-771f323cc24f,2,6.0,mobile,social,0,0,0,0,1,0,1,0,0,0,0,,1
f42c600d-1942-4193-9671-184be5fbf611,2,7.0,desktop,email,0,0,0,0,1,0,1,0,0,0,0,,1
f42d5035-133b-4190-a070-813eec27c718,2,28.0,tablet,organic,0,0,0,0,1,0,1,0,0,0,0,,1
f430a593-00c2-48dd-af0f-75c5cd854a07,6,83.0,mobile,organic,1,0,1,0,0,1,1,1,0,1,0,no_friction,0
f44d5ac3-7c25-4611-be6a-159b6d9b2f62,8,104.0,mobile,organic,0,0,0,0,1,0,4,0,0,0,3,poor_recommendations,1
f4664a11-9be4-482a-b408-4038288f0c70,2,23.0,mobile,email,0,0,0,0,1,0,1,0,0,0,0,,1
f46e23e7-0e1a-40e9-a238-ed6fbd07ff03,2,17.0,desktop,social,0,0,0,0,1,0,1,0,0,0,0,,1
f471d827-682d-4aeb-9151-b77ae36a29bf,6,108.0,mobile,email,1,0,1,0,0,1,1,1,0,1,0,no_friction,0
f4748587-f8bf-476f-a5e9-e6a596160a19,6,97.0,mobile,organic,1,1,1,0,1,0,1,0,0,1,0,delivery_uncertainty,1
f47a86ad-0731-4c09-aaf4-c2bd26a0d5c8,2,21.0,desktop,email,0,0,0,0,1,0,1,0,0,0,0,,1
f4baff4f-419a-4685-86a8-2d88bd291e25,7,155.0,mobile,email,1,0,1,0,1,0,1,1,1,1,0,payment_failure,1
f4c14a41-c86c-4ff3-9c77-f516aa2ad801,10,241.0,mobile,direct,0,0,0,4,1,0,1,0,0,4,0,unclear_product_info,1
f4d6bd78-91d4-4c05-b82c-eb3a0c075922,6,111.0,mobile,organic,1,1,1,0,1,0,1,0,0,1,0,delivery_uncertainty,1
f4dc8fb0-d690-48d8-a134-7feb5468fdb8,2,18.0,tablet,social,0,0,0,0,1,0,1,0,0,0,0,,1
f4e60115-0fea-42f0-9ec1-2651044dc5aa,2,9.0,desktop,paid_search,0,0,0,0,1,0,1,0,0,0,0,,1
f4fdf9a3-9f87-4b69-b8b0-9a2dfb337b43,2,21.0,desktop,paid_search,0,0,0,0,1,0,1,0,0,0,0,,1
f5157f56-c561-4119-ab06-a19b0e1a1f02,6,141.0,mobile,email,1,0,1,0,0,1,1,1,0,1,0,no_friction,0
f51acb71-726a-40c5-ad3e-63602edf9df6,6,101.0,mobile,organic,1,0,1,0,0,1,1,1,0,1,0,no_friction,0
f51c3ea2-bd08-46a3-b9b2-def191d3d661,2,12.0,desktop,organic,0,0,0,0,1,0,1,0,0,0,0,,1
f550ba1f-c1d5-4ed8-89f5-ca4fd44018ba,7,139.0,mobile,organic,1,0,1,0,1,0,1,1,1,1,0,payment_failure,1
f55b7841-51ea-44aa-96b4-ba7c01173a3a,6,122.0,mobile,organic,1,0,1,0,0,1,1,1,0,1,0,no_friction,0
f55db502-7940-44c9-b7bf-6a520e96007e,6,93.0,desktop,social,1,0,1,0,0,1,1,1,0,1,0,no_friction,0
f560fdd8-ba5c-40c9-8cbc-18f7c31e1eb5,6,110.0,desktop,direct,1,0,1,0,0,1,1,1,0,1,0,post_purchase_anxiety,0
f56e7c8b-e24e-4992-bded-faebb8759681,2,13.0,mobile,direct,0,0,0,0,1,0,1,0,0,0,0,,1
f5744208-f559-461f-bf94-48556e620471,2,8.0,mobile,organic,0,0,0,0,1,0,1,0,0,0,0,,1
f5851b14-1662-4520-974a-a6eea6eceb4c,2,28.0,mobile,organic,0,0,0,0,1,0,1,0,0,0,0,,1
f593b839-4ce0-4e10-b987-e3e462640c2c,6,124.0,mobile,paid_search,1,0,1,0,0,1,1,1,0,1,0,no_friction,0
f5a12fdb-80b3-4a47-93df-9fba86ff168a,7,117.0,mobile,paid_search,1,0,1,0,1,0,1,1,1,1,0,payment_failure,1
f5a17a48-9e11-416c-b56a-1ba7f1af82ae,2,14.0,desktop,paid_search,0,0,0,0,1,0,1,0,0,0,0,,1
f5adaba0-7e0d-4ab4-8f19-261e0619a7d3,2,9.0,mobile,social,0,0,0,0,1,0,1,0,0,0,0,,1
f5cc4b7c-b362-4c9d-8da7-2c118995c4e4,2,28.0,desktop,organic,0,0,0,0,1,0,1,0,0,0,0,,1
f5d6c8dd-7e82-401e-af17-2eeb53b0f173,6,103.0,desktop,organic,1,0,1,0,0,1,1,1,0,1,0,post_purchase_anxiety,0
f5e2dd85-46df-4023-8f77-b607264721a3,8,108.0,desktop,direct,0,0,0,0,1,0,4,0,0,0,3,poor_recommendations,1
f5edf1f1-cd82-4fcf-928d-e13265a626cd,6,139.0,desktop,organic,1,1,1,0,1,0,1,0,0,1,0,delivery_uncertainty,1
f6008a59-4f1f-4352-8181-0d4315e33a93,7,129.0,desktop,organic,1,0,1,0,1,0,1,1,1,1,0,payment_failure,1
f620a88c-d778-4b4f-8d59-0a63f8d220e5,2,29.0,mobile,direct,0,0,0,0,1,0,1,0,0,0,0,,1
f62826ac-3163-45c7-ace2-a86d84de6d98,6,119.0,mobile,paid_search,1,0,1,0,0,1,1,1,0,1,0,no_friction,0
f63bc845-47bc-40b2-95c4-cdf54b74ac41,6,137.0,desktop,paid_search,1,0,1,0,0,1,1,1,0,1,0,no_friction,0
f6426d1c-af58-44b0-8cd6-a6b9fc949ee9,2,11.0,desktop,social,0,0,0,0,1,0,1,0,0,0,0,,1
f64f9074-2b22-4a3b-9f8c-99c0fb0fc84f,2,29.0,mobile,paid_search,0,0,0,0,1,0,1,0,0,0,0,,1
f6808297-bf5c-408b-a6b2-3719528edd89,2,19.0,mobile,social,0,0,0,0,1,0,1,0,0,0,0,,1
f6894951-0f06-4711-9052-2580d0b3aedf,10,205.0,mobile,paid_search,0,0,0,4,1,0,1,0,0,4,0,unclear_product_info,1
f6955817-37e9-4549-ad15-78fff637f5c5,6,119.0,mobile,paid_search,1,0,1,0,0,1,1,1,0,1,0,no_friction,0
f6a4bbeb-cf0c-4137-b8a3-8a700da99013,2,28.0,mobile,email,0,0,0,0,1,0,1,0,0,0,0,,1
f6a55f28-84af-430c-9c19-e42d4b72b329,6,131.0,desktop,paid_search,1,0,1,0,0,1,1,1,0,1,0,no_friction,0
f6b50333-0ac9-4fd1-b4fc-7869b34147a9,6,159.0,mobile,social,1,1,1,0,1,0,1,0,0,1,0,delivery_uncertainty,1
f6cee820-aae0-4399-a5c8-cccf56071f83,8,110.0,mobile,direct,0,0,0,0,1,0,4,0,0,0,3,poor_recommendations,1
f6d75a39-cfa5-4298-80b3-11c3141b4f73,2,21.0,mobile,organic,0,0,0,0,1,0,1,0,0,0,0,,1
f6df7fd3-0bc2-4c0e-a6c6-468deb65771c,6,104.0,mobile,direct,1,0,1,0,0,1,1,1,0,1,0,no_friction,0
f6f43686-0da0-4f86-9988-a351e05834cd,6,127.0,desktop,organic,1,0,1,0,0,1,1,1,0,1,0,no_friction,0
f6f6a405-aae7-4da0-8c46-a00680e9e18b,6,97.0,mobile,social,1,0,1,0,0,1,1,1,0,1,0,no_friction,0
f707033f-fcf6-40a0-bb65-571cd7c52601,2,15.0,tablet,social,0,0,0,0,1,0,1,0,0,0,0,,1
f70ac51e-a13a-4889-b0c7-f36cc11bd471,2,20.0,mobile,organic,0,0,0,0,1,0,1,0,0,0,0,,1
f71b08d6-3112-4e76-be1e-ded48f7bbd6c,2,18.0,tablet,email,0,0,0,0,1,0,1,0,0,0,0,,1
f725ff30-1ead-44ba-914d-a3b2af74c956,5,102.0,desktop,paid_search,1,0,1,0,1,0,1,0,0,1,0,price_shock,1
f7315ce7-cd0c-4e19-969c-0c2ee741cc35,2,29.0,mobile,organic,0,0,0,0,1,0,1,0,0,0,0,,1
f75ce9e2-3717-4eb2-bd54-6072573effb1,6,106.0,mobile,organic,1,0,1,0,0,1,1,1,0,1,0,no_friction,0
f7669df3-76e4-4d3e-95a0-b03281d2553b,8,93.0,mobile,email,0,0,0,0,1,0,4,0,0,0,3,poor_recommendations,1
f76dab2a-593c-407f-87ce-b1289c706aff,2,11.0,mobile,social,0,0,0,0,1,0,1,0,0,0,0,,1
f786abb6-91d6-4d8d-8f43-221a66df5eba,7,115.0,desktop,social,1,0,1,0,1,0,1,1,1,1,0,payment_failure,1
f787c086-232b-4c3e-809d-27b9e2c049ee,2,17.0,mobile,organic,0,0,0,0,1,0,1,0,0,0,0,,1
f793b387-d9f5-4e5d-a38f-cdfcd1350b18,6,125.0,mobile,organic,1,0,1,0,0,1,1,1,0,1,0,no_friction,0
f79e1a36-ce34-4af3-9ef7-d368c8af1eef,2,22.0,desktop,organic,0,0,0,0,1,0,1,0,0,0,0,,1
f7a5446d-411e-421b-8c61-4c2d90a9f4e5,2,25.0,desktop,email,0,0,0,0,1,0,1,0,0,0,0,,1
f7a76c63-c534-4b7c-adf3-08f2359c288b,7,147.0,mobile,organic,1,0,1,0,1,0,1,1,1,1,0,payment_failure,1
f7b64cfe-997a-4ff4-bdf7-7e2cf13cc64f,2,6.0,desktop,organic,0,0,0,0,1,0,1,0,0,0,0,,1
f7bee932-b5e9-47b6-96e2-e2a4397f6837,2,29.0,desktop,organic,0,0,0,0,1,0,1,0,0,0,0,,1
f7f5d363-14fd-4a9e-a57e-c40a97ad1fff,2,6.0,tablet,social,0,0,0,0,1,0,1,0,0,0,0,,1
f7fa5fe5-8c4b-40b1-8999-af67d4831ac1,2,30.0,tablet,email,0,0,0,0,1,0,1,0,0,0,0,,1
f818a166-0f52-457c-88e2-d886753ae649,2,17.0,desktop,social,0,0,0,0,1,0,1,0,0,0,0,,1
f8279b35-9b58-4bcb-8870-7f55bcb202cf,2,13.0,mobile,organic,0,0,0,0,1,0,1,0,0,0,0,,1
f8313f61-2af0-4fc1-a2c6-6d56da5f24f5,2,26.0,desktop,paid_search,0,0,0,0,1,0,1,0,0,0,0,,1
f8323c9d-7c52-4f40-be48-147603e72430,2,27.0,mobile,direct,0,0,0,0,1,0,1,0,0,0,0,,1
f83281b3-8415-4d8a-8f63-c9f15e44d1ba,2,5.0,mobile,organic,0,0,0,0,1,0,1,0,0,0,0,,1
f834c45b-ec85-4fce-9b02-566141bfce50,2,29.0,mobile,organic,0,0,0,0,1,0,1,0,0,0,0,,1
f83571bd-5dbd-4362-b6bc-3ade1dcec4cd,2,21.0,desktop,organic,0,0,0,0,1,0,1,0,0,0,0,,1
f841932a-9b26-4fbd-9836-209233e697c9,5,86.0,desktop,social,1,0,1,0,1,0,1,0,0,1,0,price_shock,1
f841f08c-4349-4e81-b911-20106be40673,8,108.0,desktop,paid_search,0,0,0,0,1,0,4,0,0,0,3,poor_recommendations,1
f8473efe-c5aa-4a89-a1e9-ee3fc1386313,6,84.0,mobile,organic,1,0,1,0,0,1,1,1,0,1,0,no_friction,0
f875147b-42bc-40e5-9912-a8292587da65,2,22.0,mobile,social,0,0,0,0,1,0,1,0,0,0,0,,1
f8768cbd-ae71-4e9e-b637-1aa4afdc071d,2,12.0,desktop,paid_search,0,0,0,0,1,0,1,0,0,0,0,,1
f889b09e-9d89-401a-bf3e-5b28bea4ef1f,2,14.0,mobile,organic,0,0,0,0,1,0,1,0,0,0,0,,1
f88a46ec-adcc-4a59-b8a1-e91fab54fca1,2,5.0,tablet,direct,0,0,0,0,1,0,1,0,0,0,0,,1
f88ad854-a9e9-4339-9d82-aa6b5a657f62,2,24.0,mobile,email,0,0,0,0,1,0,1,0,0,0,0,,1
f88fb882-0788-4f4d-b9b4-a2cfbd8e4238,2,16.0,tablet,paid_search,0,0,0,0,1,0,1,0,0,0,0,,1
f8a8db34-b2d3-41ff-a797-42fe1510e30a,2,30.0,mobile,organic,0,0,0,0,1,0,1,0,0,0,0,,1
f8b40bad-f97c-4300-ae97-0edcb348a8c1,7,105.0,mobile,organic,1,0,1,0,1,0,1,1,1,1,0,payment_failure,1
f8ce1ff0-84f3-425d-b6bb-dedc37f62b6d,2,8.0,mobile,organic,0,0,0,0,1,0,1,0,0,0,0,,1
f8dd1b86-a828-4ada-b4ec-1fe01b363cdf,2,11.0,desktop,paid_search,0,0,0,0,1,0,1,0,0,0,0,,1
f8e923fc-4c0c-4ee8-bfbb-f49836719255,8,105.0,mobile,paid_search,0,0,0,0,1,0,4,0,0,0,3,poor_recommendations,1
f8fe4930-fe57-4829-ba38-23fe97745a49,7,108.0,desktop,social,1,0,1,0,1,0,1,1,1,1,0,payment_failure,1
f9033ba1-ea2d-493d-9d8c-7fe0ccfe27a6,2,15.0,tablet,organic,0,0,0,0,1,0,1,0,0,0,0,,1
f90fe7b8-6715-4a63-af91-d9dbe5f0a028,6,112.0,mobile,organic,1,0,1,0,0,1,1,1,0,1,0,post_purchase_anxiety,0
f9233fa4-abc4-41ee-9400-8aa9914ac05a,2,25.0,mobile,social,0,0,0,0,1,0,1,0,0,0,0,,1
f9297c54-77cb-48c9-bc04-3f8836676572,2,12.0,mobile,social,0,0,0,0,1,0,1,0,0,0,0,,1
f93570b5-96a9-40cc-8064-20ac74c512d9,2,16.0,tablet,social,0,0,0,0,1,0,1,0,0,0,0,,1
f945e8fd-c55f-4600-8770-34987811c7d4,2,28.0,tablet,organic,0,0,0,0,1,0,1,0,0,0,0,,1
f946a58e-43b3-4361-9076-6574d96d7b7e,2,6.0,desktop,email,0,0,0,0,1,0,1,0,0,0,0,,1
f94cdcf2-5200-45e0-ae6a-2a26faa3a2d6,6,79.0,mobile,organic,1,0,1,0,0,1,1,1,0,1,0,no_friction,0
f9515254-1cf7-45db-a226-cda024ba7fcf,2,15.0,mobile,social,0,0,0,0,1,0,1,0,0,0,0,,1
f9664d74-e3f5-4708-838b-3676299b50fd,5,98.0,desktop,organic,1,0,1,0,1,0,1,0,0,1,0,price_shock,1
f9749724-23aa-433e-b95d-3f6ab8ba82d4,2,13.0,desktop,social,0,0,0,0,1,0,1,0,0,0,0,,1
f97d4fd2-bdf8-4992-9071-e187ef328e56,5,81.0,mobile,paid_search,1,0,1,0,1,0,1,0,0,1,0,price_shock,1
f9835d8a-704a-4704-855d-1d485e84c8fe,2,22.0,mobile,social,0,0,0,0,1,0,1,0,0,0,0,,1
f99868f9-9de7-41e3-aab8-6f1781c2fcd7,2,15.0,tablet,organic,0,0,0,0,1,0,1,0,0,0,0,,1
f9c22d2e-b0fb-4d97-8120-ed35d525445f,8,115.0,tablet,direct,0,0,0,0,1,0,4,0,0,0,3,poor_recommendations,1
f9cb2458-7ee7-4061-a1b8-6a60843dbd11,2,10.0,mobile,organic,0,0,0,0,1,0,1,0,0,0,0,,1
f9dd554e-1077-41c0-8b8e-132abcc77661,2,7.0,desktop,paid_search,0,0,0,0,1,0,1,0,0,0,0,,1
f9e39019-612b-40aa-9717-a2542e523f68,2,29.0,desktop,social,0,0,0,0,1,0,1,0,0,0,0,,1
f9fa30cc-c902-43ea-97cd-dd20e4910c20,7,147.0,desktop,social,1,0,1,0,1,0,1,1,1,1,0,payment_failure,1
fa088856-a98a-484a-a1fd-deca4a25d758,6,104.0,mobile,organic,1,0,1,0,0,1,1,1,0,1,0,no_friction,0
fa08cccd-af4c-47d9-8744-79553c13bc6b,6,124.0,mobile,organic,1,0,1,0,0,1,1,1,0,1,0,no_friction,0
fa0b1b2d-797f-43e1-b39d-054a4ab68605,6,117.0,mobile,email,1,0,1,0,0,1,1,1,0,1,0,post_purchase_anxiety,0
fa1d0090-cc24-4df7-ae3e-1f5f1c7fc28c,10,234.0,desktop,organic,0,0,0,4,1,0,1,0,0,4,0,unclear_product_info,1
fa2849d9-0b37-481c-8584-e8531bd61aac,2,24.0,tablet,social,0,0,0,0,1,0,1,0,0,0,0,,1
fa2ac857-08a7-467d-9650-f79f152434bd,6,131.0,desktop,direct,1,1,1,0,1,0,1,0,0,1,0,delivery_uncertainty,1
fa325244-e0f1-4902-8bc9-a93cbb63b4df,6,88.0,mobile,paid_search,1,0,1,0,0,1,1,1,0,1,0,no_friction,0
fa3f288d-b852-4643-a9c4-9103da44c132,2,30.0,desktop,organic,0,0,0,0,1,0,1,0,0,0,0,,1
fa5500ca-56cc-4332-aad9-f60ea29a7af4,6,139.0,desktop,social,1,0,1,0,0,1,1,1,0,1,0,no_friction,0
fa705d5a-ed00-4caf-a542-6661c5c70afa,5,76.0,mobile,organic,1,0,1,0,1,0,1,0,0,1,0,price_shock,1
fa82d42e-0ba2-4acf-b100-9422f0e9c3da,7,116.0,mobile,direct,1,0,1,0,1,0,1,1,1,1,0,payment_failure,1
fa8ba17e-ecc1-4be7-889f-257777b674fb,2,26.0,mobile,paid_search,0,0,0,0,1,0,1,0,0,0,0,,1
fa8d75e2-55e0-4172-b27a-251d055dc5e1,6,100.0,desktop,organic,1,0,1,0,0,1,1,1,0,1,0,no_friction,0
fa94c5d6-8f41-4b0b-8b96-8aef62fc8c6f,2,21.0,desktop,organic,0,0,0,0,1,0,1,0,0,0,0,,1
fa95ac01-1851-42eb-a635-bff08edc2655,2,12.0,desktop,organic,0,0,0,0,1,0,1,0,0,0,0,,1
fab6e2d1-44c6-46df-8cea-c5307833ead6,2,27.0,desktop,direct,0,0,0,0,1,0,1,0,0,0,0,,1
fad53133-a21d-4b22-995b-7f9b5289dbca,6,142.0,mobile,email,1,1,1,0,1,0,1,0,0,1,0,delivery_uncertainty,1
fad9ac34-c02f-4437-85ed-b7fe3c7f78b9,2,9.0,mobile,email,0,0,0,0,1,0,1,0,0,0,0,,1
fae97d9c-e9ad-43a6-8087-df0445ab8c52,6,125.0,mobile,social,1,0,1,0,0,1,1,1,0,1,0,no_friction,0
faf13a31-cc79-41db-9885-8b6352c056bd,2,23.0,mobile,organic,0,0,0,0,1,0,1,0,0,0,0,,1
fafca8f0-bdcf-423b-aa1f-f40119e606f4,6,122.0,desktop,organic,1,1,1,0,1,0,1,0,0,1,0,delivery_uncertainty,1
fb0e15e7-3acd-4fe1-b2ad-c7262d2f0ca2,2,13.0,desktop,direct,0,0,0,0,1,0,1,0,0,0,0,,1
fb114440-985a-47ad-9a72-1d59690c6452,6,125.0,mobile,paid_search,1,0,1,0,0,1,1,1,0,1,0,no_friction,0
fb149550-22fe-48f1-9d3a-c79f5fcfade0,2,26.0,mobile,organic,0,0,0,0,1,0,1,0,0,0,0,,1
fb151b0f-ba56-45d6-98e3-f172df7afde6,8,115.0,desktop,direct,0,0,0,0,1,0,4,0,0,0,3,poor_recommendations,1
fb1536cb-467b-48ad-8aaf-f969ea4ce22f,7,103.0,mobile,paid_search,1,0,1,0,1,0,1,1,1,1,0,payment_failure,1
fb160dc9-f139-417b-9b93-263f81fe5369,6,111.0,mobile,organic,1,0,1,0,0,1,1,1,0,1,0,no_friction,0
fb24d52e-b2e9-48be-8b25-0c9c62630e3b,6,123.0,mobile,organic,1,0,1,0,0,1,1,1,0,1,0,no_friction,0
fb2753c7-b295-49fc-b44f-8115f723df9b,6,124.0,desktop,direct,1,0,1,0,0,1,1,1,0,1,0,no_friction,0
fb300401-9b43-478b-9666-3158cb7958d3,7,156.0,desktop,organic,1,0,1,0,1,0,1,1,1,1,0,payment_failure,1
fb467991-9855-44c7-a893-cb0b570c29ce,2,11.0,mobile,social,0,0,0,0,1,0,1,0,0,0,0,,1
fb66981d-e9be-4fc7-af79-2c7999bca5a8,6,115.0,mobile,paid_search,1,1,1,0,1,0,1,0,0,1,0,delivery_uncertainty,1
fb6aa992-a758-4044-918e-a0c18957fd74,2,18.0,mobile,paid_search,0,0,0,0,1,0,1,0,0,0,0,,1
fb6e9498-37c9-41bd-b37c-aac389441648,7,140.0,mobile,paid_search,1,0,1,0,1,0,1,1,1,1,0,payment_failure,1
fb868a8d-9f4f-4498-ba05-6b6c47f40b67,2,15.0,mobile,email,0,0,0,0,1,0,1,0,0,0,0,,1
fb8c5874-173e-4a5f-93ff-418f06d33c4b,6,101.0,mobile,paid_search,1,0,1,0,0,1,1,1,0,1,0,no_friction,0
fb8e6caa-a088-41f2-932c-243a3e92c81e,6,103.0,desktop,organic,1,1,1,0,1,0,1,0,0,1,0,delivery_uncertainty,1
fb992169-dca8-48a5-8c96-ba69f9ce9844,8,80.0,mobile,organic,0,0,0,0,1,0,4,0,0,0,3,poor_recommendations,1
fb9af859-27ec-4ba4-8de4-55d05d50c2ab,2,29.0,mobile,organic,0,0,0,0,1,0,1,0,0,0,0,,1
fb9c81ee-e037-42f2-989f-937a2ce1ea8e,2,12.0,mobile,email,0,0,0,0,1,0,1,0,0,0,0,,1
fba228b5-22c6-4919-b574-ae95d8e8091d,2,9.0,desktop,email,0,0,0,0,1,0,1,0,0,0,0,,1
fbb10375-a9ac-464d-b6db-fa0bec1a136a,2,11.0,desktop,organic,0,0,0,0,1,0,1,0,0,0,0,,1
fbb427bc-136e-44ee-b24e-900e96e1a773,2,9.0,mobile,email,0,0,0,0,1,0,1,0,0,0,0,,1
fbb63187-3c18-448e-a0f6-0f34f7e73549,8,100.0,mobile,paid_search,0,0,0,0,1,0,4,0,0,0,3,poor_recommendations,1
fbba06e6-9f65-493d-9cbb-dc0974aac1ef,2,9.0,mobile,organic,0,0,0,0,1,0,1,0,0,0,0,,1
fbc34dba-b1bf-48c7-a147-40f4f95cb66b,2,29.0,desktop,organic,0,0,0,0,1,0,1,0,0,0,0,,1
fbc67b7f-a093-40a8-9f8b-740382715f0e,6,126.0,mobile,paid_search,1,0,1,0,0,1,1,1,0,1,0,no_friction,0
fbccd73a-06e2-4e5f-96a3-6cee2f8e8ad3,2,6.0,desktop,organic,0,0,0,0,1,0,1,0,0,0,0,,1
fbcdc8de-9215-4464-ad30-01d4078b99f3,2,12.0,mobile,organic,0,0,0,0,1,0,1,0,0,0,0,,1
fbce7900-09cb-4849-9b2b-ab3c7f3d636b,6,108.0,mobile,organic,1,1,1,0,1,0,1,0,0,1,0,delivery_uncertainty,1
fbdb2df1-1a86-4e38-b19c-5cef32519291,10,185.0,mobile,social,0,0,0,4,1,0,1,0,0,4,0,unclear_product_info,1
fbe3f6c4-b59c-4179-8d51-1efc0c565da5,2,20.0,mobile,social,0,0,0,0,1,0,1,0,0,0,0,,1
fbf215e9-0cba-4925-af30-c97c0afb1685,2,29.0,desktop,direct,0,0,0,0,1,0,1,0,0,0,0,,1
fbf4dd4a-789f-4571-a370-97bdce0c6c77,8,103.0,mobile,organic,0,0,0,0,1,0,4,0,0,0,3,poor_recommendations,1
fc08e94d-0db4-473c-ad4d-574f35443cad,6,92.0,mobile,paid_search,1,0,1,0,0,1,1,1,0,1,0,no_friction,0
fc18569c-6b6c-4be6-a258-cddfcd8c21d4,10,193.0,mobile,paid_search,0,0,0,4,1,0,1,0,0,4,0,unclear_product_info,1
fc26870b-3d3e-4bf9-953b-c3c72c2d8265,2,28.0,desktop,organic,0,0,0,0,1,0,1,0,0,0,0,,1
fc3466f4-dda1-44b0-a16f-026a840deffb,2,7.0,mobile,paid_search,0,0,0,0,1,0,1,0,0,0,0,,1
fc430495-c273-4d29-97e5-040e23927219,2,10.0,desktop,social,0,0,0,0,1,0,1,0,0,0,0,,1
fc596b73-1aa4-4b5e-a530-407dc7032630,2,13.0,tablet,email,0,0,0,0,1,0,1,0,0,0,0,,1
fc5ba2ef-1472-4db5-92b2-22b1c10e0f67,8,107.0,tablet,organic,0,0,0,0,1,0,4,0,0,0,3,poor_recommendations,1
fc82d14c-c29e-4282-aca2-d665ff4b138b,2,21.0,desktop,social,0,0,0,0,1,0,1,0,0,0,0,,1
fc873055-8d95-48ba-9044-d20f9aa98741,2,29.0,desktop,organic,0,0,0,0,1,0,1,0,0,0,0,,1
fc8c47cf-90bc-46d4-a119-589a01cf9c8f,2,19.0,mobile,organic,0,0,0,0,1,0,1,0,0,0,0,,1
fc92ebba-8f7e-40f1-9e1f-a0e78cadfd6e,2,10.0,desktop,paid_search,0,0,0,0,1,0,1,0,0,0,0,,1
fca47862-e6f0-4e11-acd8-a6327018fd74,6,117.0,desktop,social,1,0,1,0,0,1,1,1,0,1,0,no_friction,0
fcb6c974-9e31-4f53-b382-04639277f383,2,30.0,mobile,organic,0,0,0,0,1,0,1,0,0,0,0,,1
fcdee63f-f7fd-4a6a-b065-666d8217f8c9,2,20.0,mobile,organic,0,0,0,0,1,0,1,0,0,0,0,,1
fcff3981-c16f-4825-a87c-fd29f3e7a1c0,6,124.0,tablet,email,1,0,1,0,0,1,1,1,0,1,0,post_purchase_anxiety,0
fd25d2ba-8de4-4db1-b5a3-db7f01d1e121,2,16.0,tablet,organic,0,0,0,0,1,0,1,0,0,0,0,,1
fd2e6c28-e8f2-436a-bdde-b364a589cb8a,2,16.0,mobile,email,0,0,0,0,1,0,1,0,0,0,0,,1
fd38eb0f-c22d-43e8-ab12-feedcccbd980,6,148.0,mobile,organic,1,1,1,0,1,0,1,0,0,1,0,delivery_uncertainty,1
fd59138a-02de-463a-86e1-19e263f99ac6,2,30.0,mobile,direct,0,0,0,0,1,0,1,0,0,0,0,,1
fd5c6fb1-03c3-4a2b-b058-a78d2b3bf2fd,2,28.0,desktop,social,0,0,0,0,1,0,1,0,0,0,0,,1
fd6c0740-5ec1-4ede-9a6e-8dff5494d54d,2,10.0,mobile,social,0,0,0,0,1,0,1,0,0,0,0,,1
fd6d1ad0-b52a-4d2e-a1b3-0e7513842288,6,115.0,desktop,paid_search,1,0,1,0,0,1,1,1,0,1,0,no_friction,0
fd721c95-3cc2-4632-800a-c83f9d361152,2,11.0,mobile,organic,0,0,0,0,1,0,1,0,0,0,0,,1
fd75c3cc-12a9-4cb9-bdf3-59270c88c1d8,2,5.0,desktop,direct,0,0,0,0,1,0,1,0,0,0,0,,1
fd881351-5628-4b7a-a0df-e1100d820251,6,98.0,mobile,paid_search,1,0,1,0,0,1,1,1,0,1,0,post_purchase_anxiety,0
fd8e01d3-d5ba-4818-bcbe-1dbb96cb58f5,2,20.0,mobile,organic,0,0,0,0,1,0,1,0,0,0,0,,1
fd97d7ca-238d-4e11-aac0-110442a50061,8,128.0,mobile,social,0,0,0,0,1,0,4,0,0,0,3,poor_recommendations,1
fdd7b6ae-ce21-4d43-aba3-09fc5072f3d9,2,7.0,desktop,organic,0,0,0,0,1,0,1,0,0,0,0,,1
fde6ffa8-1c57-4a37-b7c4-670a59da130a,6,117.0,mobile,organic,1,0,1,0,0,1,1,1,0,1,0,no_friction,0
fe028388-b167-4576-9590-065541e86eb4,2,5.0,mobile,organic,0,0,0,0,1,0,1,0,0,0,0,,1
fe0e64be-0d82-45ce-ae31-c4240033611e,5,73.0,mobile,organic,1,0,1,0,1,0,1,0,0,1,0,price_shock,1
fe0f9857-de17-45da-955b-397065058f36,2,8.0,desktop,organic,0,0,0,0,1,0,1,0,0,0,0,,1
fe133a28-d517-410b-9e42-5ac0bc268650,6,104.0,mobile,email,1,0,1,0,0,1,1,1,0,1,0,no_friction,0
fe2bfc04-e5ea-4052-a499-52c4334b90fd,6,109.0,mobile,organic,1,0,1,0,0,1,1,1,0,1,0,no_friction,0
fe2cee8d-be7b-46a7-be5f-be1e59e87949,2,5.0,desktop,social,0,0,0,0,1,0,1,0,0,0,0,,1
fe2ebe3c-df3c-4681-9fe5-72904bec671b,8,103.0,mobile,organic,0,0,0,0,1,0,4,0,0,0,3,poor_recommendations,1
fe40f9f0-daaa-4780-b8c6-f859128dd7db,2,14.0,desktop,email,0,0,0,0,1,0,1,0,0,0,0,,1
fe54c26e-3627-403f-8195-accf444201b8,2,22.0,desktop,paid_search,0,0,0,0,1,0,1,0,0,0,0,,1
fe5a8554-eb3c-4daa-9a4f-44470e944fd5,2,22.0,mobile,organic,0,0,0,0,1,0,1,0,0,0,0,,1
fe62baeb-8276-4bd3-8fcf-26836925ae98,7,110.0,mobile,social,1,0,1,0,1,0,1,1,1,1,0,payment_failure,1
fe6402a5-4662-4659-a7b0-b39c203deed5,2,10.0,desktop,paid_search,0,0,0,0,1,0,1,0,0,0,0,,1
fe882849-dcfe-4221-8340-04a88516565e,10,249.0,mobile,direct,0,0,0,4,1,0,1,0,0,4,0,unclear_product_info,1
fe950cfe-0c93-4129-a5e2-0f203b9bdd6b,6,124.0,mobile,paid_search,1,0,1,0,0,1,1,1,0,1,0,no_friction,0
fe9fd86b-82ea-4527-a4ce-6189ce49fadf,6,81.0,mobile,paid_search,1,0,1,0,0,1,1,1,0,1,0,no_friction,0
fec65b04-5fd4-4466-a759-f32f6af43aa1,2,5.0,mobile,organic,0,0,0,0,1,0,1,0,0,0,0,,1
fede6729-e7b4-472c-abc2-ce0f83ba99c4,2,10.0,desktop,organic,0,0,0,0,1,0,1,0,0,0,0,,1
fee2ba64-1c10-4161-8911-9e06e8cb19e6,7,145.0,desktop,email,1,0,1,0,1,0,1,1,1,1,0,payment_failure,1
ff0c136a-56f8-455b-923f-3b181e2886b4,10,163.0,mobile,organic,0,0,0,4,1,0,1,0,0,4,0,unclear_product_info,1
ff310259-78bc-445c-b18b-7b00488439f7,6,126.0,mobile,organic,1,0,1,0,0,1,1,1,0,1,0,no_friction,0
ff361378-f6dd-412a-8f96-889d480ee7e5,2,17.0,mobile,organic,0,0,0,0,1,0,1,0,0,0,0,,1
ff368c98-deab-480e-9f3f-5f0c5ebe88bf,2,8.0,mobile,social,0,0,0,0,1,0,1,0,0,0,0,,1
ff3e1cc2-0c05-4520-a6be-6c148366c771,6,132.0,mobile,direct,1,1,1,0,1,0,1,0,0,1,0,delivery_uncertainty,1
ff46b49b-9f44-4c8f-872c-b2b9011c98b3,2,27.0,mobile,organic,0,0,0,0,1,0,1,0,0,0,0,,1
ff601147-0cdd-4339-9a36-7dc4e43e295e,2,7.0,mobile,social,0,0,0,0,1,0,1,0,0,0,0,,1
ff639ecd-f592-44be-8fd0-fa6ac6f0c00f,2,10.0,mobile,organic,0,0,0,0,1,0,1,0,0,0,0,,1
ff671511-c5e5-4adb-b8b9-2553469c41c9,2,12.0,tablet,social,0,0,0,0,1,0,1,0,0,0,0,,1
ff677b85-146c-4243-a623-279d53065e69,6,123.0,desktop,organic,1,0,1,0,0,1,1,1,0,1,0,no_friction,0
ff80903e-7d80-4ae8-93c2-c4a96de7c109,2,23.0,desktop,email,0,0,0,0,1,0,1,0,0,0,0,,1
ff95e9a9-0bf0-411d-a303-7f7ac94a7707,2,26.0,tablet,organic,0,0,0,0,1,0,1,0,0,0,0,,1
ffa7e4c6-9601-4462-a7f1-80263f09509e,2,13.0,mobile,social,0,0,0,0,1,0,1,0,0,0,0,,1
ffbac443-c95b-4c35-b9b0-0a4e6a897b3d,2,8.0,mobile,organic,0,0,0,0,1,0,1,0,0,0,0,,1
ffc4c818-ad39-4b8e-88b6-03692fc3a53e,2,9.0,desktop,social,0,0,0,0,1,0,1,0,0,0,0,,1
ffcffbc3-5682-421c-95ce-f72aabc32fe1,5,103.0,mobile,social,1,0,1,0,1,0,1,0,0,1,0,price_shock,1
ffd7e44c-8cc7-4a83-bf61-e230a6ff8f7d,2,22.0,mobile,email,0,0,0,0,1,0,1,0,0,0,0,,1
